1,1,582.38,442.86,88.35,265.22,0.8878,-1,-1,-1
1,2,1337.83,418.67,169.16,365.40,0.8709,-1,-1,-1
1,3,439.15,443.24,111.01,283.22,0.8126,-1,-1,-1
1,4,1455.20,430.98,146.58,334.77,0.7897,-1,-1,-1
1,5,730.74,467.80,35.24,101.98,0.7152,-1,-1,-1
1,6,545.30,448.45,37.51,108.16,0.6776,-1,-1,-1
1,7,1256.10,445.50,36.77,101.89,0.6752,-1,-1,-1
1,8,1015.24,428.61,44.60,102.14,0.6525,-1,-1,-1
1,9,937.00,436.24,36.86,80.30,0.5278,-1,-1,-1
1,10,1080.10,439.43,55.75,155.67,0.5128,-1,-1,-1
1,11,972.23,449.72,37.17,98.99,0.4094,-1,-1,-1
1,12,688.37,480.41,44.18,117.67,0.3792,-1,-1,-1
1,13,1845.51,471.42,64.65,186.10,0.3716,-1,-1,-1
2,1,582.92,442.81,88.32,264.96,0.8686,-1,-1,-1
2,2,1342.85,420.16,169.61,368.34,0.8579,-1,-1,-1
2,3,439.27,441.85,114.12,285.09,0.8315,-1,-1,-1
2,4,1459.15,434.09,142.25,334.01,0.8235,-1,-1,-1
2,5,731.55,470.07,34.56,100.51,0.7120,-1,-1,-1
2,6,545.91,447.56,37.48,109.27,0.6520,-1,-1,-1
2,7,1256.74,446.15,36.41,101.18,0.7070,-1,-1,-1
2,8,1012.51,428.07,46.49,103.34,0.7173,-1,-1,-1
2,9,936.78,436.01,37.41,80.85,0.5356,-1,-1,-1
2,10,1103.81,438.38,34.71,107.30,0.3517,-1,-1,-1
2,11,972.32,448.22,38.24,102.70,0.2946,-1,-1,-1
2,12,689.89,473.17,43.35,122.15,0.3166,-1,-1,-1
2,13,1850.64,475.29,60.19,180.13,0.3244,-1,-1,-1
3,1,583.46,442.84,88.98,264.80,0.8585,-1,-1,-1
3,2,1346.59,419.96,172.85,376.58,0.8892,-1,-1,-1
3,3,438.15,441.84,115.58,286.34,0.8346,-1,-1,-1
3,4,1471.33,433.01,137.64,333.97,0.8367,-1,-1,-1
3,5,732.38,464.79,35.43,103.56,0.7292,-1,-1,-1
3,6,545.82,447.31,37.66,109.12,0.6587,-1,-1,-1
3,7,1256.79,445.70,36.59,101.46,0.6975,-1,-1,-1
3,8,1012.23,428.28,46.57,102.76,0.7135,-1,-1,-1
3,9,936.84,436.13,37.36,81.01,0.5658,-1,-1,-1
3,11,971.40,448.85,40.09,109.84,0.3014,-1,-1,-1
3,12,686.79,472.30,43.65,119.22,0.2746,-1,-1,-1
3,13,1852.45,480.35,57.75,175.00,0.2791,-1,-1,-1
3,14,1092.66,438.21,45.60,151.57,0.4010,-1,-1,-1
3,15,1099.54,437.33,38.51,111.89,0.3633,-1,-1,-1
4,1,583.18,443.08,89.37,264.35,0.8439,-1,-1,-1
4,2,1350.61,419.98,172.82,379.02,0.9002,-1,-1,-1
4,3,439.08,441.21,118.28,287.52,0.8384,-1,-1,-1
4,4,1479.52,433.37,132.87,332.33,0.8036,-1,-1,-1
4,5,732.48,469.57,35.03,100.90,0.7354,-1,-1,-1
4,6,544.98,444.40,39.83,112.69,0.6316,-1,-1,-1
4,7,1256.93,445.53,36.92,101.79,0.7092,-1,-1,-1
4,8,1010.91,427.17,47.80,103.18,0.6776,-1,-1,-1
4,9,936.85,435.93,37.61,81.50,0.5508,-1,-1,-1
4,11,975.25,450.39,36.47,99.70,0.3223,-1,-1,-1
4,13,1853.55,484.47,56.50,171.29,0.2665,-1,-1,-1
5,1,583.00,444.02,89.32,264.80,0.7976,-1,-1,-1
5,2,1354.32,417.52,174.80,383.12,0.8922,-1,-1,-1
5,3,439.15,440.28,120.69,288.40,0.8381,-1,-1,-1
5,4,1481.91,433.15,127.42,330.55,0.7529,-1,-1,-1
5,5,732.87,472.01,34.75,99.14,0.7330,-1,-1,-1
5,6,543.66,443.55,40.62,113.73,0.6417,-1,-1,-1
5,7,1256.74,445.52,37.14,101.69,0.7183,-1,-1,-1
5,8,1009.84,426.94,48.95,103.46,0.6802,-1,-1,-1
5,9,936.59,435.76,37.40,81.45,0.5911,-1,-1,-1
5,14,1087.10,435.99,50.66,157.80,0.4568,-1,-1,-1
5,15,1097.88,435.50,40.93,116.46,0.3953,-1,-1,-1
6,1,583.08,444.14,89.14,265.02,0.8230,-1,-1,-1
6,2,1359.25,418.34,172.17,382.45,0.8974,-1,-1,-1
6,3,440.21,439.29,122.30,286.96,0.8295,-1,-1,-1
6,4,1491.39,436.94,118.07,323.57,0.7880,-1,-1,-1
6,5,733.25,472.54,34.71,98.08,0.7188,-1,-1,-1
6,6,544.60,444.51,39.75,112.38,0.6102,-1,-1,-1
6,7,1256.76,445.73,36.55,100.82,0.7470,-1,-1,-1
6,8,1009.66,427.13,49.03,103.08,0.6863,-1,-1,-1
6,9,936.40,435.68,37.42,81.56,0.5050,-1,-1,-1
6,13,1852.74,482.94,57.33,172.62,0.2698,-1,-1,-1
6,14,1087.71,436.52,50.36,157.06,0.3715,-1,-1,-1
6,15,1096.65,437.34,42.27,121.43,0.4114,-1,-1,-1
6,16,643.03,447.36,62.54,200.80,0.4009,-1,-1,-1
7,1,583.37,444.03,89.05,265.08,0.8464,-1,-1,-1
7,2,1367.77,418.69,165.79,380.02,0.9025,-1,-1,-1
7,3,440.37,439.96,123.31,286.87,0.8264,-1,-1,-1
7,4,1497.08,441.40,115.47,320.94,0.7763,-1,-1,-1
7,5,732.77,472.70,35.16,98.82,0.7328,-1,-1,-1
7,6,544.65,443.44,39.67,112.78,0.5296,-1,-1,-1
7,7,1257.05,445.77,35.76,100.19,0.7380,-1,-1,-1
7,8,1010.46,427.71,49.16,102.65,0.6616,-1,-1,-1
7,9,935.95,435.56,37.07,81.50,0.5576,-1,-1,-1
7,13,1836.56,480.88,53.82,163.38,0.2997,-1,-1,-1
7,14,1087.70,436.58,50.63,157.59,0.4845,-1,-1,-1
7,15,1097.59,435.53,41.43,118.47,0.3307,-1,-1,-1
7,16,643.02,451.82,62.36,197.45,0.4896,-1,-1,-1
8,1,583.57,443.34,89.11,265.30,0.8537,-1,-1,-1
8,2,1381.59,420.64,155.68,376.21,0.9021,-1,-1,-1
8,3,440.95,440.65,125.44,287.54,0.8256,-1,-1,-1
8,4,1498.88,436.37,119.87,327.02,0.7230,-1,-1,-1
8,5,732.14,471.25,35.77,100.94,0.7320,-1,-1,-1
8,6,545.35,443.29,39.15,113.02,0.5416,-1,-1,-1
8,7,1256.34,446.15,35.00,99.50,0.7232,-1,-1,-1
8,8,1011.00,428.13,48.31,101.93,0.5950,-1,-1,-1
8,9,935.67,435.46,35.94,80.61,0.5031,-1,-1,-1
8,13,1842.87,479.60,57.35,171.28,0.3785,-1,-1,-1
8,14,1090.69,437.71,48.53,155.47,0.4015,-1,-1,-1
8,15,1098.43,435.74,40.51,116.40,0.3297,-1,-1,-1
8,16,643.62,453.69,61.22,195.46,0.4371,-1,-1,-1
9,1,583.52,442.96,88.88,265.35,0.8700,-1,-1,-1
9,2,1396.95,420.72,146.46,373.89,0.9021,-1,-1,-1
9,3,441.90,440.06,126.37,286.48,0.8365,-1,-1,-1
9,4,1500.27,433.33,119.00,329.75,0.7057,-1,-1,-1
9,5,731.92,468.68,35.88,103.44,0.7641,-1,-1,-1
9,6,545.90,443.95,38.25,112.56,0.4373,-1,-1,-1
9,7,1256.05,446.18,34.65,99.35,0.7461,-1,-1,-1
9,8,1011.58,428.57,47.61,101.21,0.6335,-1,-1,-1
9,9,935.07,435.40,35.56,80.36,0.5455,-1,-1,-1
9,13,1847.27,481.19,58.24,172.78,0.3293,-1,-1,-1
9,14,1091.86,439.25,47.19,154.77,0.3644,-1,-1,-1
9,15,1085.39,439.75,48.78,140.04,0.4555,-1,-1,-1
9,16,645.01,457.36,60.50,192.94,0.5127,-1,-1,-1
9,17,375.66,444.18,23.22,60.22,0.2501,-1,-1,-1
9,18,1376.47,433.95,45.20,128.85,0.5391,-1,-1,-1
10,1,583.72,442.86,88.71,265.27,0.8780,-1,-1,-1
10,2,1411.82,419.30,137.08,371.42,0.8595,-1,-1,-1
10,3,442.71,439.53,127.84,286.23,0.8391,-1,-1,-1
10,4,1510.97,433.39,112.47,329.50,0.7523,-1,-1,-1
10,5,731.57,465.91,36.04,106.02,0.7707,-1,-1,-1
10,6,544.81,441.88,39.64,114.99,0.4873,-1,-1,-1
10,7,1256.12,446.06,34.76,99.53,0.7441,-1,-1,-1
10,8,1012.74,429.36,46.81,100.54,0.6838,-1,-1,-1
10,9,934.71,435.50,35.80,80.64,0.6298,-1,-1,-1
10,13,1848.38,480.89,59.38,174.61,0.3292,-1,-1,-1
10,14,1094.27,439.28,45.25,151.66,0.2702,-1,-1,-1
10,15,1080.87,439.60,52.83,151.70,0.5558,-1,-1,-1
10,16,649.08,460.87,57.97,187.65,0.3314,-1,-1,-1
10,17,375.92,443.87,23.58,60.33,0.2569,-1,-1,-1
10,18,1377.61,434.23,48.25,129.84,0.6592,-1,-1,-1
11,1,583.85,442.85,88.87,265.67,0.8819,-1,-1,-1
11,2,1424.77,419.29,128.16,369.52,0.8710,-1,-1,-1
11,3,442.35,440.34,128.21,286.08,0.8296,-1,-1,-1
11,4,1525.67,433.58,104.95,326.50,0.8121,-1,-1,-1
11,5,731.53,466.90,35.94,106.43,0.7654,-1,-1,-1
11,6,544.06,441.49,40.42,116.47,0.4575,-1,-1,-1
11,7,1256.35,446.16,34.73,99.53,0.7551,-1,-1,-1
11,8,1012.35,430.23,46.43,100.10,0.7019,-1,-1,-1
11,9,934.36,435.56,35.47,80.61,0.6057,-1,-1,-1
11,13,1849.14,480.10,59.74,175.83,0.3319,-1,-1,-1
11,14,1095.30,440.45,44.13,151.50,0.2877,-1,-1,-1
11,15,1079.83,438.55,54.91,158.05,0.5660,-1,-1,-1
11,16,650.94,461.33,57.68,187.66,0.5095,-1,-1,-1
11,18,1379.21,435.25,49.42,128.77,0.6878,-1,-1,-1
11,19,708.96,454.64,24.96,80.18,0.3503,-1,-1,-1
12,1,583.90,442.70,89.26,266.17,0.8654,-1,-1,-1
12,2,1435.45,419.28,121.26,368.61,0.7989,-1,-1,-1
12,3,440.72,442.12,127.68,284.95,0.8086,-1,-1,-1
12,4,1534.20,434.96,100.38,327.30,0.8325,-1,-1,-1
12,5,731.24,466.46,36.03,107.34,0.7791,-1,-1,-1
12,6,543.17,437.74,42.41,120.40,0.2519,-1,-1,-1
12,7,1255.84,446.35,34.38,99.12,0.7483,-1,-1,-1
12,8,1014.29,431.25,44.60,98.63,0.5774,-1,-1,-1
12,9,934.27,435.43,35.33,80.55,0.5483,-1,-1,-1
12,13,1849.55,481.22,59.74,175.52,0.3406,-1,-1,-1
12,15,1079.41,439.08,55.63,160.59,0.5586,-1,-1,-1
12,16,653.11,461.63,57.15,188.44,0.3907,-1,-1,-1
12,18,1381.38,433.81,49.94,128.32,0.4418,-1,-1,-1
12,19,710.21,456.15,23.56,78.51,0.3109,-1,-1,-1
13,1,584.05,442.98,89.71,266.61,0.8724,-1,-1,-1
13,2,1448.03,419.20,118.30,369.05,0.8185,-1,-1,-1
13,3,440.74,444.04,127.54,284.03,0.8092,-1,-1,-1
13,4,1539.01,429.15,104.11,337.15,0.7113,-1,-1,-1
13,5,730.56,465.68,36.17,108.48,0.7672,-1,-1,-1
13,6,542.60,437.91,43.92,120.56,0.2928,-1,-1,-1
13,7,1256.07,446.18,34.30,99.05,0.7345,-1,-1,-1
13,8,1015.83,432.23,42.72,97.07,0.6258,-1,-1,-1
13,9,934.13,435.52,35.32,80.46,0.5349,-1,-1,-1
13,13,1850.31,480.02,59.73,176.41,0.3297,-1,-1,-1
13,14,1096.09,441.66,42.86,151.07,0.2721,-1,-1,-1
13,15,1079.05,437.97,55.68,162.22,0.5631,-1,-1,-1
13,18,1382.68,433.12,49.52,127.70,0.5889,-1,-1,-1
13,19,710.99,457.27,22.35,76.30,0.2955,-1,-1,-1
14,1,583.87,442.68,90.43,266.76,0.8714,-1,-1,-1
14,2,1460.20,417.29,123.01,374.74,0.8595,-1,-1,-1
14,3,440.48,444.86,126.16,284.00,0.8305,-1,-1,-1
14,4,1554.68,428.07,116.05,350.59,0.6663,-1,-1,-1
14,5,729.98,463.67,36.45,110.54,0.7983,-1,-1,-1
14,6,542.12,438.02,45.00,120.67,0.3011,-1,-1,-1
14,7,1256.12,446.20,34.02,99.00,0.7426,-1,-1,-1
14,8,1014.89,432.06,43.45,97.30,0.6173,-1,-1,-1
14,9,934.48,435.71,35.04,80.40,0.5356,-1,-1,-1
14,12,662.38,460.37,60.56,177.83,0.3057,-1,-1,-1
14,13,1851.21,478.02,58.78,177.47,0.3729,-1,-1,-1
14,15,1080.97,437.08,55.18,163.15,0.6325,-1,-1,-1
14,16,666.38,450.89,58.62,171.99,0.3844,-1,-1,-1
14,18,1385.81,432.00,49.99,128.50,0.6379,-1,-1,-1
14,19,710.13,456.59,22.77,77.17,0.3652,-1,-1,-1
15,1,583.56,442.58,90.56,266.80,0.8758,-1,-1,-1
15,2,1465.56,425.43,132.01,374.16,0.7760,-1,-1,-1
15,3,441.15,445.74,125.33,284.81,0.8191,-1,-1,-1
15,4,1561.36,426.10,128.38,358.74,0.7560,-1,-1,-1
15,5,729.45,463.26,36.85,111.31,0.7606,-1,-1,-1
15,6,541.87,438.69,44.26,119.79,0.3215,-1,-1,-1
15,7,1255.50,446.66,33.31,98.67,0.7407,-1,-1,-1
15,8,1016.24,433.14,42.33,96.07,0.3875,-1,-1,-1
15,9,933.60,435.49,35.11,80.63,0.5448,-1,-1,-1
15,12,661.93,461.16,60.44,182.28,0.3348,-1,-1,-1
15,13,1852.76,481.75,57.34,175.16,0.3679,-1,-1,-1
15,14,1099.40,432.94,39.47,131.01,0.4322,-1,-1,-1
15,15,1078.24,435.76,56.16,164.01,0.2985,-1,-1,-1
15,16,668.94,451.96,59.51,162.98,0.4063,-1,-1,-1
15,18,1389.64,430.08,49.65,129.22,0.4772,-1,-1,-1
16,1,583.36,442.78,90.28,266.71,0.8740,-1,-1,-1
16,2,1467.13,418.22,141.14,381.40,0.7632,-1,-1,-1
16,3,441.55,447.20,124.24,284.91,0.8141,-1,-1,-1
16,4,1567.77,424.86,143.33,367.54,0.7446,-1,-1,-1
16,5,728.86,464.45,37.23,111.17,0.7501,-1,-1,-1
16,6,541.55,439.97,43.45,118.80,0.4241,-1,-1,-1
16,7,1255.57,446.91,33.89,99.00,0.6388,-1,-1,-1
16,8,1017.16,434.49,41.31,95.29,0.3749,-1,-1,-1
16,9,933.84,435.55,34.88,80.84,0.5017,-1,-1,-1
16,12,657.87,462.33,55.85,185.30,0.3161,-1,-1,-1
16,13,1853.22,482.49,56.31,174.19,0.3213,-1,-1,-1
16,14,1101.22,435.24,36.92,120.45,0.3264,-1,-1,-1
16,15,1076.68,436.41,56.90,163.88,0.3987,-1,-1,-1
16,16,669.22,452.67,60.40,158.89,0.2722,-1,-1,-1
16,18,1395.49,431.69,46.50,127.02,0.4563,-1,-1,-1
17,1,583.17,442.54,90.75,266.79,0.8734,-1,-1,-1
17,2,1467.59,415.90,149.62,384.54,0.8295,-1,-1,-1
17,3,442.32,449.24,123.04,284.86,0.8110,-1,-1,-1
17,4,1576.60,424.36,153.77,371.62,0.7651,-1,-1,-1
17,5,727.58,466.16,37.24,110.92,0.7140,-1,-1,-1
17,6,534.84,470.78,48.15,153.81,0.4110,-1,-1,-1
17,7,1254.89,447.20,33.24,98.43,0.7290,-1,-1,-1
17,8,1016.87,434.32,40.97,95.42,0.3437,-1,-1,-1
17,9,933.71,435.17,34.36,80.79,0.5393,-1,-1,-1
17,12,657.78,459.84,53.98,190.10,0.2815,-1,-1,-1
17,13,1852.96,482.48,56.16,173.93,0.3003,-1,-1,-1
17,14,1101.94,436.21,35.52,115.19,0.2873,-1,-1,-1
17,15,1074.85,435.37,60.08,164.81,0.4551,-1,-1,-1
17,16,669.24,452.92,61.25,156.54,0.3651,-1,-1,-1
17,18,1399.79,432.41,42.99,125.33,0.4952,-1,-1,-1
18,1,583.24,442.71,90.35,266.27,0.8529,-1,-1,-1
18,2,1471.49,424.22,163.46,381.49,0.8128,-1,-1,-1
18,3,443.50,447.95,122.46,286.06,0.8301,-1,-1,-1
18,4,1586.49,425.68,158.35,376.07,0.7707,-1,-1,-1
18,5,726.58,465.82,37.31,111.41,0.7006,-1,-1,-1
18,6,531.97,476.65,48.55,179.18,0.2951,-1,-1,-1
18,7,1254.76,447.37,32.76,98.11,0.7268,-1,-1,-1
18,8,1017.24,434.05,40.64,94.81,0.4465,-1,-1,-1
18,9,933.67,435.10,33.85,80.50,0.5561,-1,-1,-1
18,12,658.03,459.87,51.95,192.44,0.3373,-1,-1,-1
18,13,1851.99,480.44,56.63,175.18,0.4147,-1,-1,-1
18,14,1102.21,438.59,34.65,111.09,0.2562,-1,-1,-1
18,15,1076.14,436.48,59.21,164.11,0.4891,-1,-1,-1
18,16,668.26,454.41,61.11,154.75,0.3292,-1,-1,-1
19,1,584.80,442.91,90.82,267.36,0.8371,-1,-1,-1
19,2,1476.50,417.65,181.97,392.15,0.8320,-1,-1,-1
19,3,446.08,447.21,123.13,286.94,0.8045,-1,-1,-1
19,4,1597.01,427.13,156.87,376.31,0.7334,-1,-1,-1
19,5,726.45,467.33,38.25,110.76,0.5477,-1,-1,-1
19,7,1254.48,447.14,32.30,97.92,0.7518,-1,-1,-1
19,8,1017.29,433.85,40.52,95.02,0.6031,-1,-1,-1
19,9,933.76,435.26,33.36,80.44,0.6222,-1,-1,-1
19,13,1847.81,478.21,60.04,177.13,0.2881,-1,-1,-1
19,14,1102.71,439.96,33.81,108.34,0.3187,-1,-1,-1
19,15,1076.20,436.53,60.13,163.23,0.3384,-1,-1,-1
20,1,586.01,442.78,92.39,268.54,0.8364,-1,-1,-1
20,2,1475.51,412.59,194.90,397.07,0.4687,-1,-1,-1
20,3,451.03,446.35,122.00,287.67,0.8226,-1,-1,-1
20,4,1597.07,434.92,161.31,373.57,0.6909,-1,-1,-1
20,5,725.73,466.65,39.23,111.23,0.4725,-1,-1,-1
20,7,1253.79,447.10,32.09,97.57,0.7205,-1,-1,-1
20,8,1017.76,433.50,40.43,95.21,0.6642,-1,-1,-1
20,9,933.66,435.54,33.04,80.47,0.5710,-1,-1,-1
20,13,1849.70,480.88,59.34,175.75,0.2989,-1,-1,-1
20,14,1103.69,441.37,32.77,106.65,0.3594,-1,-1,-1
20,15,1077.31,436.44,60.06,161.96,0.3110,-1,-1,-1
20,18,1415.10,452.09,38.08,110.69,0.3396,-1,-1,-1
20,20,1163.27,439.29,27.77,87.90,0.4426,-1,-1,-1
21,1,586.83,442.54,94.79,269.53,0.8433,-1,-1,-1
21,2,1475.34,412.38,208.28,404.09,0.8704,-1,-1,-1
21,3,454.30,444.90,120.57,288.67,0.8325,-1,-1,-1
21,4,1612.59,431.83,156.57,374.56,0.7654,-1,-1,-1
21,5,726.11,460.92,39.51,108.10,0.3917,-1,-1,-1
21,7,1253.59,447.07,31.92,97.48,0.7268,-1,-1,-1
21,8,1018.30,433.00,40.06,95.25,0.6377,-1,-1,-1
21,9,934.19,436.15,32.79,80.37,0.5807,-1,-1,-1
21,11,1000.46,452.75,22.35,63.32,0.3652,-1,-1,-1
21,13,1851.72,491.91,57.81,168.51,0.2661,-1,-1,-1
21,14,1103.07,441.79,32.61,105.94,0.3699,-1,-1,-1
21,15,1082.99,432.21,56.07,148.98,0.2587,-1,-1,-1
21,18,1418.84,452.54,37.23,107.31,0.3972,-1,-1,-1
21,20,1163.26,439.33,27.86,87.73,0.4551,-1,-1,-1
22,1,587.55,442.51,97.37,270.64,0.8374,-1,-1,-1
22,2,1477.04,410.59,221.59,410.52,0.8387,-1,-1,-1
22,3,455.13,444.52,120.18,289.34,0.8301,-1,-1,-1
22,4,1624.94,428.78,148.28,375.79,0.7205,-1,-1,-1
22,5,725.32,461.64,41.43,111.44,0.4983,-1,-1,-1
22,7,1253.28,446.32,32.11,97.70,0.7258,-1,-1,-1
22,8,1018.50,433.09,39.84,95.02,0.6956,-1,-1,-1
22,9,933.79,436.13,32.54,79.99,0.6036,-1,-1,-1
22,11,1002.37,453.49,21.23,63.29,0.4518,-1,-1,-1
22,13,1852.66,489.35,56.45,168.26,0.3337,-1,-1,-1
22,15,1081.02,437.55,55.80,152.00,0.5270,-1,-1,-1
22,18,1420.38,448.56,39.32,109.37,0.4740,-1,-1,-1
22,20,1163.32,439.59,27.39,86.96,0.3879,-1,-1,-1
23,1,588.06,442.42,99.32,271.61,0.8330,-1,-1,-1
23,2,1469.14,406.69,216.85,406.94,0.7056,-1,-1,-1
23,3,458.40,444.76,119.45,288.81,0.8417,-1,-1,-1
23,4,1638.20,426.37,145.20,377.45,0.7606,-1,-1,-1
23,5,723.80,461.92,44.02,113.93,0.5696,-1,-1,-1
23,7,1252.93,446.40,31.92,97.45,0.7133,-1,-1,-1
23,8,1018.57,432.58,39.65,94.80,0.6105,-1,-1,-1
23,9,933.81,436.46,32.20,79.47,0.5980,-1,-1,-1
23,11,1003.37,454.30,20.62,63.09,0.3802,-1,-1,-1
23,13,1847.50,480.99,60.30,173.20,0.4117,-1,-1,-1
23,14,1102.15,445.36,32.76,101.19,0.2735,-1,-1,-1
23,15,1082.09,440.80,54.62,152.97,0.5169,-1,-1,-1
23,18,1421.77,443.31,44.32,114.25,0.5936,-1,-1,-1
23,20,1163.55,439.92,26.92,86.34,0.3631,-1,-1,-1
24,1,588.37,442.34,100.57,272.14,0.8341,-1,-1,-1
24,2,1480.89,407.86,223.72,412.10,0.7403,-1,-1,-1
24,3,462.15,444.70,117.88,288.71,0.8235,-1,-1,-1
24,4,1643.37,424.86,137.06,378.49,0.6777,-1,-1,-1
24,5,721.62,464.52,46.49,113.77,0.5976,-1,-1,-1
24,7,1252.67,446.01,31.94,97.53,0.7096,-1,-1,-1
24,8,1018.82,432.95,39.26,94.29,0.5631,-1,-1,-1
24,9,933.82,436.69,31.97,79.08,0.5559,-1,-1,-1
24,11,1003.58,454.71,20.04,62.19,0.4222,-1,-1,-1
24,12,662.81,458.26,58.42,197.24,0.2833,-1,-1,-1
24,13,1847.23,478.27,61.28,176.10,0.4029,-1,-1,-1
24,15,1081.38,440.48,54.55,154.75,0.5718,-1,-1,-1
24,18,1422.50,437.94,50.03,119.42,0.7556,-1,-1,-1
24,20,1163.74,440.01,26.49,85.92,0.3269,-1,-1,-1
25,1,588.68,442.59,101.17,272.84,0.8393,-1,-1,-1
25,2,1487.99,408.08,225.35,415.68,0.7600,-1,-1,-1
25,3,463.25,444.45,117.54,288.52,0.8500,-1,-1,-1
25,4,1656.57,423.80,135.25,380.16,0.7837,-1,-1,-1
25,5,720.07,465.55,49.03,113.41,0.5449,-1,-1,-1
25,7,1251.66,445.82,32.46,97.87,0.7703,-1,-1,-1
25,8,1018.55,434.52,38.32,93.08,0.5729,-1,-1,-1
25,9,934.17,436.95,31.94,79.03,0.5535,-1,-1,-1
25,11,1003.49,454.99,19.41,61.61,0.3314,-1,-1,-1
25,12,663.44,458.63,59.26,195.62,0.3809,-1,-1,-1
25,13,1849.61,478.08,59.87,177.02,0.3306,-1,-1,-1
25,15,1079.99,442.43,54.33,154.61,0.5371,-1,-1,-1
25,18,1422.28,436.39,54.06,121.19,0.6983,-1,-1,-1
26,1,589.22,442.60,100.67,272.45,0.8360,-1,-1,-1
26,2,1499.82,407.18,222.46,418.38,0.6172,-1,-1,-1
26,3,465.39,444.65,117.00,288.22,0.8431,-1,-1,-1
26,4,1661.98,422.00,128.94,380.82,0.7556,-1,-1,-1
26,5,720.35,465.57,50.61,111.84,0.4956,-1,-1,-1
26,7,1251.01,445.58,32.79,97.93,0.7959,-1,-1,-1
26,8,1018.87,436.54,37.82,91.99,0.4553,-1,-1,-1
26,9,934.15,437.26,31.78,78.76,0.4462,-1,-1,-1
26,11,1003.49,455.07,19.04,59.84,0.2754,-1,-1,-1
26,12,664.63,457.82,59.48,193.70,0.5323,-1,-1,-1
26,13,1851.35,480.84,58.14,175.76,0.3280,-1,-1,-1
26,15,1080.84,443.81,53.55,154.11,0.5506,-1,-1,-1
26,18,1422.64,437.23,57.65,121.28,0.6783,-1,-1,-1
26,20,1164.18,440.29,25.57,84.98,0.3024,-1,-1,-1
27,1,589.46,442.96,100.17,273.24,0.8368,-1,-1,-1
27,2,1507.18,404.69,217.91,420.64,0.7726,-1,-1,-1
27,3,467.41,444.81,116.04,287.82,0.8261,-1,-1,-1
27,4,1668.60,422.58,124.24,380.73,0.7374,-1,-1,-1
27,5,720.41,464.61,51.64,110.70,0.4014,-1,-1,-1
27,7,1250.47,445.39,33.13,97.99,0.8021,-1,-1,-1
27,8,1019.23,438.09,37.04,90.99,0.4001,-1,-1,-1
27,9,934.18,437.52,31.72,78.52,0.4371,-1,-1,-1
27,11,1003.84,454.97,18.88,58.27,0.3241,-1,-1,-1
27,12,665.95,458.28,59.10,193.18,0.5470,-1,-1,-1
27,13,1850.91,479.66,57.68,176.72,0.2896,-1,-1,-1
27,15,1081.32,442.98,53.36,154.58,0.5534,-1,-1,-1
27,18,1422.77,436.62,60.41,121.68,0.6844,-1,-1,-1
27,20,1163.74,440.21,25.58,85.09,0.3217,-1,-1,-1
28,1,589.61,443.50,99.35,272.80,0.8464,-1,-1,-1
28,2,1520.36,403.63,207.53,422.44,0.8860,-1,-1,-1
28,3,471.10,445.24,113.24,288.89,0.8402,-1,-1,-1
28,4,1678.77,417.44,124.31,382.19,0.7221,-1,-1,-1
28,5,719.64,463.36,52.49,111.63,0.5117,-1,-1,-1
28,7,1249.94,445.60,33.34,97.93,0.7897,-1,-1,-1
28,8,1018.77,437.24,36.37,90.79,0.5292,-1,-1,-1
28,9,934.19,437.80,31.54,78.23,0.4984,-1,-1,-1
28,12,666.17,458.82,58.11,191.89,0.5244,-1,-1,-1
28,13,1852.22,480.07,56.28,176.46,0.3483,-1,-1,-1
28,15,1080.82,441.40,53.94,155.36,0.5761,-1,-1,-1
28,18,1423.54,435.53,61.69,122.70,0.8199,-1,-1,-1
28,20,1164.14,440.31,25.23,84.95,0.2535,-1,-1,-1
29,1,591.83,443.32,97.70,272.56,0.8389,-1,-1,-1
29,2,1537.33,401.53,193.86,424.03,0.8517,-1,-1,-1
29,3,472.83,445.05,112.34,289.21,0.8585,-1,-1,-1
29,4,1684.12,418.68,128.39,382.43,0.6926,-1,-1,-1
29,5,720.63,462.37,52.15,112.17,0.5918,-1,-1,-1
29,7,1249.74,445.59,33.35,97.84,0.7667,-1,-1,-1
29,8,1019.47,438.85,35.08,89.82,0.3917,-1,-1,-1
29,9,934.17,438.03,31.49,78.00,0.4739,-1,-1,-1
29,12,666.80,459.36,57.44,193.25,0.5215,-1,-1,-1
29,13,1853.18,480.04,55.05,176.28,0.3480,-1,-1,-1
29,15,1080.47,441.83,54.10,155.60,0.6099,-1,-1,-1
29,18,1425.88,435.09,61.07,123.93,0.8373,-1,-1,-1
29,20,1164.15,440.13,25.24,85.12,0.3463,-1,-1,-1
29,21,696.61,446.48,31.44,65.40,0.3314,-1,-1,-1
29,22,1557.08,454.15,28.59,103.37,0.4428,-1,-1,-1
30,1,595.88,443.05,94.54,272.08,0.8121,-1,-1,-1
30,2,1563.22,400.01,181.53,423.93,0.8567,-1,-1,-1
30,3,474.44,444.45,112.01,289.82,0.8539,-1,-1,-1
30,4,1695.87,415.49,153.31,387.15,0.7537,-1,-1,-1
30,5,720.01,464.20,51.55,111.68,0.6092,-1,-1,-1
30,7,1249.62,445.62,33.84,98.61,0.7394,-1,-1,-1
30,9,934.17,439.02,31.35,77.26,0.3547,-1,-1,-1
30,12,668.30,460.73,56.57,193.81,0.4748,-1,-1,-1
30,13,1854.16,483.83,54.09,173.82,0.2615,-1,-1,-1
30,15,1081.35,442.90,53.23,155.13,0.5796,-1,-1,-1
30,18,1429.29,433.01,58.62,124.37,0.7758,-1,-1,-1
30,20,1163.71,440.00,25.32,85.38,0.2623,-1,-1,-1
30,22,1557.15,450.71,30.00,107.40,0.5288,-1,-1,-1
31,1,598.37,442.79,92.82,271.83,0.8086,-1,-1,-1
31,2,1584.34,397.14,172.95,422.04,0.8384,-1,-1,-1
31,3,475.80,443.96,111.90,290.60,0.8706,-1,-1,-1
31,4,1700.40,413.26,174.22,392.68,0.8108,-1,-1,-1
31,5,719.40,463.88,50.87,112.10,0.6283,-1,-1,-1
31,7,1249.49,445.64,34.60,98.79,0.6810,-1,-1,-1
31,9,934.44,438.36,31.37,77.49,0.4955,-1,-1,-1
31,12,671.02,458.37,55.68,195.31,0.4393,-1,-1,-1
31,15,1081.64,440.49,53.47,156.48,0.5387,-1,-1,-1
31,18,1433.96,432.39,55.12,124.66,0.7724,-1,-1,-1
31,20,1163.93,439.90,25.71,85.90,0.3409,-1,-1,-1
31,22,1556.33,444.94,30.50,110.16,0.3537,-1,-1,-1
32,1,600.43,443.74,91.75,271.33,0.8386,-1,-1,-1
32,2,1600.52,399.44,172.02,426.72,0.8839,-1,-1,-1
32,3,477.26,444.26,111.52,292.09,0.8658,-1,-1,-1
32,4,1721.82,412.46,178.09,395.21,0.8173,-1,-1,-1
32,5,719.00,464.39,48.86,111.71,0.5257,-1,-1,-1
32,7,1249.75,445.58,34.17,98.00,0.7174,-1,-1,-1
32,9,934.50,438.31,31.35,77.61,0.5101,-1,-1,-1
32,12,673.86,459.72,53.64,194.55,0.5556,-1,-1,-1
32,13,1867.65,438.10,52.48,199.78,0.2525,-1,-1,-1
32,15,1081.56,438.55,53.92,157.99,0.6034,-1,-1,-1
32,18,1439.98,432.04,51.30,124.41,0.7315,-1,-1,-1
32,20,1163.70,439.82,26.16,86.34,0.3109,-1,-1,-1
32,22,1556.75,459.80,29.66,99.01,0.3343,-1,-1,-1
33,1,601.72,443.58,91.29,270.58,0.8314,-1,-1,-1
33,2,1607.70,398.38,172.03,429.63,0.8481,-1,-1,-1
33,3,477.44,444.27,111.93,293.65,0.8795,-1,-1,-1
33,4,1733.05,406.76,180.62,401.26,0.7165,-1,-1,-1
33,5,716.96,463.03,47.12,112.23,0.4957,-1,-1,-1
33,7,1250.46,445.83,33.75,97.84,0.7551,-1,-1,-1
33,9,934.55,438.25,31.27,77.67,0.5174,-1,-1,-1
33,12,675.33,459.57,53.41,195.03,0.4696,-1,-1,-1
33,15,1082.60,436.46,53.57,158.75,0.4349,-1,-1,-1
33,18,1445.91,430.88,46.75,124.56,0.7061,-1,-1,-1
33,20,1163.63,439.73,26.51,86.70,0.3264,-1,-1,-1
33,22,1557.11,460.43,29.50,96.40,0.2575,-1,-1,-1
34,1,602.89,443.51,90.92,270.31,0.8250,-1,-1,-1
34,2,1618.23,398.19,174.53,432.16,0.8335,-1,-1,-1
34,3,477.84,445.31,111.79,295.96,0.8759,-1,-1,-1
34,4,1740.73,404.68,180.41,407.21,0.4738,-1,-1,-1
34,5,717.20,461.97,44.76,112.71,0.3821,-1,-1,-1
34,7,1251.09,445.88,33.86,97.88,0.7699,-1,-1,-1
34,9,934.26,438.91,31.11,77.26,0.4373,-1,-1,-1
34,12,675.73,459.41,53.70,195.55,0.4666,-1,-1,-1
34,15,1081.99,436.22,53.83,159.29,0.5266,-1,-1,-1
34,16,728.21,459.20,32.84,96.89,0.2614,-1,-1,-1
34,18,1452.63,430.40,42.70,123.90,0.7898,-1,-1,-1
34,20,1164.10,439.76,26.17,86.28,0.3457,-1,-1,-1
34,21,699.51,451.05,29.46,56.28,0.2618,-1,-1,-1
35,1,604.99,443.48,89.35,270.21,0.7995,-1,-1,-1
35,2,1626.53,402.49,179.84,440.93,0.8159,-1,-1,-1
35,3,477.74,445.66,111.75,297.97,0.8704,-1,-1,-1
35,4,1754.02,415.73,173.53,404.35,0.7249,-1,-1,-1
35,5,717.52,463.18,42.72,112.58,0.3463,-1,-1,-1
35,7,1251.27,445.98,33.78,97.90,0.7501,-1,-1,-1
35,9,934.08,439.42,31.20,76.82,0.4589,-1,-1,-1
35,12,674.84,459.19,54.88,196.18,0.4724,-1,-1,-1
35,15,1082.35,437.78,53.31,158.45,0.4741,-1,-1,-1
35,16,730.07,459.01,30.70,82.20,0.2533,-1,-1,-1
35,18,1455.70,430.55,39.34,123.36,0.7140,-1,-1,-1
35,20,1163.79,439.80,26.13,86.06,0.3529,-1,-1,-1
36,1,606.21,443.70,88.62,270.09,0.8076,-1,-1,-1
36,2,1637.50,403.18,193.22,449.98,0.8754,-1,-1,-1
36,3,478.17,446.50,111.39,299.78,0.8739,-1,-1,-1
36,4,1769.68,416.08,163.77,404.38,0.5414,-1,-1,-1
36,5,717.75,462.18,41.44,113.55,0.4069,-1,-1,-1
36,7,1251.40,445.87,33.73,98.14,0.7657,-1,-1,-1
36,9,934.16,439.18,31.20,76.96,0.3443,-1,-1,-1
36,12,674.35,459.72,55.99,196.50,0.5619,-1,-1,-1
36,15,1082.78,439.36,53.18,157.09,0.5305,-1,-1,-1
36,16,730.43,463.44,29.81,84.45,0.3073,-1,-1,-1
36,18,1458.30,431.12,38.10,123.95,0.7762,-1,-1,-1
36,20,1163.59,440.02,26.17,86.07,0.3410,-1,-1,-1
36,21,702.84,452.92,26.99,50.60,0.2696,-1,-1,-1
36,23,1493.51,445.67,33.03,86.52,0.2793,-1,-1,-1
36,24,575.29,441.17,42.23,147.08,0.6324,-1,-1,-1
37,1,607.99,442.92,86.98,271.01,0.7898,-1,-1,-1
37,2,1644.49,400.39,208.45,454.26,0.8594,-1,-1,-1
37,3,478.33,445.68,111.23,298.91,0.8173,-1,-1,-1
37,4,1778.87,418.78,155.31,405.45,0.7315,-1,-1,-1
37,5,717.50,461.54,41.20,114.90,0.5089,-1,-1,-1
37,7,1252.24,445.94,33.02,98.02,0.7320,-1,-1,-1
37,9,934.36,439.10,31.13,77.08,0.4406,-1,-1,-1
37,12,675.87,458.51,57.00,198.15,0.5606,-1,-1,-1
37,15,1083.02,439.01,52.58,157.51,0.5781,-1,-1,-1
37,16,729.62,465.99,30.42,88.54,0.3321,-1,-1,-1
37,18,1459.52,430.99,38.49,124.88,0.7277,-1,-1,-1
37,24,574.69,441.08,42.58,146.37,0.5814,-1,-1,-1
38,1,609.68,443.44,85.99,271.24,0.8276,-1,-1,-1
38,2,1649.52,401.77,227.10,463.53,0.8834,-1,-1,-1
38,3,478.12,445.31,111.20,297.78,0.8239,-1,-1,-1
38,4,1791.90,413.32,144.34,407.83,0.4145,-1,-1,-1
38,5,716.94,462.19,41.37,115.19,0.4296,-1,-1,-1
38,7,1252.90,445.87,32.35,97.81,0.7297,-1,-1,-1
38,8,1007.53,442.82,39.04,86.10,0.2917,-1,-1,-1
38,9,934.55,439.09,31.08,77.06,0.4283,-1,-1,-1
38,12,678.72,456.92,56.77,200.04,0.2875,-1,-1,-1
38,13,1877.57,382.99,45.35,176.25,0.2532,-1,-1,-1
38,15,1084.11,437.70,52.09,157.93,0.4219,-1,-1,-1
38,16,731.33,468.22,29.44,90.68,0.3372,-1,-1,-1
38,18,1460.84,430.51,39.44,125.27,0.7621,-1,-1,-1
38,20,1163.34,439.97,25.99,86.17,0.3359,-1,-1,-1
38,21,707.51,452.30,25.10,46.89,0.3135,-1,-1,-1
38,24,572.58,439.20,43.89,148.52,0.5087,-1,-1,-1
39,1,610.51,443.33,85.00,271.42,0.7859,-1,-1,-1
39,2,1644.69,400.18,234.67,464.45,0.9033,-1,-1,-1
39,3,478.79,444.44,110.91,297.03,0.8641,-1,-1,-1
39,4,1802.66,413.13,133.65,408.62,0.7983,-1,-1,-1
39,5,716.41,466.46,41.04,112.87,0.3599,-1,-1,-1
39,7,1254.28,445.64,32.09,98.12,0.7112,-1,-1,-1
39,9,934.56,438.65,30.94,77.30,0.4857,-1,-1,-1
39,12,678.96,456.79,57.09,201.19,0.2815,-1,-1,-1
39,15,1085.15,436.63,51.67,158.55,0.5793,-1,-1,-1
39,16,732.26,468.29,28.35,90.94,0.4282,-1,-1,-1
39,18,1462.53,429.39,43.63,126.77,0.7361,-1,-1,-1
39,20,1163.32,439.70,26.17,86.60,0.2669,-1,-1,-1
39,21,710.26,453.08,23.20,44.89,0.3989,-1,-1,-1
39,24,574.90,443.12,42.28,144.08,0.5170,-1,-1,-1
40,1,611.26,443.98,85.65,270.89,0.7709,-1,-1,-1
40,2,1646.55,403.59,247.60,472.39,0.9023,-1,-1,-1
40,3,478.94,446.45,110.94,298.89,0.8429,-1,-1,-1
40,4,1813.05,402.18,123.17,412.70,0.7503,-1,-1,-1
40,5,716.18,468.45,40.23,111.09,0.2943,-1,-1,-1
40,7,1255.39,445.72,31.88,98.06,0.7091,-1,-1,-1
40,9,934.73,438.27,30.73,77.59,0.4485,-1,-1,-1
40,15,1084.74,437.69,51.57,158.14,0.4729,-1,-1,-1
40,16,733.09,460.35,28.13,74.64,0.3682,-1,-1,-1
40,18,1463.56,429.23,46.63,127.31,0.7747,-1,-1,-1
40,20,1163.49,439.59,26.38,86.72,0.3301,-1,-1,-1
40,21,711.60,453.11,22.25,44.84,0.4254,-1,-1,-1
40,24,576.53,444.89,41.15,141.61,0.5137,-1,-1,-1
41,1,613.05,444.72,85.58,270.61,0.7980,-1,-1,-1
41,2,1648.27,403.11,257.16,478.53,0.9001,-1,-1,-1
41,3,478.73,447.06,111.12,300.05,0.8636,-1,-1,-1
41,4,1822.84,399.76,112.95,415.34,0.7417,-1,-1,-1
41,5,711.78,456.24,37.59,109.46,0.3877,-1,-1,-1
41,7,1256.22,445.51,32.12,98.21,0.7178,-1,-1,-1
41,8,1004.73,442.51,41.22,84.59,0.3891,-1,-1,-1
41,9,934.73,438.04,30.61,77.86,0.4891,-1,-1,-1
41,12,679.91,456.17,57.96,204.93,0.3066,-1,-1,-1
41,15,1084.51,436.92,51.59,158.37,0.5120,-1,-1,-1
41,16,733.56,467.67,27.95,78.50,0.6328,-1,-1,-1
41,18,1464.85,428.93,48.18,127.55,0.7361,-1,-1,-1
41,20,1163.48,439.47,26.59,86.77,0.3550,-1,-1,-1
41,21,712.85,453.40,22.28,44.57,0.4253,-1,-1,-1
41,24,577.40,446.37,40.57,140.11,0.4279,-1,-1,-1
42,1,614.39,445.25,85.26,270.38,0.8527,-1,-1,-1
42,2,1647.83,400.42,260.05,481.13,0.8859,-1,-1,-1
42,3,478.60,448.96,111.05,303.53,0.8661,-1,-1,-1
42,4,1831.72,396.80,103.28,418.62,0.7460,-1,-1,-1
42,5,710.61,451.74,35.63,107.83,0.2848,-1,-1,-1
42,7,1257.40,444.86,32.93,98.82,0.7065,-1,-1,-1
42,8,1004.10,442.49,42.24,84.14,0.5253,-1,-1,-1
42,9,934.81,438.73,30.44,77.52,0.5061,-1,-1,-1
42,12,685.07,457.94,55.89,204.91,0.3768,-1,-1,-1
42,15,1084.63,439.03,51.37,156.41,0.6012,-1,-1,-1
42,16,734.84,469.63,28.04,82.14,0.6189,-1,-1,-1
42,18,1464.94,429.40,51.30,127.26,0.8335,-1,-1,-1
42,20,1163.65,439.37,26.58,86.87,0.2527,-1,-1,-1
42,21,714.00,453.43,23.11,44.17,0.3813,-1,-1,-1
42,24,578.43,443.47,41.14,142.46,0.4558,-1,-1,-1
42,25,403.14,457.08,49.51,94.06,0.2616,-1,-1,-1
43,1,615.64,443.94,85.34,271.19,0.8173,-1,-1,-1
43,2,1653.03,406.49,260.34,478.32,0.8718,-1,-1,-1
43,3,477.69,449.92,111.31,306.78,0.8766,-1,-1,-1
43,4,1841.35,400.30,93.29,416.97,0.7097,-1,-1,-1
43,5,710.98,449.58,33.96,108.83,0.3900,-1,-1,-1
43,7,1257.43,444.56,33.13,98.85,0.7026,-1,-1,-1
43,8,1003.91,442.25,43.25,83.86,0.4405,-1,-1,-1
43,9,934.80,438.47,30.43,77.66,0.5010,-1,-1,-1
43,12,685.77,456.33,55.32,206.29,0.2898,-1,-1,-1
43,15,1085.82,440.65,50.61,154.83,0.4771,-1,-1,-1
43,16,736.79,467.70,27.80,83.54,0.4167,-1,-1,-1
43,18,1466.77,429.60,51.31,126.87,0.7491,-1,-1,-1
43,20,1163.89,439.61,26.27,86.69,0.2606,-1,-1,-1
43,21,714.99,454.57,24.38,49.43,0.3759,-1,-1,-1
43,24,579.73,438.91,41.92,146.27,0.4537,-1,-1,-1
43,25,405.18,459.01,48.64,93.78,0.3174,-1,-1,-1
44,1,616.15,443.38,85.35,271.73,0.8608,-1,-1,-1
44,2,1663.96,400.95,256.86,482.89,0.8779,-1,-1,-1
44,3,477.34,449.94,111.70,309.46,0.8744,-1,-1,-1
44,4,1851.73,410.46,82.87,408.83,0.4169,-1,-1,-1
44,7,1257.68,444.67,33.73,98.99,0.7089,-1,-1,-1
44,8,1004.51,442.51,44.23,83.71,0.5563,-1,-1,-1
44,9,934.76,439.38,30.47,77.16,0.5079,-1,-1,-1
44,12,688.44,455.76,53.74,207.29,0.3675,-1,-1,-1
44,15,1085.12,441.90,50.49,154.44,0.5046,-1,-1,-1
44,16,738.01,466.97,27.32,85.98,0.5209,-1,-1,-1
44,18,1469.31,429.97,50.29,126.33,0.7126,-1,-1,-1
44,21,716.09,452.04,23.93,48.45,0.2995,-1,-1,-1
44,24,580.29,433.84,43.41,151.54,0.3639,-1,-1,-1
44,25,405.40,461.09,47.55,94.90,0.3542,-1,-1,-1
45,1,617.99,443.40,86.76,272.04,0.8591,-1,-1,-1
45,2,1679.61,396.31,245.74,485.73,0.7897,-1,-1,-1
45,3,476.97,449.29,111.81,311.59,0.8654,-1,-1,-1
45,7,1257.80,444.95,33.70,98.90,0.7420,-1,-1,-1
45,8,1004.29,441.83,44.00,83.00,0.3536,-1,-1,-1
45,9,934.56,438.96,30.53,77.32,0.5208,-1,-1,-1
45,15,1084.44,442.55,51.37,153.90,0.4484,-1,-1,-1
45,16,738.42,464.80,27.10,88.58,0.3225,-1,-1,-1
45,18,1474.99,430.73,47.10,125.55,0.6852,-1,-1,-1
45,20,1163.98,439.72,25.84,86.52,0.2546,-1,-1,-1
45,21,715.89,451.82,23.90,48.39,0.2736,-1,-1,-1
45,24,579.79,434.04,44.29,152.92,0.4410,-1,-1,-1
45,25,405.71,460.25,46.97,94.50,0.3789,-1,-1,-1
46,1,618.12,443.17,87.65,272.31,0.8453,-1,-1,-1
46,2,1693.55,390.24,229.08,486.95,0.7643,-1,-1,-1
46,3,476.35,447.79,111.97,314.27,0.8487,-1,-1,-1
46,7,1258.04,445.16,33.44,98.70,0.7001,-1,-1,-1
46,8,1004.02,442.42,43.10,82.21,0.5287,-1,-1,-1
46,9,934.46,439.62,30.49,76.82,0.5321,-1,-1,-1
46,15,1085.33,442.96,50.60,152.67,0.4745,-1,-1,-1
46,16,739.14,463.99,26.95,89.97,0.2729,-1,-1,-1
46,18,1480.17,430.64,43.79,124.22,0.6995,-1,-1,-1
46,24,579.33,433.77,44.21,153.45,0.5458,-1,-1,-1
46,25,405.12,459.67,47.01,94.12,0.3376,-1,-1,-1
47,1,618.29,443.29,88.69,272.33,0.8462,-1,-1,-1
47,2,1715.67,387.10,213.04,488.94,0.7545,-1,-1,-1
47,3,476.14,446.84,112.16,316.11,0.8443,-1,-1,-1
47,5,713.81,440.73,32.32,92.71,0.2671,-1,-1,-1
47,7,1258.53,444.87,33.40,99.03,0.6855,-1,-1,-1
47,8,1004.45,443.04,42.81,82.53,0.5393,-1,-1,-1
47,9,934.49,439.47,30.59,76.95,0.5254,-1,-1,-1
47,12,690.93,454.52,54.47,210.00,0.5107,-1,-1,-1
47,15,1084.42,443.50,50.15,152.44,0.5274,-1,-1,-1
47,16,739.58,463.78,27.11,91.52,0.4919,-1,-1,-1
47,18,1485.42,431.04,40.68,122.83,0.7111,-1,-1,-1
47,21,717.64,451.43,24.45,49.49,0.2984,-1,-1,-1
47,24,579.20,433.42,44.48,153.91,0.5672,-1,-1,-1
47,25,405.71,459.36,47.26,94.72,0.3072,-1,-1,-1
47,26,1703.04,426.05,75.28,216.77,0.3844,-1,-1,-1
48,1,618.54,444.52,89.06,271.54,0.8521,-1,-1,-1
48,2,1750.48,384.24,190.93,487.50,0.8541,-1,-1,-1
48,3,474.52,444.06,113.28,318.79,0.8482,-1,-1,-1
48,7,1259.20,443.70,34.11,100.09,0.7580,-1,-1,-1
48,8,1004.85,443.31,42.05,82.70,0.4478,-1,-1,-1
48,9,934.68,438.87,30.59,77.36,0.4985,-1,-1,-1
48,12,690.80,453.69,56.94,211.12,0.4339,-1,-1,-1
48,15,1084.86,443.16,49.78,151.69,0.5052,-1,-1,-1
48,16,740.49,463.40,27.58,93.04,0.3669,-1,-1,-1
48,17,374.74,444.06,30.55,62.84,0.2614,-1,-1,-1
48,18,1491.02,429.21,37.56,123.02,0.3963,-1,-1,-1
48,20,1163.67,439.92,25.91,86.66,0.2554,-1,-1,-1
48,21,719.38,450.36,24.80,50.27,0.2582,-1,-1,-1
48,24,578.20,435.43,44.39,152.89,0.5582,-1,-1,-1
48,25,406.31,459.32,47.38,94.77,0.3091,-1,-1,-1
49,1,619.07,444.90,89.70,271.01,0.8423,-1,-1,-1
49,2,1771.40,385.17,172.48,488.91,0.8844,-1,-1,-1
49,3,474.20,442.37,113.87,320.56,0.8563,-1,-1,-1
49,7,1259.87,443.75,34.54,100.52,0.7983,-1,-1,-1
49,8,1006.60,443.28,42.83,82.90,0.4809,-1,-1,-1
49,9,934.79,438.22,30.62,77.94,0.5733,-1,-1,-1
49,12,691.38,452.64,59.78,212.32,0.5156,-1,-1,-1
49,15,1085.49,440.96,49.59,151.93,0.5050,-1,-1,-1
49,16,741.36,461.43,28.19,94.56,0.3147,-1,-1,-1
49,20,1163.60,439.66,26.08,86.78,0.4038,-1,-1,-1
49,24,577.71,437.24,44.67,151.81,0.6288,-1,-1,-1
49,25,408.41,460.22,46.62,94.83,0.3149,-1,-1,-1
50,1,619.52,445.71,90.59,270.41,0.8435,-1,-1,-1
50,2,1787.00,387.26,156.19,490.09,0.8754,-1,-1,-1
50,3,474.08,441.69,113.91,321.79,0.8592,-1,-1,-1
50,7,1259.75,443.79,35.05,100.79,0.7866,-1,-1,-1
50,8,1008.24,443.15,42.75,83.02,0.4614,-1,-1,-1
50,9,935.10,438.06,30.52,78.19,0.6091,-1,-1,-1
50,12,691.40,452.88,61.26,212.62,0.4899,-1,-1,-1
50,15,1085.13,440.87,49.94,151.38,0.5809,-1,-1,-1
50,16,742.78,457.58,29.20,96.61,0.3334,-1,-1,-1
50,18,1498.87,433.64,37.20,121.01,0.4861,-1,-1,-1
50,20,1163.68,439.38,26.27,86.92,0.4104,-1,-1,-1
50,21,721.02,449.95,24.66,50.16,0.2719,-1,-1,-1
50,24,578.25,438.01,44.66,150.97,0.6123,-1,-1,-1
51,1,620.82,445.54,90.70,269.91,0.8453,-1,-1,-1
51,2,1799.66,388.29,141.78,491.31,0.8709,-1,-1,-1
51,3,473.27,440.99,114.57,322.38,0.8593,-1,-1,-1
51,7,1260.24,443.54,35.46,100.92,0.7481,-1,-1,-1
51,8,1008.54,442.97,43.35,83.12,0.4356,-1,-1,-1
51,9,935.22,438.24,30.24,78.10,0.5419,-1,-1,-1
51,12,691.49,453.19,61.99,212.59,0.7009,-1,-1,-1
51,15,1084.56,442.41,50.06,150.72,0.5508,-1,-1,-1
51,16,743.23,458.57,30.58,98.28,0.3511,-1,-1,-1
51,17,373.58,444.72,26.89,62.01,0.2506,-1,-1,-1
51,18,1501.41,437.16,38.99,118.49,0.3893,-1,-1,-1
51,20,1163.67,439.43,26.57,87.06,0.3947,-1,-1,-1
51,23,1517.23,442.26,38.78,109.05,0.4009,-1,-1,-1
51,24,578.48,438.78,44.73,150.12,0.6125,-1,-1,-1
51,25,409.36,460.86,46.15,95.03,0.3104,-1,-1,-1
52,1,620.32,445.99,91.50,269.72,0.8493,-1,-1,-1
52,2,1809.52,384.60,129.58,490.79,0.8390,-1,-1,-1
52,3,472.55,439.87,115.03,322.60,0.8599,-1,-1,-1
52,7,1260.09,443.80,35.37,100.93,0.7593,-1,-1,-1
52,8,1007.88,442.48,44.89,82.15,0.2828,-1,-1,-1
52,9,935.12,437.96,30.26,78.33,0.5015,-1,-1,-1
52,12,691.03,452.64,63.33,213.08,0.6959,-1,-1,-1
52,15,1085.00,440.45,50.13,151.87,0.5475,-1,-1,-1
52,18,1502.52,437.75,41.47,117.06,0.3495,-1,-1,-1
52,20,1163.63,439.32,26.89,87.26,0.3979,-1,-1,-1
52,23,1519.34,442.90,37.67,109.06,0.3167,-1,-1,-1
52,24,578.39,436.93,45.19,151.13,0.6144,-1,-1,-1
52,25,409.17,461.27,46.31,95.94,0.3931,-1,-1,-1
53,1,620.75,445.83,91.91,269.76,0.8534,-1,-1,-1
53,2,1815.78,387.64,120.28,491.26,0.8582,-1,-1,-1
53,3,471.73,439.10,115.43,322.95,0.8611,-1,-1,-1
53,7,1260.39,444.17,35.60,100.54,0.8014,-1,-1,-1
53,8,1006.92,442.69,46.33,82.18,0.4623,-1,-1,-1
53,9,934.87,437.72,30.38,78.48,0.5506,-1,-1,-1
53,12,690.79,453.26,64.64,212.88,0.7038,-1,-1,-1
53,15,1084.65,441.62,50.37,151.24,0.5238,-1,-1,-1
53,16,745.00,462.12,31.15,96.19,0.4115,-1,-1,-1
53,18,1503.09,437.67,44.12,116.70,0.4585,-1,-1,-1
53,20,1163.18,439.13,26.65,87.15,0.3166,-1,-1,-1
53,23,1519.99,441.17,37.35,110.84,0.3689,-1,-1,-1
53,24,578.47,436.44,45.16,151.83,0.5786,-1,-1,-1
53,25,411.21,459.26,44.36,90.13,0.2886,-1,-1,-1
54,1,621.84,445.35,91.86,270.27,0.8564,-1,-1,-1
54,2,1819.29,391.82,113.60,489.83,0.8186,-1,-1,-1
54,3,471.17,439.33,115.76,323.79,0.8608,-1,-1,-1
54,7,1260.26,444.68,35.75,100.01,0.8212,-1,-1,-1
54,8,1006.62,442.54,47.71,82.22,0.3564,-1,-1,-1
54,9,934.66,437.48,30.61,78.63,0.4866,-1,-1,-1
54,12,690.88,454.83,65.62,211.80,0.6924,-1,-1,-1
54,15,1084.28,443.45,50.24,150.45,0.4888,-1,-1,-1
54,16,744.38,460.89,32.15,98.45,0.2830,-1,-1,-1
54,17,374.08,444.59,26.83,61.76,0.2798,-1,-1,-1
54,18,1501.26,439.40,43.40,115.30,0.4375,-1,-1,-1
54,20,1163.10,439.04,26.68,87.35,0.4069,-1,-1,-1
54,23,1510.76,442.55,45.07,112.23,0.3804,-1,-1,-1
54,24,578.31,437.84,46.26,151.48,0.6181,-1,-1,-1
54,25,410.62,460.35,44.22,91.46,0.2773,-1,-1,-1
55,1,622.18,445.24,91.55,270.62,0.8606,-1,-1,-1
55,2,1821.24,399.19,108.89,484.40,0.7930,-1,-1,-1
55,3,470.94,439.64,115.80,324.15,0.8450,-1,-1,-1
55,7,1260.36,444.84,35.76,99.68,0.7831,-1,-1,-1
55,8,1004.39,442.23,45.72,81.35,0.2724,-1,-1,-1
55,9,934.11,436.77,30.86,78.93,0.4988,-1,-1,-1
55,12,692.25,455.20,65.53,212.23,0.7644,-1,-1,-1
55,15,1083.90,443.68,50.45,150.38,0.4159,-1,-1,-1
55,18,1500.02,440.96,41.53,113.72,0.3517,-1,-1,-1
55,20,1163.09,439.07,26.56,87.33,0.3024,-1,-1,-1
55,23,1507.80,443.67,50.60,112.19,0.3552,-1,-1,-1
55,24,576.86,439.57,47.60,150.55,0.6225,-1,-1,-1
55,25,409.70,460.56,44.58,92.37,0.3163,-1,-1,-1
55,27,1529.14,447.02,36.30,104.45,0.6471,-1,-1,-1
56,1,623.25,444.81,91.49,270.91,0.8632,-1,-1,-1
56,2,1822.83,413.01,105.29,474.96,0.7625,-1,-1,-1
56,3,471.05,439.02,115.84,324.82,0.8435,-1,-1,-1
56,7,1260.60,445.06,35.98,99.38,0.7924,-1,-1,-1
56,8,1004.09,442.41,41.80,80.56,0.3093,-1,-1,-1
56,9,934.43,437.05,30.87,79.01,0.4847,-1,-1,-1
56,12,692.69,453.95,66.09,213.70,0.7657,-1,-1,-1
56,15,1083.90,443.50,50.28,150.61,0.4743,-1,-1,-1
56,16,744.62,459.07,33.18,100.30,0.3122,-1,-1,-1
56,18,1500.78,442.59,40.85,112.16,0.3119,-1,-1,-1
56,20,1163.59,439.10,26.47,87.37,0.3490,-1,-1,-1
56,23,1505.97,443.24,53.32,112.67,0.3231,-1,-1,-1
56,24,577.30,441.04,47.64,149.55,0.5282,-1,-1,-1
56,27,1531.33,448.65,33.91,100.94,0.7158,-1,-1,-1
57,1,624.08,444.71,91.41,271.17,0.8634,-1,-1,-1
57,2,1824.62,418.10,102.19,465.70,0.6098,-1,-1,-1
57,3,471.27,439.36,116.08,324.70,0.8499,-1,-1,-1
57,7,1260.41,443.64,36.29,100.05,0.7734,-1,-1,-1
57,8,1005.45,443.19,38.52,79.58,0.4933,-1,-1,-1
57,9,934.46,437.03,30.85,79.10,0.5243,-1,-1,-1
57,12,693.22,453.18,66.92,214.75,0.7451,-1,-1,-1
57,15,1083.61,441.64,50.67,151.93,0.4579,-1,-1,-1
57,17,374.38,444.43,27.26,61.63,0.2559,-1,-1,-1
57,18,1502.30,444.92,39.82,110.17,0.3719,-1,-1,-1
57,20,1163.53,439.16,26.28,87.41,0.2509,-1,-1,-1
57,24,578.61,439.17,47.52,150.04,0.5127,-1,-1,-1
57,27,1533.79,451.15,31.52,96.85,0.7456,-1,-1,-1
58,1,624.36,444.87,91.64,271.98,0.8730,-1,-1,-1
58,2,1825.96,428.39,99.72,459.69,0.5308,-1,-1,-1
58,3,473.61,438.41,115.91,324.85,0.8413,-1,-1,-1
58,7,1260.08,444.29,36.28,99.77,0.7818,-1,-1,-1
58,8,1007.39,444.22,35.70,78.82,0.4030,-1,-1,-1
58,9,934.74,436.99,30.80,79.19,0.5347,-1,-1,-1
58,12,695.28,454.10,66.75,215.21,0.7411,-1,-1,-1
58,15,1084.41,443.58,49.91,151.19,0.4425,-1,-1,-1
58,16,746.62,457.84,33.32,101.29,0.3700,-1,-1,-1
58,20,1163.50,439.03,26.31,87.66,0.3549,-1,-1,-1
58,23,1507.19,446.00,56.85,111.24,0.3056,-1,-1,-1
58,24,578.11,441.85,48.32,148.02,0.6114,-1,-1,-1
58,27,1535.71,454.46,29.94,94.26,0.7491,-1,-1,-1
59,1,624.58,444.78,91.77,272.55,0.8724,-1,-1,-1
59,2,1825.23,432.72,98.84,456.71,0.4032,-1,-1,-1
59,3,475.76,436.86,118.08,325.37,0.8396,-1,-1,-1
59,7,1260.33,443.75,36.32,100.08,0.7881,-1,-1,-1
59,8,1007.67,444.48,34.76,78.78,0.4454,-1,-1,-1
59,9,935.11,436.99,30.59,79.21,0.6149,-1,-1,-1
59,12,696.30,454.96,67.27,215.32,0.7373,-1,-1,-1
59,15,1084.71,443.79,49.86,151.22,0.3817,-1,-1,-1
59,16,747.58,458.99,34.06,101.53,0.2935,-1,-1,-1
59,20,1163.58,438.98,26.47,87.84,0.3175,-1,-1,-1
59,24,578.35,443.60,48.02,146.34,0.5557,-1,-1,-1
59,27,1538.35,454.97,28.95,94.02,0.6427,-1,-1,-1
60,1,624.02,444.77,92.04,272.83,0.8654,-1,-1,-1
60,2,1824.47,439.87,98.38,448.70,0.2670,-1,-1,-1
60,3,476.85,437.46,122.07,324.63,0.8108,-1,-1,-1
60,7,1260.22,443.77,36.41,100.07,0.7838,-1,-1,-1
60,8,1007.56,444.57,34.18,79.00,0.4585,-1,-1,-1
60,9,935.07,437.02,30.48,79.12,0.5860,-1,-1,-1
60,12,697.79,455.67,66.81,215.39,0.6846,-1,-1,-1
60,15,1084.51,444.15,49.83,151.02,0.4174,-1,-1,-1
60,16,748.82,459.54,34.15,101.54,0.4915,-1,-1,-1
60,20,1163.99,438.77,26.43,87.89,0.3199,-1,-1,-1
60,23,1511.03,443.19,56.64,111.88,0.3671,-1,-1,-1
60,24,579.39,445.02,48.39,144.68,0.5759,-1,-1,-1
60,26,1697.14,423.63,86.40,167.34,0.2672,-1,-1,-1
60,27,1541.58,454.47,27.41,92.92,0.6401,-1,-1,-1
60,28,486.99,453.78,37.25,56.52,0.3862,-1,-1,-1
61,1,622.73,444.49,92.68,273.40,0.8588,-1,-1,-1
61,3,478.89,439.29,126.29,324.68,0.8003,-1,-1,-1
61,7,1260.00,444.27,36.47,99.83,0.7781,-1,-1,-1
61,8,1006.54,444.91,34.11,79.00,0.5056,-1,-1,-1
61,9,934.66,436.69,30.58,79.29,0.5435,-1,-1,-1
61,12,698.85,455.74,66.24,216.03,0.6869,-1,-1,-1
61,15,1085.40,440.82,49.62,152.83,0.3854,-1,-1,-1
61,17,374.40,444.71,27.45,61.32,0.2507,-1,-1,-1
61,20,1163.78,438.92,26.37,87.75,0.4000,-1,-1,-1
61,23,1513.71,436.62,55.08,115.27,0.4379,-1,-1,-1
61,24,579.44,444.31,48.78,144.47,0.4966,-1,-1,-1
61,27,1545.10,448.00,28.11,97.96,0.5837,-1,-1,-1
61,28,485.96,454.08,38.38,57.84,0.4247,-1,-1,-1
62,1,621.95,445.30,93.51,274.61,0.8617,-1,-1,-1
62,3,485.62,441.94,128.02,323.94,0.7469,-1,-1,-1
62,7,1259.67,443.41,36.81,100.35,0.7640,-1,-1,-1
62,8,1005.51,445.19,33.73,78.85,0.5540,-1,-1,-1
62,9,933.93,436.55,30.70,79.38,0.3890,-1,-1,-1
62,12,700.05,456.05,65.28,216.24,0.7088,-1,-1,-1
62,15,1085.96,438.46,49.14,154.29,0.2634,-1,-1,-1
62,16,752.02,460.62,33.20,101.09,0.3639,-1,-1,-1
62,17,373.51,444.84,26.72,61.37,0.2658,-1,-1,-1
62,20,1163.48,438.70,26.18,87.39,0.3485,-1,-1,-1
62,23,1518.80,435.06,48.78,115.90,0.5181,-1,-1,-1
62,24,579.15,443.60,48.14,145.05,0.4571,-1,-1,-1
62,26,1698.72,426.93,85.28,158.28,0.3326,-1,-1,-1
62,27,1549.06,447.88,27.74,98.31,0.4805,-1,-1,-1
62,28,483.75,454.73,40.48,62.46,0.4138,-1,-1,-1
62,29,1036.53,450.45,28.99,81.00,0.5372,-1,-1,-1
63,1,620.79,446.50,94.06,276.60,0.8584,-1,-1,-1
63,3,489.42,442.18,130.73,323.52,0.7216,-1,-1,-1
63,7,1259.38,443.98,37.01,100.21,0.7753,-1,-1,-1
63,8,1005.19,444.99,34.14,79.11,0.6017,-1,-1,-1
63,9,934.06,436.83,30.74,79.36,0.5001,-1,-1,-1
63,12,700.12,456.68,64.78,216.49,0.7530,-1,-1,-1
63,15,1088.33,432.36,48.35,143.94,0.2783,-1,-1,-1
63,16,752.89,461.76,32.95,101.25,0.3931,-1,-1,-1
63,17,373.76,445.13,26.86,61.29,0.3149,-1,-1,-1
63,20,1162.98,438.48,26.01,87.36,0.4440,-1,-1,-1
63,21,736.06,452.71,22.94,48.95,0.2618,-1,-1,-1
63,23,1523.20,433.68,44.56,116.78,0.6445,-1,-1,-1
63,24,580.54,446.90,47.17,142.80,0.4689,-1,-1,-1
63,25,416.25,454.67,37.17,77.25,0.2683,-1,-1,-1
63,26,1700.11,429.06,84.58,154.43,0.3359,-1,-1,-1
63,27,1553.15,445.52,25.89,92.77,0.4870,-1,-1,-1
63,28,482.65,454.06,42.10,65.62,0.4006,-1,-1,-1
63,29,1037.15,451.17,28.88,79.76,0.4731,-1,-1,-1
63,30,1846.95,471.47,61.08,184.31,0.3177,-1,-1,-1
64,1,619.82,446.24,94.29,278.27,0.8577,-1,-1,-1
64,3,489.01,442.30,134.24,322.79,0.7668,-1,-1,-1
64,7,1259.70,443.04,36.77,100.25,0.7229,-1,-1,-1
64,8,1004.08,444.92,34.12,78.98,0.5669,-1,-1,-1
64,9,933.95,437.13,31.01,79.21,0.4757,-1,-1,-1
64,12,700.99,457.75,64.45,216.95,0.7208,-1,-1,-1
64,15,1089.29,436.38,47.53,145.62,0.3883,-1,-1,-1
64,16,753.26,463.16,33.50,100.65,0.2911,-1,-1,-1
64,17,372.98,445.21,26.06,61.21,0.3007,-1,-1,-1
64,20,1162.47,438.45,25.94,87.35,0.4840,-1,-1,-1
64,21,736.64,451.63,23.79,48.87,0.2973,-1,-1,-1
64,23,1527.51,432.93,40.19,117.15,0.4686,-1,-1,-1
64,24,576.48,450.15,44.62,141.61,0.4120,-1,-1,-1
64,25,416.42,454.72,36.17,74.68,0.2770,-1,-1,-1
64,26,1694.01,429.63,88.91,153.27,0.3125,-1,-1,-1
64,27,1555.21,441.48,24.37,91.89,0.3035,-1,-1,-1
64,28,482.77,453.66,43.18,67.12,0.3743,-1,-1,-1
64,29,1037.04,452.10,28.92,78.72,0.4991,-1,-1,-1
64,30,1845.47,470.76,61.41,185.37,0.5323,-1,-1,-1
65,1,618.88,446.70,94.29,279.54,0.8538,-1,-1,-1
65,3,495.43,443.61,133.20,322.35,0.8322,-1,-1,-1
65,7,1259.09,444.24,36.76,99.73,0.7106,-1,-1,-1
65,8,1003.12,445.33,33.83,78.88,0.6615,-1,-1,-1
65,9,933.48,436.91,31.38,79.39,0.3654,-1,-1,-1
65,12,701.69,459.24,63.49,218.96,0.7639,-1,-1,-1
65,15,1085.29,441.46,48.60,147.56,0.4218,-1,-1,-1
65,16,752.96,464.80,34.11,99.92,0.4757,-1,-1,-1
65,20,1162.39,438.52,25.54,87.29,0.3874,-1,-1,-1
65,21,738.23,451.82,23.20,48.62,0.3722,-1,-1,-1
65,23,1532.47,431.04,37.33,118.66,0.5137,-1,-1,-1
65,25,416.40,454.84,35.70,73.73,0.2764,-1,-1,-1
65,27,1558.12,440.09,22.63,94.15,0.3035,-1,-1,-1
65,29,1035.50,451.51,31.45,79.93,0.5708,-1,-1,-1
65,30,1845.40,468.91,61.09,186.81,0.4022,-1,-1,-1
66,1,618.54,446.70,94.50,280.20,0.8566,-1,-1,-1
66,3,491.23,443.79,138.71,323.32,0.8468,-1,-1,-1
66,7,1259.39,444.25,36.48,99.26,0.7245,-1,-1,-1
66,8,1003.39,445.45,33.04,78.50,0.6128,-1,-1,-1
66,9,933.35,437.03,31.57,79.37,0.3682,-1,-1,-1
66,12,702.48,459.24,63.06,220.78,0.7614,-1,-1,-1
66,15,1083.95,442.93,48.81,148.94,0.3077,-1,-1,-1
66,16,753.56,465.81,34.28,99.67,0.3849,-1,-1,-1
66,20,1162.51,438.47,25.20,87.24,0.4345,-1,-1,-1
66,21,739.47,452.06,23.03,48.86,0.5263,-1,-1,-1
66,23,1534.92,429.71,35.64,120.03,0.5111,-1,-1,-1
66,25,416.60,455.63,35.72,73.22,0.2948,-1,-1,-1
66,27,1559.76,440.59,22.85,97.29,0.3424,-1,-1,-1
66,28,488.04,450.10,42.37,61.61,0.3209,-1,-1,-1
66,29,1033.90,451.30,33.27,80.48,0.5309,-1,-1,-1
66,30,1845.99,468.70,60.25,186.50,0.4709,-1,-1,-1
67,1,618.19,446.69,94.97,280.66,0.8560,-1,-1,-1
67,3,495.35,443.86,140.19,324.32,0.8074,-1,-1,-1
67,7,1259.01,444.98,36.39,98.91,0.7523,-1,-1,-1
67,8,1003.32,445.36,32.60,78.27,0.6142,-1,-1,-1
67,9,933.47,437.37,31.59,79.17,0.3819,-1,-1,-1
67,12,702.93,458.11,63.17,222.01,0.7846,-1,-1,-1
67,15,1089.33,432.66,46.97,137.86,0.4346,-1,-1,-1
67,16,754.20,467.09,35.10,99.82,0.5902,-1,-1,-1
67,17,372.34,445.17,25.30,61.22,0.3111,-1,-1,-1
67,20,1162.56,438.38,24.92,87.35,0.4476,-1,-1,-1
67,21,740.29,452.50,23.40,48.39,0.4782,-1,-1,-1
67,23,1538.38,429.32,36.47,121.24,0.4526,-1,-1,-1
67,27,1558.94,442.31,24.16,100.62,0.3140,-1,-1,-1
67,28,491.54,449.27,39.38,55.74,0.3124,-1,-1,-1
67,29,1033.37,450.86,35.11,81.76,0.5120,-1,-1,-1
67,30,1847.39,470.56,59.59,185.30,0.4807,-1,-1,-1
68,1,616.72,446.40,95.96,281.51,0.8636,-1,-1,-1
68,3,494.97,445.98,142.01,323.85,0.8708,-1,-1,-1
68,7,1259.34,446.54,36.14,97.91,0.7459,-1,-1,-1
68,8,1003.62,445.30,32.22,78.16,0.6478,-1,-1,-1
68,9,933.57,437.47,31.60,79.13,0.4347,-1,-1,-1
68,12,703.06,457.52,64.20,223.13,0.7829,-1,-1,-1
68,15,1093.17,430.56,44.84,130.19,0.5159,-1,-1,-1
68,20,1163.00,438.49,24.96,87.36,0.3567,-1,-1,-1
68,21,741.44,452.77,24.04,48.43,0.3974,-1,-1,-1
68,23,1540.46,426.65,36.88,123.07,0.4473,-1,-1,-1
68,29,1033.22,450.28,38.25,84.91,0.3772,-1,-1,-1
68,30,1847.13,477.09,59.62,180.77,0.4250,-1,-1,-1
68,31,488.04,451.31,42.26,66.87,0.3109,-1,-1,-1
69,1,615.43,446.05,97.10,282.22,0.8639,-1,-1,-1
69,3,496.35,445.50,143.03,324.73,0.8753,-1,-1,-1
69,7,1259.84,447.07,35.69,96.91,0.7411,-1,-1,-1
69,8,1003.75,444.92,31.88,78.06,0.6286,-1,-1,-1
69,9,933.68,437.54,31.61,79.03,0.4042,-1,-1,-1
69,12,702.97,455.78,65.13,221.77,0.7802,-1,-1,-1
69,15,1094.43,431.46,43.45,124.24,0.4266,-1,-1,-1
69,16,756.60,467.97,36.98,99.06,0.3576,-1,-1,-1
69,17,373.50,445.24,25.56,61.61,0.2513,-1,-1,-1
69,20,1163.03,438.60,25.18,87.37,0.4109,-1,-1,-1
69,21,742.26,450.83,24.73,50.27,0.3529,-1,-1,-1
69,23,1543.35,422.67,38.62,126.30,0.6594,-1,-1,-1
69,28,494.43,452.94,38.02,55.73,0.3268,-1,-1,-1
69,29,1032.96,449.16,37.88,81.49,0.3288,-1,-1,-1
69,30,1847.04,480.20,59.59,177.68,0.3852,-1,-1,-1
70,1,613.30,444.27,97.90,282.14,0.8754,-1,-1,-1
70,3,498.34,444.91,144.85,326.01,0.8493,-1,-1,-1
70,7,1260.08,447.08,35.16,96.46,0.7602,-1,-1,-1
70,8,1003.24,444.54,31.61,77.98,0.5859,-1,-1,-1
70,9,933.70,437.52,31.64,79.00,0.4052,-1,-1,-1
70,12,702.81,455.39,65.72,221.79,0.7913,-1,-1,-1
70,15,1095.20,432.92,42.36,119.77,0.4472,-1,-1,-1
70,16,755.51,469.45,38.19,99.52,0.2879,-1,-1,-1
70,20,1163.08,438.61,25.39,87.39,0.4257,-1,-1,-1
70,21,744.12,448.95,25.50,51.50,0.3380,-1,-1,-1
70,23,1544.41,423.06,40.15,126.91,0.5755,-1,-1,-1
70,27,1554.63,434.69,27.30,108.22,0.3221,-1,-1,-1
70,28,495.68,454.34,36.02,55.53,0.3743,-1,-1,-1
70,29,1034.30,447.78,36.94,73.97,0.3043,-1,-1,-1
70,30,1847.62,481.96,59.28,175.45,0.3887,-1,-1,-1
70,31,478.85,460.04,53.56,95.76,0.2788,-1,-1,-1
71,1,612.40,442.97,98.60,282.14,0.8737,-1,-1,-1
71,3,499.95,444.52,144.03,326.85,0.8560,-1,-1,-1
71,7,1260.26,447.42,35.00,95.92,0.7501,-1,-1,-1
71,8,1002.89,444.36,31.74,77.89,0.5164,-1,-1,-1
71,9,933.64,437.31,31.74,79.18,0.4967,-1,-1,-1
71,12,701.77,454.69,66.81,222.57,0.8042,-1,-1,-1
71,15,1095.90,435.65,41.32,116.41,0.4899,-1,-1,-1
71,20,1162.81,438.63,25.33,87.35,0.3777,-1,-1,-1
71,21,745.85,448.57,24.98,51.13,0.3448,-1,-1,-1
71,23,1545.12,423.03,40.84,127.48,0.6715,-1,-1,-1
71,28,496.63,455.71,34.43,56.27,0.3050,-1,-1,-1
71,29,1037.49,447.92,34.53,68.36,0.2621,-1,-1,-1
71,30,1847.98,481.95,59.01,174.41,0.3839,-1,-1,-1
71,31,479.77,458.95,52.35,101.70,0.4105,-1,-1,-1
72,1,612.79,443.80,98.89,283.07,0.8698,-1,-1,-1
72,3,501.99,443.42,142.38,327.86,0.8610,-1,-1,-1
72,7,1259.97,447.59,35.55,95.98,0.7447,-1,-1,-1
72,8,1002.53,444.24,32.08,78.03,0.5271,-1,-1,-1
72,9,933.13,436.68,31.81,79.52,0.4869,-1,-1,-1
72,12,700.86,453.62,67.23,223.33,0.7896,-1,-1,-1
72,15,1095.96,436.46,40.82,114.53,0.5445,-1,-1,-1
72,20,1162.68,438.56,25.42,87.38,0.3674,-1,-1,-1
72,21,748.59,448.79,24.46,51.36,0.4911,-1,-1,-1
72,23,1545.70,420.58,41.21,129.33,0.6770,-1,-1,-1
72,25,418.03,459.11,33.77,75.88,0.2616,-1,-1,-1
72,28,495.76,458.05,34.38,60.63,0.3904,-1,-1,-1
72,30,1848.70,483.59,58.68,172.84,0.3002,-1,-1,-1
72,31,487.01,458.08,46.56,102.10,0.4372,-1,-1,-1
73,1,614.21,443.68,98.32,283.84,0.8633,-1,-1,-1
73,3,504.82,442.81,139.84,328.46,0.8588,-1,-1,-1
73,7,1260.17,447.41,35.60,95.71,0.7448,-1,-1,-1
73,8,1002.64,444.15,32.48,78.06,0.5264,-1,-1,-1
73,9,933.28,437.06,31.74,79.42,0.4028,-1,-1,-1
73,12,702.18,454.63,68.54,223.09,0.7899,-1,-1,-1
73,15,1095.88,438.27,40.55,112.41,0.5214,-1,-1,-1
73,20,1162.64,438.54,25.46,87.39,0.3476,-1,-1,-1
73,21,749.85,449.58,23.93,51.93,0.5018,-1,-1,-1
73,23,1546.87,419.06,41.14,130.68,0.6590,-1,-1,-1
73,25,418.28,455.80,33.71,75.09,0.2811,-1,-1,-1
73,28,496.30,457.03,33.92,61.97,0.3943,-1,-1,-1
73,30,1848.86,484.50,58.49,171.60,0.3282,-1,-1,-1
73,31,490.39,457.44,43.31,103.30,0.4596,-1,-1,-1
74,1,615.67,443.67,97.16,284.60,0.8629,-1,-1,-1
74,3,508.39,442.23,136.94,329.00,0.8414,-1,-1,-1
74,7,1259.89,447.77,35.91,95.81,0.7395,-1,-1,-1
74,8,1002.56,444.47,32.20,77.90,0.5691,-1,-1,-1
74,9,933.35,437.44,31.69,79.41,0.4536,-1,-1,-1
74,12,702.39,453.98,69.56,223.05,0.8000,-1,-1,-1
74,15,1096.21,440.79,40.15,110.22,0.4510,-1,-1,-1
74,20,1162.58,438.45,25.39,87.39,0.2664,-1,-1,-1
74,21,750.13,450.41,24.06,53.50,0.4915,-1,-1,-1
74,23,1547.39,417.50,40.92,132.20,0.5457,-1,-1,-1
74,28,496.21,458.05,33.68,65.38,0.4048,-1,-1,-1
74,29,1042.52,448.59,32.22,62.53,0.2518,-1,-1,-1
74,30,1848.41,480.94,58.54,173.41,0.3360,-1,-1,-1
74,31,491.56,455.86,40.94,102.78,0.5006,-1,-1,-1
75,1,616.59,443.78,95.86,285.21,0.8550,-1,-1,-1
75,3,511.85,442.28,133.98,329.54,0.8520,-1,-1,-1
75,7,1260.08,447.16,35.71,96.00,0.7371,-1,-1,-1
75,8,1003.08,444.70,32.03,77.69,0.5370,-1,-1,-1
75,9,933.35,437.42,31.76,79.42,0.4427,-1,-1,-1
75,12,702.48,454.15,71.29,222.46,0.8024,-1,-1,-1
75,17,376.73,450.51,37.42,85.61,0.2605,-1,-1,-1
75,20,1162.68,438.44,25.26,87.37,0.2526,-1,-1,-1
75,21,751.54,449.23,23.86,52.52,0.3769,-1,-1,-1
75,23,1550.15,416.78,40.12,132.94,0.3109,-1,-1,-1
75,25,419.08,454.71,33.49,75.94,0.2619,-1,-1,-1
75,28,495.66,456.23,33.88,65.97,0.3972,-1,-1,-1
75,29,1043.81,453.34,33.33,69.73,0.3176,-1,-1,-1
75,30,1848.37,480.57,58.41,173.80,0.3900,-1,-1,-1
75,31,491.70,457.83,40.28,107.35,0.4895,-1,-1,-1
75,32,471.01,459.49,32.63,107.75,0.5238,-1,-1,-1
75,33,945.70,481.15,66.03,103.98,0.3609,-1,-1,-1
76,1,617.67,443.55,94.64,285.60,0.8328,-1,-1,-1
76,3,516.88,442.04,130.22,328.60,0.8502,-1,-1,-1
76,7,1260.29,447.30,35.58,95.95,0.7425,-1,-1,-1
76,8,1003.42,445.08,32.34,77.74,0.6175,-1,-1,-1
76,9,933.33,437.71,31.74,79.25,0.3897,-1,-1,-1
76,12,703.37,453.28,72.80,223.43,0.8124,-1,-1,-1
76,21,752.37,449.44,23.92,50.53,0.4232,-1,-1,-1
76,25,419.68,453.95,33.46,76.19,0.2671,-1,-1,-1
76,28,495.60,455.40,33.53,66.20,0.4123,-1,-1,-1
76,29,1044.96,453.47,32.79,69.93,0.3374,-1,-1,-1
76,30,1848.13,480.17,58.31,174.50,0.4453,-1,-1,-1
76,31,492.21,457.25,39.01,109.46,0.4776,-1,-1,-1
76,32,470.55,457.74,32.72,108.66,0.5612,-1,-1,-1
76,33,950.73,482.50,61.81,100.83,0.3114,-1,-1,-1
76,35,1081.13,447.94,51.12,149.80,0.6616,-1,-1,-1
77,1,619.72,443.28,92.52,285.50,0.8134,-1,-1,-1
77,3,522.42,442.26,126.23,327.82,0.7916,-1,-1,-1
77,7,1259.90,447.74,35.90,95.99,0.7401,-1,-1,-1
77,8,1002.86,445.84,32.15,77.47,0.5721,-1,-1,-1
77,9,933.31,437.73,31.74,79.20,0.3947,-1,-1,-1
77,12,704.48,452.56,74.73,223.95,0.8071,-1,-1,-1
77,21,753.20,449.35,23.74,48.55,0.3346,-1,-1,-1
77,25,419.80,453.11,33.19,76.00,0.2840,-1,-1,-1
77,28,496.03,454.46,33.01,65.03,0.3254,-1,-1,-1
77,29,1046.46,453.35,31.58,70.17,0.3896,-1,-1,-1
77,30,1848.43,480.38,58.07,174.67,0.3853,-1,-1,-1
77,31,492.33,456.85,38.41,112.03,0.5967,-1,-1,-1
77,32,470.06,456.27,32.67,108.60,0.5903,-1,-1,-1
77,33,952.95,482.74,59.24,99.69,0.2562,-1,-1,-1
77,35,1080.17,448.07,51.47,149.39,0.6413,-1,-1,-1
77,36,1879.40,389.91,40.27,244.58,0.3594,-1,-1,-1
78,1,620.64,443.47,90.90,285.90,0.8203,-1,-1,-1
78,3,523.54,442.55,125.28,327.13,0.7785,-1,-1,-1
78,7,1259.21,448.13,36.54,95.94,0.7368,-1,-1,-1
78,8,1003.36,445.38,33.58,78.04,0.6380,-1,-1,-1
78,9,933.59,438.43,31.62,79.03,0.4153,-1,-1,-1
78,12,706.52,453.34,77.96,223.56,0.8359,-1,-1,-1
78,20,1163.13,439.08,24.96,87.08,0.3149,-1,-1,-1
78,21,754.21,449.21,23.59,48.84,0.3600,-1,-1,-1
78,25,420.81,453.30,33.10,76.19,0.3426,-1,-1,-1
78,28,494.50,456.57,33.59,68.80,0.4098,-1,-1,-1
78,29,1047.73,453.38,30.31,68.77,0.2680,-1,-1,-1
78,30,1848.88,483.79,57.39,172.39,0.4219,-1,-1,-1
78,31,491.89,455.63,37.53,113.74,0.4930,-1,-1,-1
78,32,470.14,456.89,32.30,104.99,0.5480,-1,-1,-1
78,35,1079.53,446.49,52.99,151.48,0.6349,-1,-1,-1
78,36,1875.70,386.14,43.05,248.89,0.2679,-1,-1,-1
79,1,621.27,441.80,89.46,285.72,0.8367,-1,-1,-1
79,3,527.04,442.63,122.44,326.65,0.7429,-1,-1,-1
79,7,1259.65,447.57,36.52,96.05,0.7483,-1,-1,-1
79,8,1003.55,445.11,35.05,78.44,0.6480,-1,-1,-1
79,9,933.79,438.44,31.46,79.15,0.3310,-1,-1,-1
79,12,709.59,454.30,82.30,222.50,0.8135,-1,-1,-1
79,20,1163.38,439.21,24.79,86.96,0.2571,-1,-1,-1
79,21,755.58,448.90,23.84,49.09,0.3086,-1,-1,-1
79,25,421.66,453.28,33.08,76.38,0.2747,-1,-1,-1
79,28,494.31,454.61,33.30,68.29,0.4156,-1,-1,-1
79,30,1849.05,487.18,56.79,169.82,0.4441,-1,-1,-1
79,31,491.67,454.18,36.94,113.95,0.4186,-1,-1,-1
79,32,470.08,458.60,32.13,102.01,0.5280,-1,-1,-1
79,35,1080.17,447.13,52.63,150.74,0.5582,-1,-1,-1
80,1,623.03,441.21,88.29,285.85,0.8486,-1,-1,-1
80,3,526.95,442.91,122.99,327.71,0.7360,-1,-1,-1
80,7,1259.96,447.01,36.38,96.41,0.7697,-1,-1,-1
80,8,1003.74,444.82,36.13,78.65,0.5649,-1,-1,-1
80,9,933.68,437.96,31.47,79.35,0.3190,-1,-1,-1
80,12,711.31,457.36,86.76,221.56,0.8499,-1,-1,-1
80,20,1163.45,439.16,24.93,86.92,0.3537,-1,-1,-1
80,21,756.94,447.37,24.17,47.93,0.2931,-1,-1,-1
80,25,422.11,451.79,33.08,77.08,0.3414,-1,-1,-1
80,26,1703.68,433.20,82.24,147.96,0.2920,-1,-1,-1
80,28,494.08,455.46,33.45,70.26,0.4305,-1,-1,-1
80,30,1849.17,487.85,56.56,168.82,0.4067,-1,-1,-1
80,31,491.44,454.78,36.91,115.75,0.4910,-1,-1,-1
80,32,469.58,459.58,31.51,99.57,0.4604,-1,-1,-1
80,35,1080.08,446.04,53.17,151.61,0.4975,-1,-1,-1
81,1,625.03,443.01,87.82,285.38,0.8392,-1,-1,-1
81,3,531.72,444.00,120.58,329.98,0.6704,-1,-1,-1
81,7,1259.62,447.05,36.61,96.56,0.7524,-1,-1,-1
81,8,1003.44,444.87,36.76,78.88,0.6197,-1,-1,-1
81,9,933.16,437.81,31.69,79.44,0.2755,-1,-1,-1
81,12,712.14,456.67,89.96,220.56,0.8515,-1,-1,-1
81,17,373.48,440.82,35.44,73.05,0.2750,-1,-1,-1
81,20,1163.62,439.23,24.73,86.81,0.2700,-1,-1,-1
81,21,759.04,449.46,26.88,53.11,0.3719,-1,-1,-1
81,25,422.11,451.57,33.09,76.52,0.3203,-1,-1,-1
81,26,1704.26,433.30,81.68,147.92,0.3571,-1,-1,-1
81,30,1849.10,486.88,56.84,168.97,0.4240,-1,-1,-1
81,31,491.36,454.28,36.98,116.53,0.4965,-1,-1,-1
81,32,468.83,460.04,31.48,99.19,0.4355,-1,-1,-1
81,35,1080.88,445.53,53.22,151.59,0.4799,-1,-1,-1
82,1,625.57,442.79,85.02,285.69,0.8026,-1,-1,-1
82,3,535.09,443.67,117.83,331.88,0.5404,-1,-1,-1
82,7,1259.89,447.56,37.01,96.38,0.7821,-1,-1,-1
82,8,1003.63,444.67,36.99,78.94,0.5396,-1,-1,-1
82,9,933.40,437.44,31.57,79.65,0.4718,-1,-1,-1
82,12,713.79,456.51,93.22,220.23,0.8467,-1,-1,-1
82,20,1163.67,438.99,24.66,86.82,0.2893,-1,-1,-1
82,21,759.70,450.21,27.74,55.88,0.3686,-1,-1,-1
82,25,422.95,450.46,32.93,77.74,0.3793,-1,-1,-1
82,26,1701.39,433.33,83.51,148.40,0.2581,-1,-1,-1
82,28,493.49,455.88,34.01,72.97,0.3701,-1,-1,-1
82,30,1850.84,488.15,56.12,167.92,0.4118,-1,-1,-1
82,31,490.85,453.46,37.18,116.16,0.5130,-1,-1,-1
82,32,468.57,461.11,31.26,99.19,0.4528,-1,-1,-1
82,35,1080.64,446.68,53.30,150.53,0.4703,-1,-1,-1
82,36,1880.57,392.40,39.57,234.36,0.2732,-1,-1,-1
82,37,520.21,448.33,76.60,293.16,0.5170,-1,-1,-1
83,1,627.40,442.33,82.67,285.69,0.7429,-1,-1,-1
83,7,1260.58,447.43,36.84,96.50,0.7866,-1,-1,-1
83,8,1003.56,444.67,37.10,79.53,0.5926,-1,-1,-1
83,9,934.04,437.77,31.31,79.54,0.5043,-1,-1,-1
83,12,715.63,455.83,95.34,221.14,0.8540,-1,-1,-1
83,20,1163.78,439.19,25.07,86.76,0.3218,-1,-1,-1
83,21,759.66,447.34,26.54,52.27,0.2544,-1,-1,-1
83,25,423.64,451.63,33.10,77.89,0.3528,-1,-1,-1
83,28,493.82,454.74,33.67,73.00,0.3999,-1,-1,-1
83,30,1849.84,482.46,56.89,171.20,0.4161,-1,-1,-1
83,31,491.28,453.10,36.74,115.49,0.4501,-1,-1,-1
83,32,468.61,461.33,30.91,97.66,0.4958,-1,-1,-1
83,35,1080.46,447.36,53.47,149.85,0.5334,-1,-1,-1
83,36,1879.93,393.27,39.94,238.66,0.2819,-1,-1,-1
83,37,514.11,445.04,81.98,301.68,0.4787,-1,-1,-1
83,38,569.08,444.68,90.23,330.68,0.6635,-1,-1,-1
84,1,630.06,443.73,81.10,285.13,0.7470,-1,-1,-1
84,3,549.95,446.24,110.58,333.99,0.6374,-1,-1,-1
84,7,1260.88,447.46,36.69,96.55,0.7847,-1,-1,-1
84,8,1003.36,444.83,37.55,79.57,0.7159,-1,-1,-1
84,9,934.35,437.92,31.16,79.41,0.5136,-1,-1,-1
84,12,717.23,457.52,96.92,221.28,0.8477,-1,-1,-1
84,25,424.53,451.30,32.57,77.91,0.3175,-1,-1,-1
84,26,1700.37,432.74,84.53,148.77,0.2631,-1,-1,-1
84,28,494.28,453.95,33.52,72.65,0.4038,-1,-1,-1
84,30,1849.66,481.21,57.70,172.58,0.4744,-1,-1,-1
84,31,491.20,453.82,36.74,116.40,0.4005,-1,-1,-1
84,32,468.63,462.65,31.36,98.21,0.4597,-1,-1,-1
84,35,1081.36,448.12,53.02,148.69,0.4914,-1,-1,-1
84,37,514.40,444.53,81.55,300.72,0.4672,-1,-1,-1
85,1,633.01,444.98,80.37,284.04,0.6353,-1,-1,-1
85,3,542.36,444.56,115.03,338.63,0.6415,-1,-1,-1
85,7,1261.09,447.16,36.73,96.61,0.7902,-1,-1,-1
85,8,1003.16,445.36,37.65,79.17,0.6836,-1,-1,-1
85,9,934.00,437.39,31.41,79.78,0.5254,-1,-1,-1
85,12,719.06,459.70,97.00,220.58,0.8239,-1,-1,-1
85,15,1096.64,446.67,40.22,103.95,0.3627,-1,-1,-1
85,20,1163.72,439.07,25.88,86.95,0.3335,-1,-1,-1
85,28,493.59,454.98,33.95,74.77,0.3546,-1,-1,-1
85,29,1052.98,462.08,35.82,103.53,0.2969,-1,-1,-1
85,30,1848.97,481.58,58.48,173.09,0.4306,-1,-1,-1
85,31,490.73,452.28,36.78,114.16,0.3408,-1,-1,-1
85,32,466.93,459.70,30.34,95.57,0.2646,-1,-1,-1
85,35,1082.82,447.50,52.42,148.53,0.3722,-1,-1,-1
85,36,1880.59,394.29,39.34,236.97,0.3464,-1,-1,-1
85,37,519.55,446.53,78.84,299.31,0.4976,-1,-1,-1
85,38,568.62,443.59,91.14,332.99,0.4204,-1,-1,-1
86,1,635.19,445.66,81.31,284.39,0.7517,-1,-1,-1
86,3,519.82,438.87,103.47,330.00,0.4703,-1,-1,-1
86,7,1261.58,446.51,36.33,96.50,0.7724,-1,-1,-1
86,8,1003.55,445.78,36.86,78.37,0.5764,-1,-1,-1
86,9,933.87,437.20,31.54,79.99,0.4840,-1,-1,-1
86,12,720.05,458.13,96.65,221.62,0.8058,-1,-1,-1
86,20,1163.79,439.14,25.66,86.98,0.2547,-1,-1,-1
86,25,425.87,456.50,35.53,87.98,0.2774,-1,-1,-1
86,28,493.73,452.98,33.57,73.14,0.4025,-1,-1,-1
86,30,1849.57,482.55,57.79,172.63,0.4493,-1,-1,-1
86,31,490.99,450.83,36.01,110.82,0.3053,-1,-1,-1
86,32,466.85,463.06,29.71,92.36,0.3115,-1,-1,-1
86,35,1083.32,449.32,51.69,147.23,0.4800,-1,-1,-1
86,36,1876.22,393.53,42.60,248.80,0.3175,-1,-1,-1
86,37,517.77,427.36,75.99,222.59,0.3760,-1,-1,-1
86,38,553.66,436.58,102.07,349.97,0.6367,-1,-1,-1
87,1,637.16,445.59,82.30,285.19,0.7946,-1,-1,-1
87,3,511.45,439.49,96.55,322.44,0.4803,-1,-1,-1
87,7,1261.80,447.19,36.26,96.22,0.8015,-1,-1,-1
87,8,1004.15,446.02,36.10,77.89,0.6088,-1,-1,-1
87,9,934.18,437.34,31.30,79.92,0.5275,-1,-1,-1
87,12,720.50,457.71,96.38,222.15,0.8552,-1,-1,-1
87,15,1094.58,449.12,40.64,101.01,0.3613,-1,-1,-1
87,20,1163.85,439.08,25.64,86.98,0.3358,-1,-1,-1
87,25,425.44,457.24,37.82,93.88,0.3511,-1,-1,-1
87,28,493.24,453.39,33.40,72.90,0.4233,-1,-1,-1
87,30,1849.03,482.47,58.00,172.93,0.5533,-1,-1,-1
87,31,490.55,451.08,35.80,108.41,0.3798,-1,-1,-1
87,32,465.15,461.02,29.66,92.51,0.3687,-1,-1,-1
87,35,1085.10,450.31,49.97,145.88,0.3805,-1,-1,-1
87,36,1874.60,391.62,44.19,250.90,0.3278,-1,-1,-1
87,37,517.72,429.67,71.84,178.80,0.2557,-1,-1,-1
87,38,551.49,435.50,105.98,351.21,0.6500,-1,-1,-1
88,1,638.91,445.33,84.46,285.68,0.7882,-1,-1,-1
88,3,512.01,440.42,91.17,316.67,0.5395,-1,-1,-1
88,7,1261.85,446.30,35.78,96.52,0.7772,-1,-1,-1
88,8,1004.11,446.01,35.40,77.68,0.4800,-1,-1,-1
88,9,934.34,437.34,31.17,80.03,0.4839,-1,-1,-1
88,12,721.32,457.30,96.59,223.10,0.8099,-1,-1,-1
88,15,1093.92,449.99,41.13,99.86,0.3320,-1,-1,-1
88,20,1164.00,439.16,25.52,87.04,0.2535,-1,-1,-1
88,25,427.02,455.63,37.39,95.76,0.3194,-1,-1,-1
88,26,1701.32,432.94,84.64,148.61,0.3052,-1,-1,-1
88,28,494.15,453.53,32.45,71.92,0.4717,-1,-1,-1
88,30,1850.60,478.24,58.00,175.46,0.5030,-1,-1,-1
88,31,490.20,454.36,36.04,111.87,0.2637,-1,-1,-1
88,32,463.75,454.58,29.73,83.08,0.2680,-1,-1,-1
88,35,1087.40,450.74,49.09,144.00,0.4479,-1,-1,-1
88,38,554.53,434.27,106.53,344.01,0.6245,-1,-1,-1
89,1,640.06,444.60,86.86,287.17,0.7914,-1,-1,-1
89,3,517.33,442.19,86.17,312.34,0.5514,-1,-1,-1
89,7,1261.81,446.33,36.08,96.89,0.8093,-1,-1,-1
89,8,1004.22,446.05,34.78,77.27,0.5054,-1,-1,-1
89,9,934.47,437.40,31.10,79.94,0.5136,-1,-1,-1
89,12,723.42,454.74,95.91,224.78,0.8179,-1,-1,-1
89,25,427.74,454.38,37.75,97.48,0.3912,-1,-1,-1
89,26,1701.67,432.51,84.49,148.69,0.3177,-1,-1,-1
89,28,494.78,453.37,31.66,70.84,0.4667,-1,-1,-1
89,30,1851.09,478.14,57.56,176.13,0.4287,-1,-1,-1
89,32,463.79,460.80,29.23,80.10,0.2921,-1,-1,-1
89,35,1084.73,451.46,50.10,143.75,0.4953,-1,-1,-1
89,36,1879.89,390.24,41.18,245.33,0.3507,-1,-1,-1
89,37,521.69,438.98,63.44,147.94,0.3043,-1,-1,-1
89,38,552.14,434.11,108.94,339.84,0.6732,-1,-1,-1
90,1,641.18,444.11,89.07,288.94,0.8123,-1,-1,-1
90,3,513.83,443.69,84.01,309.40,0.4979,-1,-1,-1
90,7,1261.74,445.70,36.32,97.39,0.8134,-1,-1,-1
90,8,1004.52,446.32,34.01,76.72,0.3604,-1,-1,-1
90,9,934.61,437.52,31.12,79.80,0.4706,-1,-1,-1
90,12,726.24,453.45,94.64,226.16,0.8087,-1,-1,-1
90,25,428.06,450.85,38.21,98.67,0.3796,-1,-1,-1
90,26,1702.90,432.34,83.86,148.85,0.2806,-1,-1,-1
90,28,495.18,453.28,30.71,69.50,0.4903,-1,-1,-1
90,30,1850.71,475.45,57.94,177.97,0.4763,-1,-1,-1
90,31,490.39,453.91,34.89,112.06,0.3078,-1,-1,-1
90,32,463.15,464.52,29.73,85.81,0.3288,-1,-1,-1
90,35,1082.34,452.03,51.43,143.58,0.6035,-1,-1,-1
90,36,1881.46,391.04,39.52,241.77,0.3515,-1,-1,-1
90,37,523.36,444.58,60.50,136.63,0.2916,-1,-1,-1
90,38,550.12,435.44,111.62,338.52,0.7584,-1,-1,-1
91,1,642.35,443.79,91.50,289.84,0.7866,-1,-1,-1
91,3,510.68,444.41,83.57,306.38,0.4584,-1,-1,-1
91,7,1261.33,445.00,36.60,97.97,0.7864,-1,-1,-1
91,8,1004.46,446.35,34.20,76.57,0.5773,-1,-1,-1
91,9,934.69,437.20,31.18,79.97,0.5484,-1,-1,-1
91,12,727.20,452.78,94.47,226.95,0.8263,-1,-1,-1
91,25,429.05,448.79,37.59,93.29,0.3744,-1,-1,-1
91,28,495.10,453.52,30.10,68.56,0.5278,-1,-1,-1
91,30,1851.61,477.01,57.60,177.81,0.3535,-1,-1,-1
91,32,462.53,465.29,30.10,89.34,0.3121,-1,-1,-1
91,35,1082.03,452.03,51.64,143.03,0.5430,-1,-1,-1
91,37,525.07,447.79,57.86,127.04,0.3999,-1,-1,-1
91,38,549.95,438.64,113.02,341.21,0.7873,-1,-1,-1
92,1,643.09,444.83,93.40,291.02,0.7913,-1,-1,-1
92,3,510.27,445.15,82.99,303.86,0.4735,-1,-1,-1
92,7,1260.99,443.98,36.78,98.87,0.7933,-1,-1,-1
92,8,1005.52,446.54,34.03,76.36,0.5666,-1,-1,-1
92,9,934.74,437.75,31.15,79.63,0.4487,-1,-1,-1
92,12,731.68,451.57,92.87,228.19,0.8493,-1,-1,-1
92,20,1164.07,438.64,25.64,87.13,0.2992,-1,-1,-1
92,25,429.37,453.00,37.96,95.38,0.3715,-1,-1,-1
92,30,1851.22,473.64,58.34,180.40,0.3297,-1,-1,-1
92,31,490.41,448.85,34.53,101.46,0.4093,-1,-1,-1
92,32,461.93,466.40,30.42,92.65,0.4107,-1,-1,-1
92,35,1081.03,450.78,52.23,143.70,0.4874,-1,-1,-1
92,37,525.95,450.48,56.33,121.72,0.3895,-1,-1,-1
92,38,551.10,439.23,114.15,342.40,0.7963,-1,-1,-1
93,1,643.20,445.37,94.64,292.59,0.7961,-1,-1,-1
93,3,509.91,445.85,82.89,301.93,0.5140,-1,-1,-1
93,7,1260.17,444.23,37.30,99.13,0.7970,-1,-1,-1
93,8,1005.74,446.51,33.43,76.25,0.5047,-1,-1,-1
93,9,934.62,437.46,31.30,79.75,0.4890,-1,-1,-1
93,12,734.87,450.83,91.04,229.25,0.8707,-1,-1,-1
93,15,1089.76,452.75,43.61,99.11,0.2704,-1,-1,-1
93,20,1164.34,438.68,25.52,87.22,0.2585,-1,-1,-1
93,25,425.72,453.22,41.31,101.48,0.3424,-1,-1,-1
93,28,494.43,453.92,29.61,67.54,0.3361,-1,-1,-1
93,30,1851.41,475.02,58.23,180.18,0.3843,-1,-1,-1
93,31,490.05,449.84,34.16,96.40,0.3730,-1,-1,-1
93,32,459.60,463.56,31.82,97.06,0.4958,-1,-1,-1
93,35,1081.17,450.60,52.16,144.09,0.4683,-1,-1,-1
93,37,525.96,452.17,55.23,117.50,0.3888,-1,-1,-1
93,38,551.17,439.18,114.88,342.27,0.7805,-1,-1,-1
94,1,642.82,445.32,94.86,293.59,0.7782,-1,-1,-1
94,3,511.12,446.18,82.18,300.28,0.5245,-1,-1,-1
94,7,1259.76,444.09,37.44,99.35,0.7546,-1,-1,-1
94,8,1005.77,446.76,33.44,76.20,0.5845,-1,-1,-1
94,9,934.68,437.37,31.32,79.84,0.5136,-1,-1,-1
94,12,738.24,451.23,88.87,229.61,0.8673,-1,-1,-1
94,20,1164.51,438.71,25.41,87.22,0.2544,-1,-1,-1
94,25,427.68,454.09,40.79,102.29,0.4067,-1,-1,-1
94,28,494.25,454.17,29.17,66.69,0.3309,-1,-1,-1
94,30,1851.63,475.41,58.16,179.94,0.3495,-1,-1,-1
94,31,489.54,449.84,33.97,91.19,0.3242,-1,-1,-1
94,32,458.97,461.94,32.54,100.41,0.4333,-1,-1,-1
94,35,1081.47,447.10,52.08,146.76,0.4516,-1,-1,-1
94,37,526.38,453.91,54.09,115.43,0.4323,-1,-1,-1
94,38,550.74,440.88,115.61,344.45,0.7827,-1,-1,-1
95,1,642.06,445.93,94.21,293.17,0.8055,-1,-1,-1
95,3,512.93,446.28,82.03,298.71,0.5541,-1,-1,-1
95,7,1258.61,443.35,38.29,99.95,0.7777,-1,-1,-1
95,8,1005.71,447.12,33.34,76.32,0.6581,-1,-1,-1
95,9,934.56,437.16,31.44,79.92,0.4961,-1,-1,-1
95,12,741.46,450.99,86.37,230.44,0.8645,-1,-1,-1
95,25,428.18,454.13,40.03,102.48,0.4431,-1,-1,-1
95,28,493.44,454.43,29.57,65.89,0.3010,-1,-1,-1
95,30,1850.85,471.62,58.95,182.40,0.3402,-1,-1,-1
95,31,489.22,455.82,35.20,96.99,0.2806,-1,-1,-1
95,32,458.33,460.08,32.73,102.63,0.4355,-1,-1,-1
95,35,1080.18,448.09,52.86,146.70,0.4543,-1,-1,-1
95,37,526.12,456.54,54.23,117.46,0.3004,-1,-1,-1
95,38,553.44,443.96,114.49,349.95,0.7890,-1,-1,-1
96,1,643.47,445.19,94.43,294.18,0.7853,-1,-1,-1
96,3,511.12,446.46,82.32,297.58,0.5245,-1,-1,-1
96,7,1258.07,443.35,38.64,100.17,0.7783,-1,-1,-1
96,8,1004.93,447.28,33.35,76.16,0.4446,-1,-1,-1
96,9,934.51,437.11,31.47,79.94,0.4913,-1,-1,-1
96,12,744.62,451.55,83.90,230.89,0.8566,-1,-1,-1
96,25,428.42,456.74,38.91,102.46,0.3054,-1,-1,-1
96,26,1703.63,432.99,82.79,148.35,0.2919,-1,-1,-1
96,28,491.40,456.02,31.27,68.59,0.2935,-1,-1,-1
96,30,1850.36,469.64,59.68,184.47,0.3156,-1,-1,-1
96,31,489.73,455.77,36.39,98.91,0.2549,-1,-1,-1
96,32,458.62,461.11,32.81,103.62,0.4708,-1,-1,-1
96,35,1080.44,447.86,53.38,147.32,0.5140,-1,-1,-1
96,37,525.93,456.41,54.07,117.81,0.4655,-1,-1,-1
96,38,552.11,443.70,115.28,355.58,0.7926,-1,-1,-1
97,1,645.26,444.72,94.71,294.71,0.7855,-1,-1,-1
97,3,511.20,446.70,82.24,297.00,0.5698,-1,-1,-1
97,7,1257.84,443.48,38.89,100.15,0.7732,-1,-1,-1
97,8,1004.10,447.34,33.51,76.01,0.5445,-1,-1,-1
97,9,934.55,437.15,31.43,79.91,0.5465,-1,-1,-1
97,12,747.29,452.10,82.59,231.29,0.8542,-1,-1,-1
97,25,428.75,457.53,37.90,102.70,0.3270,-1,-1,-1
97,26,1704.13,432.88,82.48,148.45,0.2978,-1,-1,-1
97,28,493.48,454.10,30.10,66.65,0.3180,-1,-1,-1
97,30,1850.13,466.95,59.90,186.57,0.3830,-1,-1,-1
97,32,456.49,460.71,34.25,105.07,0.5064,-1,-1,-1
97,35,1080.39,448.53,53.92,147.26,0.5151,-1,-1,-1
97,37,525.57,456.59,54.38,119.10,0.4291,-1,-1,-1
97,38,551.00,441.80,115.87,360.15,0.8070,-1,-1,-1
98,1,644.68,443.51,96.18,295.54,0.7981,-1,-1,-1
98,3,510.78,446.63,82.80,296.63,0.5472,-1,-1,-1
98,7,1257.17,442.64,39.42,100.69,0.7851,-1,-1,-1
98,8,1003.68,447.28,33.75,75.80,0.4921,-1,-1,-1
98,9,934.47,437.20,31.44,79.64,0.4382,-1,-1,-1
98,12,748.93,452.57,81.50,232.28,0.8518,-1,-1,-1
98,26,1705.04,432.23,82.34,148.49,0.3534,-1,-1,-1
98,28,495.18,453.49,28.83,65.06,0.3099,-1,-1,-1
98,30,1850.49,469.09,59.35,185.71,0.3328,-1,-1,-1
98,31,489.47,460.99,39.93,114.59,0.2509,-1,-1,-1
98,32,456.81,461.35,34.05,105.35,0.5471,-1,-1,-1
98,35,1079.80,446.89,54.28,148.35,0.4489,-1,-1,-1
98,37,525.12,455.29,54.52,118.09,0.4485,-1,-1,-1
98,38,549.63,439.48,116.46,361.42,0.7863,-1,-1,-1
99,1,646.33,443.43,96.88,296.08,0.8022,-1,-1,-1
99,3,515.61,447.94,82.30,296.87,0.5972,-1,-1,-1
99,7,1256.82,443.48,39.60,100.47,0.7942,-1,-1,-1
99,8,1003.79,447.17,34.30,75.90,0.5817,-1,-1,-1
99,9,934.79,437.41,31.48,79.53,0.4498,-1,-1,-1
99,12,751.41,453.35,80.88,233.20,0.8679,-1,-1,-1
99,28,495.23,453.92,27.46,64.24,0.3247,-1,-1,-1
99,32,456.95,463.45,34.00,104.23,0.5626,-1,-1,-1
99,36,1870.42,387.80,47.62,256.50,0.2606,-1,-1,-1
99,38,558.35,439.89,111.01,361.72,0.7661,-1,-1,-1
100,1,648.25,442.82,98.75,296.97,0.8163,-1,-1,-1
100,3,512.47,447.87,84.06,297.18,0.5757,-1,-1,-1
100,7,1256.27,444.00,39.35,100.22,0.7908,-1,-1,-1
100,8,1003.70,447.05,34.35,76.02,0.6130,-1,-1,-1
100,9,935.19,437.59,31.61,79.33,0.4591,-1,-1,-1
100,12,753.48,452.62,79.96,233.76,0.8390,-1,-1,-1
100,17,372.68,442.49,29.69,65.77,0.3063,-1,-1,-1
100,28,495.33,454.00,26.84,63.71,0.2899,-1,-1,-1
100,31,490.68,458.77,43.34,126.03,0.2613,-1,-1,-1
100,32,455.56,463.93,34.86,103.65,0.5789,-1,-1,-1
100,34,1099.42,439.04,37.94,110.70,0.3756,-1,-1,-1
100,37,526.26,454.98,53.43,114.14,0.3651,-1,-1,-1
100,38,555.15,438.24,111.95,364.80,0.8120,-1,-1,-1
101,1,649.36,442.82,100.27,297.67,0.8332,-1,-1,-1
101,3,509.74,447.85,85.21,297.83,0.5932,-1,-1,-1
101,7,1256.16,443.99,39.36,100.12,0.7868,-1,-1,-1
101,8,1003.54,447.01,34.45,76.17,0.6762,-1,-1,-1
101,9,935.32,437.26,31.73,79.57,0.5001,-1,-1,-1
101,12,755.08,453.27,79.21,234.22,0.7959,-1,-1,-1
101,17,372.47,443.13,29.14,64.05,0.2967,-1,-1,-1
101,31,489.95,456.72,44.64,131.46,0.2755,-1,-1,-1
101,32,455.03,463.69,35.33,103.47,0.5924,-1,-1,-1
101,34,1100.32,438.70,37.62,111.01,0.3864,-1,-1,-1
101,35,1090.30,442.08,49.15,148.86,0.2812,-1,-1,-1
101,38,553.83,437.65,112.84,367.04,0.8136,-1,-1,-1
102,1,650.15,442.36,101.65,298.04,0.8464,-1,-1,-1
102,3,506.87,447.39,86.55,299.09,0.5715,-1,-1,-1
102,7,1255.72,444.89,38.91,99.63,0.8032,-1,-1,-1
102,8,1003.93,446.88,34.35,76.56,0.7006,-1,-1,-1
102,9,935.38,437.46,31.91,79.58,0.4336,-1,-1,-1
102,12,756.28,453.73,78.77,234.71,0.8415,-1,-1,-1
102,15,1080.98,450.13,52.63,132.12,0.3314,-1,-1,-1
102,20,1165.19,438.40,25.21,87.53,0.2781,-1,-1,-1
102,28,489.15,461.00,29.77,73.41,0.2609,-1,-1,-1
102,30,1850.03,484.02,58.93,175.86,0.2537,-1,-1,-1
102,31,490.74,455.25,45.69,135.52,0.3459,-1,-1,-1
102,32,455.68,463.12,35.25,103.81,0.5877,-1,-1,-1
102,34,1101.84,441.19,36.01,108.18,0.2915,-1,-1,-1
102,35,1095.75,441.08,45.16,148.65,0.3952,-1,-1,-1
102,36,1880.49,388.95,41.07,246.78,0.2895,-1,-1,-1
102,37,528.19,455.73,54.60,116.56,0.3734,-1,-1,-1
102,38,550.53,436.22,115.73,369.36,0.8367,-1,-1,-1
103,1,651.26,441.83,102.77,298.40,0.8632,-1,-1,-1
103,3,510.64,447.75,84.84,301.16,0.4638,-1,-1,-1
103,7,1254.79,444.86,39.71,99.53,0.7862,-1,-1,-1
103,8,1004.09,446.96,34.17,76.84,0.6892,-1,-1,-1
103,9,935.39,437.47,31.97,79.66,0.4555,-1,-1,-1
103,12,758.16,454.00,78.95,235.10,0.8048,-1,-1,-1
103,15,1083.56,446.73,50.49,140.20,0.2634,-1,-1,-1
103,28,486.34,461.26,32.25,81.92,0.2685,-1,-1,-1
103,29,1070.74,451.48,41.31,137.60,0.2689,-1,-1,-1
103,30,1841.24,476.48,65.03,178.73,0.2841,-1,-1,-1
103,31,490.56,454.05,46.48,138.15,0.4974,-1,-1,-1
103,32,455.90,463.32,34.93,103.88,0.5506,-1,-1,-1
103,34,1102.55,442.59,34.80,106.30,0.4344,-1,-1,-1
103,35,1098.53,440.10,42.25,148.21,0.4764,-1,-1,-1
103,37,528.28,453.60,56.70,120.63,0.4741,-1,-1,-1
103,38,547.92,435.00,117.93,370.67,0.8142,-1,-1,-1
104,1,652.34,441.66,102.67,298.38,0.8648,-1,-1,-1
104,3,512.33,447.79,83.33,304.23,0.3505,-1,-1,-1
104,7,1253.60,444.91,39.99,99.54,0.7765,-1,-1,-1
104,8,1003.94,446.73,33.76,77.04,0.6596,-1,-1,-1
104,9,934.95,437.50,32.05,79.57,0.4664,-1,-1,-1
104,12,760.44,455.00,80.09,236.70,0.7951,-1,-1,-1
104,20,1164.40,438.74,25.69,87.59,0.2518,-1,-1,-1
104,28,483.85,459.92,33.64,87.61,0.3094,-1,-1,-1
104,29,1071.84,449.72,42.29,141.46,0.2577,-1,-1,-1
104,30,1840.32,471.56,67.85,181.48,0.3512,-1,-1,-1
104,31,490.24,453.72,47.01,139.76,0.4556,-1,-1,-1
104,32,452.56,463.24,36.23,104.25,0.6193,-1,-1,-1
104,34,1102.84,441.61,34.35,106.98,0.5130,-1,-1,-1
104,35,1098.90,440.48,40.04,148.47,0.2775,-1,-1,-1
104,36,1881.21,390.34,39.61,243.72,0.2856,-1,-1,-1
104,37,529.05,452.24,56.94,119.59,0.4163,-1,-1,-1
104,38,544.38,434.07,120.74,372.04,0.8297,-1,-1,-1
105,1,655.07,442.48,102.46,298.89,0.8637,-1,-1,-1
105,3,515.07,448.22,81.68,307.88,0.3383,-1,-1,-1
105,7,1252.72,445.28,37.70,99.08,0.6921,-1,-1,-1
105,8,1003.57,446.48,33.47,77.09,0.5288,-1,-1,-1
105,9,934.67,437.21,32.15,79.64,0.4314,-1,-1,-1
105,12,761.79,455.28,81.36,238.33,0.7951,-1,-1,-1
105,28,482.81,457.86,35.68,92.59,0.2764,-1,-1,-1
105,30,1843.72,474.64,66.10,180.81,0.2956,-1,-1,-1
105,31,489.17,452.84,47.62,141.11,0.3459,-1,-1,-1
105,32,450.88,462.29,36.95,105.10,0.4660,-1,-1,-1
105,34,1103.06,441.89,34.03,107.23,0.5707,-1,-1,-1
105,35,1099.62,440.55,38.41,147.23,0.2770,-1,-1,-1
105,36,1880.59,389.47,39.58,243.15,0.2653,-1,-1,-1
105,37,530.14,452.09,57.48,120.10,0.3492,-1,-1,-1
105,38,542.06,433.35,123.63,373.28,0.8123,-1,-1,-1
106,1,658.44,442.34,103.03,299.44,0.8762,-1,-1,-1
106,3,513.98,447.53,80.91,309.65,0.3576,-1,-1,-1
106,7,1252.19,445.05,37.22,99.44,0.6741,-1,-1,-1
106,8,1003.76,446.40,33.24,77.31,0.5491,-1,-1,-1
106,9,934.63,437.01,32.19,79.79,0.4576,-1,-1,-1
106,12,762.52,455.80,82.61,239.23,0.7702,-1,-1,-1
106,15,1079.13,445.56,53.09,146.07,0.2506,-1,-1,-1
106,30,1843.38,471.03,67.26,181.48,0.3900,-1,-1,-1
106,31,486.41,447.51,48.55,130.09,0.3251,-1,-1,-1
106,32,448.29,461.97,37.71,105.69,0.5436,-1,-1,-1
106,34,1103.41,441.82,33.80,107.04,0.4615,-1,-1,-1
106,35,1100.99,442.12,37.22,146.95,0.3595,-1,-1,-1
106,36,1880.22,390.17,39.65,242.58,0.2987,-1,-1,-1
106,37,531.00,451.90,57.60,119.55,0.3463,-1,-1,-1
106,38,541.82,433.93,125.70,372.71,0.8187,-1,-1,-1
107,1,661.39,442.34,103.83,299.97,0.8793,-1,-1,-1
107,3,514.91,447.58,80.21,310.11,0.4554,-1,-1,-1
107,7,1251.75,445.28,35.95,99.28,0.6959,-1,-1,-1
107,8,1003.92,446.27,33.18,77.32,0.5762,-1,-1,-1
107,9,935.03,437.30,32.65,79.94,0.4503,-1,-1,-1
107,12,762.65,455.70,82.74,240.72,0.8071,-1,-1,-1
107,15,1076.00,442.26,57.29,150.23,0.2541,-1,-1,-1
107,30,1841.61,470.47,68.04,181.37,0.3024,-1,-1,-1
107,31,486.98,445.42,49.08,121.09,0.3291,-1,-1,-1
107,32,445.83,461.34,38.47,106.28,0.5133,-1,-1,-1
107,34,1103.74,440.16,33.73,108.17,0.4035,-1,-1,-1
107,35,1098.62,440.57,37.98,148.89,0.2585,-1,-1,-1
107,38,542.75,433.85,127.15,371.73,0.8092,-1,-1,-1
108,1,662.67,442.34,104.00,300.85,0.8672,-1,-1,-1
108,3,513.32,447.94,82.12,308.74,0.4671,-1,-1,-1
108,7,1251.78,445.53,35.15,99.23,0.7114,-1,-1,-1
108,8,1004.62,446.42,33.18,77.26,0.2929,-1,-1,-1
108,9,935.26,437.76,33.36,80.28,0.3652,-1,-1,-1
108,12,762.52,454.56,82.89,242.51,0.7860,-1,-1,-1
108,29,1073.08,453.56,49.52,143.45,0.2835,-1,-1,-1
108,30,1839.93,470.47,68.61,181.94,0.2988,-1,-1,-1
108,31,487.47,452.22,50.09,124.59,0.3994,-1,-1,-1
108,32,443.12,459.58,39.79,107.44,0.5343,-1,-1,-1
108,34,1103.98,439.24,33.62,106.40,0.3432,-1,-1,-1
108,38,546.08,433.21,128.21,372.26,0.7937,-1,-1,-1
109,1,663.19,442.66,103.98,302.28,0.8589,-1,-1,-1
109,3,513.01,448.53,82.95,307.35,0.4676,-1,-1,-1
109,7,1252.05,445.92,34.27,98.99,0.7122,-1,-1,-1
109,8,1004.69,446.75,33.35,77.27,0.3793,-1,-1,-1
109,9,935.10,437.23,33.86,80.74,0.4131,-1,-1,-1
109,12,762.76,453.72,83.12,244.06,0.7950,-1,-1,-1
109,29,1070.99,453.08,48.31,143.95,0.3450,-1,-1,-1
109,30,1839.25,470.24,69.00,182.63,0.3113,-1,-1,-1
109,31,487.95,452.89,50.63,124.78,0.3965,-1,-1,-1
109,32,441.77,458.66,41.33,108.40,0.4834,-1,-1,-1
109,34,1103.81,438.90,33.63,106.26,0.3905,-1,-1,-1
109,38,549.42,433.55,129.33,372.80,0.8195,-1,-1,-1
110,1,664.17,442.87,103.91,303.68,0.8758,-1,-1,-1
110,3,517.58,452.49,82.36,305.41,0.4400,-1,-1,-1
110,7,1252.09,445.90,34.14,98.93,0.7322,-1,-1,-1
110,9,934.83,437.10,34.15,80.98,0.4472,-1,-1,-1
110,12,762.39,451.87,83.86,245.91,0.7812,-1,-1,-1
110,25,440.71,455.40,39.22,85.76,0.3048,-1,-1,-1
110,29,1073.54,453.31,49.07,143.99,0.2551,-1,-1,-1
110,30,1835.94,470.27,71.51,182.43,0.2912,-1,-1,-1
110,31,489.60,449.21,50.01,120.24,0.3655,-1,-1,-1
110,32,440.45,457.25,42.42,107.48,0.4312,-1,-1,-1
110,34,1102.66,437.89,34.26,106.70,0.4457,-1,-1,-1
110,38,549.27,434.64,132.49,374.15,0.8261,-1,-1,-1
111,1,665.76,442.94,104.23,304.92,0.8780,-1,-1,-1
111,3,521.80,457.47,79.98,301.49,0.4380,-1,-1,-1
111,7,1250.78,445.79,34.47,99.18,0.7488,-1,-1,-1
111,8,1004.45,449.50,33.16,75.27,0.3854,-1,-1,-1
111,9,934.63,436.92,34.44,81.35,0.4840,-1,-1,-1
111,12,761.96,451.66,84.61,246.79,0.7882,-1,-1,-1
111,29,1073.98,451.27,50.12,145.68,0.2822,-1,-1,-1
111,30,1835.62,471.69,72.62,181.82,0.2646,-1,-1,-1
111,31,489.81,448.46,49.35,117.55,0.4183,-1,-1,-1
111,32,438.73,456.11,42.57,106.01,0.3444,-1,-1,-1
111,34,1102.54,438.13,34.39,106.79,0.4467,-1,-1,-1
111,38,550.69,434.89,134.32,375.63,0.8402,-1,-1,-1
112,1,667.12,442.82,104.90,306.30,0.8824,-1,-1,-1
112,3,525.24,456.94,77.55,299.88,0.5033,-1,-1,-1
112,7,1248.62,444.92,35.39,99.67,0.7871,-1,-1,-1
112,8,1004.28,450.32,33.57,74.25,0.4651,-1,-1,-1
112,9,934.49,436.75,34.74,81.53,0.4730,-1,-1,-1
112,12,762.32,451.43,85.08,247.11,0.8008,-1,-1,-1
112,20,1163.80,438.57,26.89,87.87,0.3215,-1,-1,-1
112,29,1076.23,450.94,50.23,146.19,0.2926,-1,-1,-1
112,30,1835.10,473.49,72.85,180.81,0.2502,-1,-1,-1
112,31,489.32,448.80,48.55,115.49,0.4705,-1,-1,-1
112,32,438.72,457.17,42.42,106.31,0.3156,-1,-1,-1
112,34,1103.53,438.35,33.97,106.86,0.4400,-1,-1,-1
112,38,547.90,435.93,135.97,377.53,0.8438,-1,-1,-1
112,39,528.30,452.01,31.12,75.20,0.5040,-1,-1,-1
113,1,668.06,443.23,104.93,307.96,0.8806,-1,-1,-1
113,3,517.82,453.98,81.59,303.34,0.3730,-1,-1,-1
113,7,1246.34,444.34,36.47,99.90,0.7744,-1,-1,-1
113,8,1003.58,451.06,34.13,73.35,0.5060,-1,-1,-1
113,9,934.70,436.84,34.96,81.43,0.6249,-1,-1,-1
113,12,762.74,450.69,84.17,247.35,0.7866,-1,-1,-1
113,15,1077.73,441.55,55.68,153.37,0.2970,-1,-1,-1
113,20,1163.81,438.61,26.86,87.51,0.2871,-1,-1,-1
113,26,1701.67,432.78,83.93,148.50,0.3293,-1,-1,-1
113,31,488.60,450.38,48.21,113.38,0.6142,-1,-1,-1
113,32,437.76,457.71,42.77,106.19,0.3086,-1,-1,-1
113,34,1104.47,439.94,33.41,106.59,0.4070,-1,-1,-1
113,35,1100.17,438.34,37.33,140.28,0.2757,-1,-1,-1
113,38,546.17,435.93,138.48,379.19,0.8364,-1,-1,-1
113,39,528.68,455.29,29.40,74.65,0.4601,-1,-1,-1
114,1,668.50,443.03,104.13,308.94,0.8705,-1,-1,-1
114,3,520.65,451.56,80.25,304.35,0.4448,-1,-1,-1
114,7,1246.03,444.51,36.22,99.79,0.7223,-1,-1,-1
114,8,1004.28,451.27,34.13,72.86,0.4914,-1,-1,-1
114,9,935.38,436.89,35.05,81.28,0.5897,-1,-1,-1
114,12,764.46,449.79,82.70,247.37,0.7906,-1,-1,-1
114,15,1078.67,438.48,54.78,155.57,0.2628,-1,-1,-1
114,31,488.11,451.32,47.90,112.32,0.5895,-1,-1,-1
114,32,441.76,462.36,42.23,104.76,0.3540,-1,-1,-1
114,34,1104.69,438.16,33.11,108.19,0.3916,-1,-1,-1
114,35,1094.32,436.37,41.66,142.86,0.3676,-1,-1,-1
114,38,544.24,435.97,141.54,380.62,0.8384,-1,-1,-1
114,39,529.02,455.39,28.52,74.04,0.5603,-1,-1,-1
115,1,668.80,442.90,103.64,310.05,0.8796,-1,-1,-1
115,3,526.28,451.25,76.18,304.53,0.3901,-1,-1,-1
115,7,1245.26,444.05,36.29,99.60,0.7523,-1,-1,-1
115,8,1004.81,451.45,34.28,72.56,0.4404,-1,-1,-1
115,9,935.98,437.07,35.03,81.51,0.6339,-1,-1,-1
115,12,764.83,450.45,82.17,247.36,0.8061,-1,-1,-1
115,30,1843.85,487.09,67.07,173.58,0.2500,-1,-1,-1
115,31,490.18,451.63,46.57,111.95,0.6203,-1,-1,-1
115,32,442.91,462.51,41.32,104.86,0.3785,-1,-1,-1
115,34,1101.38,439.63,35.17,111.61,0.2964,-1,-1,-1
115,35,1091.87,438.76,43.92,146.07,0.2885,-1,-1,-1
115,36,1883.44,392.53,37.05,239.24,0.2502,-1,-1,-1
115,38,544.85,435.54,143.10,381.31,0.8446,-1,-1,-1
115,39,529.41,453.72,27.95,73.60,0.5890,-1,-1,-1
116,1,669.72,442.74,102.75,310.89,0.8732,-1,-1,-1
116,3,531.12,452.38,72.80,306.70,0.3473,-1,-1,-1
116,7,1244.26,444.55,36.21,99.16,0.7915,-1,-1,-1
116,8,1005.19,451.88,34.26,71.98,0.3143,-1,-1,-1
116,9,936.59,437.34,34.95,81.28,0.6868,-1,-1,-1
116,12,767.30,450.29,83.24,248.19,0.8454,-1,-1,-1
116,15,1079.29,440.47,55.03,155.19,0.4610,-1,-1,-1
116,20,1163.87,438.65,26.77,87.52,0.2552,-1,-1,-1
116,30,1845.72,488.07,64.03,170.48,0.3374,-1,-1,-1
116,31,490.11,451.52,46.01,110.98,0.6208,-1,-1,-1
116,32,442.17,460.51,41.36,105.97,0.2752,-1,-1,-1
116,38,544.83,435.30,144.19,382.23,0.8309,-1,-1,-1
116,39,529.44,453.91,27.83,73.39,0.6099,-1,-1,-1
117,1,669.74,443.13,101.50,311.94,0.8665,-1,-1,-1
117,7,1243.40,444.56,35.68,98.56,0.7713,-1,-1,-1
117,8,1005.66,452.23,33.67,71.53,0.4197,-1,-1,-1
117,9,937.04,437.41,34.94,81.04,0.6479,-1,-1,-1
117,12,768.39,450.73,83.70,248.82,0.8100,-1,-1,-1
117,15,1079.27,442.34,56.27,153.43,0.5620,-1,-1,-1
117,30,1847.17,489.41,61.76,168.21,0.3122,-1,-1,-1
117,31,491.43,452.86,44.82,112.61,0.5108,-1,-1,-1
117,32,437.32,456.78,42.62,106.80,0.2727,-1,-1,-1
117,36,1879.48,391.49,39.68,248.60,0.2714,-1,-1,-1
117,38,543.03,435.14,145.55,381.82,0.8582,-1,-1,-1
117,39,529.75,453.68,27.92,74.12,0.6264,-1,-1,-1
118,1,670.78,443.31,101.41,313.11,0.8522,-1,-1,-1
118,7,1241.77,444.36,35.54,98.29,0.7459,-1,-1,-1
118,8,1006.11,452.60,34.37,71.37,0.3394,-1,-1,-1
118,9,937.34,437.42,34.94,81.07,0.5747,-1,-1,-1
118,12,768.78,450.29,83.30,248.34,0.7800,-1,-1,-1
118,15,1079.64,443.51,56.70,150.39,0.5832,-1,-1,-1
118,30,1847.98,487.93,60.86,168.19,0.3795,-1,-1,-1
118,31,490.59,452.89,44.28,114.03,0.4274,-1,-1,-1
118,32,439.89,456.77,41.46,106.44,0.3357,-1,-1,-1
118,38,540.47,435.88,148.19,381.67,0.8426,-1,-1,-1
118,39,529.75,453.38,28.43,75.05,0.6231,-1,-1,-1
119,1,670.72,444.63,100.22,316.09,0.8476,-1,-1,-1
119,7,1241.11,443.61,34.55,98.88,0.7670,-1,-1,-1
119,8,1008.58,452.11,32.68,71.05,0.5315,-1,-1,-1
119,9,937.76,438.00,35.30,82.01,0.6310,-1,-1,-1
119,12,771.70,451.12,85.34,248.27,0.7549,-1,-1,-1
119,15,1079.31,445.55,57.12,147.66,0.5615,-1,-1,-1
119,30,1848.52,487.09,60.13,168.07,0.3052,-1,-1,-1
119,31,490.79,452.56,43.64,114.84,0.5409,-1,-1,-1
119,32,439.08,459.13,41.48,105.98,0.4598,-1,-1,-1
119,38,537.61,438.15,149.42,383.67,0.8180,-1,-1,-1
119,39,529.50,453.65,28.54,74.73,0.5905,-1,-1,-1
120,1,673.98,443.97,99.79,317.18,0.8386,-1,-1,-1
120,7,1240.22,443.66,33.88,99.24,0.7796,-1,-1,-1
120,8,1009.90,451.73,31.65,70.88,0.4692,-1,-1,-1
120,9,937.65,437.95,35.79,82.55,0.5583,-1,-1,-1
120,12,773.40,448.45,88.17,249.65,0.7720,-1,-1,-1
120,15,1079.85,447.99,57.04,146.77,0.5863,-1,-1,-1
120,30,1848.23,483.09,60.11,170.54,0.3277,-1,-1,-1
120,31,490.53,452.42,43.45,116.01,0.5264,-1,-1,-1
120,32,437.29,459.74,41.53,105.72,0.4970,-1,-1,-1
120,36,1882.40,390.98,37.95,244.43,0.3058,-1,-1,-1
120,38,536.27,438.81,151.40,383.65,0.8201,-1,-1,-1
120,39,529.47,453.44,28.55,74.53,0.5355,-1,-1,-1
121,1,675.80,444.25,99.25,318.84,0.8584,-1,-1,-1
121,7,1239.40,443.65,33.36,99.53,0.8046,-1,-1,-1
121,8,1010.78,451.75,30.72,70.81,0.5002,-1,-1,-1
121,9,937.64,438.21,36.40,83.66,0.5331,-1,-1,-1
121,12,775.07,447.98,92.04,250.65,0.7657,-1,-1,-1
121,15,1080.26,448.49,56.73,145.75,0.5526,-1,-1,-1
121,20,1163.70,438.65,26.92,87.44,0.2512,-1,-1,-1
121,30,1849.03,487.12,59.06,168.61,0.3052,-1,-1,-1
121,31,490.72,452.34,43.07,117.16,0.5917,-1,-1,-1
121,32,437.15,461.27,41.40,105.10,0.4698,-1,-1,-1
121,36,1883.50,391.30,36.91,241.95,0.2782,-1,-1,-1
121,38,537.13,440.77,152.75,385.97,0.8166,-1,-1,-1
121,39,529.34,452.42,28.65,74.93,0.5059,-1,-1,-1
122,1,678.75,443.38,100.58,320.36,0.8524,-1,-1,-1
122,7,1238.68,443.89,32.94,99.62,0.8035,-1,-1,-1
122,8,1010.47,451.59,30.22,70.96,0.3706,-1,-1,-1
122,9,937.79,437.74,36.99,83.91,0.4826,-1,-1,-1
122,12,776.36,448.51,95.82,251.31,0.7747,-1,-1,-1
122,15,1079.99,449.88,56.81,145.00,0.5739,-1,-1,-1
122,20,1163.59,438.87,27.07,87.35,0.2614,-1,-1,-1
122,30,1848.66,483.57,58.95,170.47,0.3215,-1,-1,-1
122,31,490.26,452.27,42.66,118.21,0.5797,-1,-1,-1
122,32,436.94,461.07,40.48,103.38,0.3298,-1,-1,-1
122,36,1883.05,391.58,36.94,242.18,0.3010,-1,-1,-1
122,38,539.22,441.70,153.73,388.62,0.7855,-1,-1,-1
122,39,529.34,451.99,28.62,75.01,0.5612,-1,-1,-1
123,1,679.92,442.71,100.97,321.67,0.8685,-1,-1,-1
123,7,1239.11,444.37,32.10,99.16,0.7559,-1,-1,-1
123,8,1008.10,451.94,31.95,70.89,0.4171,-1,-1,-1
123,9,939.68,438.26,37.55,85.12,0.3999,-1,-1,-1
123,12,778.41,449.39,99.10,251.16,0.7287,-1,-1,-1
123,15,1080.33,449.27,55.88,145.59,0.6423,-1,-1,-1
123,30,1848.76,485.93,58.51,169.04,0.2802,-1,-1,-1
123,31,489.75,453.52,42.64,118.50,0.6876,-1,-1,-1
123,32,436.30,462.93,39.48,102.28,0.3700,-1,-1,-1
123,36,1882.39,391.58,37.26,242.24,0.3049,-1,-1,-1
123,38,540.22,440.84,155.38,391.67,0.7669,-1,-1,-1
123,39,529.54,452.19,28.71,75.10,0.6238,-1,-1,-1
123,41,806.30,455.36,71.72,249.10,0.3041,-1,-1,-1
123,42,828.82,446.47,47.76,116.10,0.3171,-1,-1,-1
124,1,680.25,441.89,99.91,323.07,0.8718,-1,-1,-1
124,7,1238.52,446.33,31.90,97.82,0.7443,-1,-1,-1
124,8,1003.49,452.60,35.37,70.50,0.2899,-1,-1,-1
124,9,940.70,438.28,38.61,85.95,0.4120,-1,-1,-1
124,12,778.86,450.05,99.96,251.17,0.7587,-1,-1,-1
124,15,1079.88,449.57,55.92,145.20,0.6280,-1,-1,-1
124,20,1164.21,438.82,27.07,87.34,0.2841,-1,-1,-1
124,30,1850.45,484.40,57.62,169.90,0.3360,-1,-1,-1
124,31,489.43,454.22,42.58,118.66,0.7389,-1,-1,-1
124,32,434.41,463.61,39.70,102.24,0.3591,-1,-1,-1
124,36,1882.44,392.27,37.26,242.68,0.2686,-1,-1,-1
124,38,545.92,439.96,153.94,394.28,0.7820,-1,-1,-1
124,39,529.90,452.15,28.54,74.83,0.6429,-1,-1,-1
124,42,832.76,445.88,47.30,117.03,0.2881,-1,-1,-1
124,43,763.81,448.61,40.02,92.06,0.2708,-1,-1,-1
125,1,680.87,440.98,98.37,324.17,0.8752,-1,-1,-1
125,7,1235.58,448.40,33.09,96.25,0.6648,-1,-1,-1
125,9,942.08,437.92,39.29,86.60,0.4621,-1,-1,-1
125,12,781.07,450.77,101.33,251.93,0.7987,-1,-1,-1
125,15,1079.68,450.50,56.09,144.71,0.6056,-1,-1,-1
125,30,1849.75,486.19,57.90,168.90,0.3285,-1,-1,-1
125,31,489.80,452.73,42.26,118.89,0.7049,-1,-1,-1
125,32,437.34,463.06,42.98,101.24,0.3161,-1,-1,-1
125,38,548.62,439.73,153.21,396.42,0.8021,-1,-1,-1
125,39,530.09,452.85,28.16,74.17,0.6764,-1,-1,-1
125,42,835.01,444.87,52.59,124.20,0.2885,-1,-1,-1
125,43,766.34,442.83,42.02,88.86,0.2748,-1,-1,-1
126,1,682.26,440.09,97.53,325.17,0.8718,-1,-1,-1
126,7,1232.36,449.17,34.80,95.40,0.6933,-1,-1,-1
126,9,944.24,438.44,39.28,86.94,0.5633,-1,-1,-1
126,12,781.72,451.00,101.24,252.84,0.8009,-1,-1,-1
126,15,1080.49,450.30,56.06,143.94,0.5971,-1,-1,-1
126,20,1163.88,438.84,27.36,87.57,0.3563,-1,-1,-1
126,30,1850.88,488.68,57.64,167.12,0.2950,-1,-1,-1
126,31,485.79,451.16,43.93,118.70,0.6091,-1,-1,-1
126,36,1882.66,391.14,37.12,241.60,0.2760,-1,-1,-1
126,38,552.26,438.67,152.99,397.73,0.8296,-1,-1,-1
126,39,529.63,453.23,28.09,73.86,0.6873,-1,-1,-1
126,40,594.13,437.48,28.88,60.49,0.3200,-1,-1,-1
126,42,836.28,445.67,53.94,129.09,0.4994,-1,-1,-1
127,1,683.65,439.51,97.06,326.52,0.8529,-1,-1,-1
127,7,1228.53,448.02,36.99,96.41,0.7143,-1,-1,-1
127,9,945.70,439.08,39.12,86.92,0.6309,-1,-1,-1
127,12,782.56,452.64,100.60,253.26,0.8450,-1,-1,-1
127,15,1081.00,450.15,55.96,143.37,0.5703,-1,-1,-1
127,20,1163.54,438.87,27.48,87.70,0.2924,-1,-1,-1
127,30,1850.11,486.85,57.88,167.80,0.3788,-1,-1,-1
127,31,486.22,450.52,44.08,118.23,0.6191,-1,-1,-1
127,38,553.83,437.95,153.49,398.35,0.8244,-1,-1,-1
127,39,528.92,453.75,27.80,73.23,0.7032,-1,-1,-1
127,40,594.32,439.56,29.62,58.10,0.2672,-1,-1,-1
127,42,837.61,445.24,54.64,132.49,0.3888,-1,-1,-1
128,1,684.20,438.51,96.15,325.85,0.8389,-1,-1,-1
128,7,1225.67,447.32,38.84,97.15,0.7383,-1,-1,-1
128,9,947.63,439.04,38.33,86.92,0.5723,-1,-1,-1
128,12,785.35,453.00,99.03,253.74,0.8351,-1,-1,-1
128,15,1081.01,451.00,56.17,143.07,0.6287,-1,-1,-1
128,20,1163.51,438.94,27.70,87.81,0.3383,-1,-1,-1
128,26,1702.20,433.40,82.94,149.31,0.2858,-1,-1,-1
128,30,1849.82,484.54,57.84,168.82,0.4559,-1,-1,-1
128,31,486.24,450.34,44.16,118.19,0.6363,-1,-1,-1
128,32,436.79,464.55,45.63,102.67,0.4190,-1,-1,-1
128,36,1878.24,391.59,39.95,246.17,0.2667,-1,-1,-1
128,38,555.27,437.13,154.22,398.76,0.8380,-1,-1,-1
128,39,528.56,452.88,27.57,73.36,0.6943,-1,-1,-1
128,42,841.14,444.38,59.22,141.21,0.3114,-1,-1,-1
129,1,684.57,437.90,95.41,325.61,0.8341,-1,-1,-1
129,7,1223.40,445.69,40.62,98.42,0.6840,-1,-1,-1
129,9,948.97,438.35,37.71,87.75,0.6249,-1,-1,-1
129,12,787.78,456.31,97.39,252.46,0.8605,-1,-1,-1
129,15,1082.77,450.91,55.97,143.09,0.5627,-1,-1,-1
129,20,1163.38,438.71,27.82,87.94,0.3446,-1,-1,-1
129,30,1846.59,481.67,60.13,169.45,0.3886,-1,-1,-1
129,31,487.05,449.05,43.32,117.08,0.3458,-1,-1,-1
129,32,433.97,463.37,45.21,103.59,0.2588,-1,-1,-1
129,36,1879.90,389.79,39.50,244.22,0.2535,-1,-1,-1
129,38,560.52,436.67,152.86,399.06,0.8261,-1,-1,-1
129,39,528.58,452.35,27.75,73.76,0.7608,-1,-1,-1
129,42,842.94,442.83,61.08,147.22,0.3835,-1,-1,-1
129,43,785.75,443.18,31.92,65.27,0.3419,-1,-1,-1
130,1,683.65,439.21,95.32,327.43,0.8271,-1,-1,-1
130,7,1222.11,445.01,42.08,99.35,0.6358,-1,-1,-1
130,9,950.50,436.86,36.98,88.54,0.6533,-1,-1,-1
130,12,789.74,456.61,96.03,252.17,0.8669,-1,-1,-1
130,15,1084.00,451.52,56.82,143.02,0.6332,-1,-1,-1
130,20,1163.15,438.79,27.91,88.02,0.2968,-1,-1,-1
130,26,1699.37,432.91,85.68,150.09,0.2700,-1,-1,-1
130,30,1848.90,483.26,59.19,169.56,0.3529,-1,-1,-1
130,31,487.92,449.84,43.27,117.33,0.6073,-1,-1,-1
130,32,435.48,462.48,45.95,104.26,0.3270,-1,-1,-1
130,36,1880.18,389.46,39.44,243.15,0.2514,-1,-1,-1
130,38,566.10,435.74,150.33,400.67,0.8277,-1,-1,-1
130,39,528.62,452.10,28.00,74.15,0.7369,-1,-1,-1
130,42,844.29,441.72,60.75,151.02,0.3073,-1,-1,-1
131,1,685.30,439.21,96.72,329.03,0.8193,-1,-1,-1
131,7,1221.79,448.65,43.29,97.07,0.5226,-1,-1,-1
131,9,951.64,436.09,36.01,89.11,0.6274,-1,-1,-1
131,12,792.10,458.42,94.59,250.82,0.8765,-1,-1,-1
131,15,1084.58,451.73,58.30,142.85,0.5024,-1,-1,-1
131,30,1843.29,482.01,61.92,171.07,0.3458,-1,-1,-1
131,31,488.12,450.02,43.14,118.16,0.4284,-1,-1,-1
131,36,1881.39,389.42,38.73,241.73,0.3051,-1,-1,-1
131,38,569.71,435.88,149.16,401.80,0.8377,-1,-1,-1
131,39,528.82,451.95,28.46,74.40,0.7120,-1,-1,-1
131,43,791.83,452.22,30.85,70.08,0.3408,-1,-1,-1
132,1,686.34,438.15,97.52,330.28,0.8238,-1,-1,-1
132,7,1221.24,447.46,44.26,97.52,0.5581,-1,-1,-1
132,9,952.94,435.43,35.24,88.83,0.5963,-1,-1,-1
132,12,794.61,457.80,93.04,250.68,0.8801,-1,-1,-1
132,15,1085.75,451.64,58.46,142.83,0.4836,-1,-1,-1
132,30,1839.41,479.51,64.63,172.49,0.2710,-1,-1,-1
132,31,487.39,450.82,43.79,119.38,0.6019,-1,-1,-1
132,32,436.25,460.41,48.80,104.14,0.2537,-1,-1,-1
132,36,1881.49,389.95,38.52,240.98,0.2689,-1,-1,-1
132,38,572.75,435.76,148.11,402.39,0.8356,-1,-1,-1
132,39,528.78,452.17,28.80,74.48,0.7041,-1,-1,-1
133,1,686.94,437.36,98.28,331.16,0.8338,-1,-1,-1
133,7,1220.29,453.48,44.72,93.76,0.4403,-1,-1,-1
133,8,1006.36,450.72,34.60,71.71,0.3892,-1,-1,-1
133,9,953.66,435.34,34.58,89.27,0.5901,-1,-1,-1
133,12,796.56,458.37,91.39,250.05,0.8894,-1,-1,-1
133,15,1085.28,450.94,57.97,143.26,0.5716,-1,-1,-1
133,20,1163.26,438.72,27.28,87.99,0.2503,-1,-1,-1
133,30,1844.35,482.03,63.10,171.90,0.3725,-1,-1,-1
133,31,488.37,451.86,43.69,118.73,0.6305,-1,-1,-1
133,36,1882.23,390.93,37.96,241.08,0.3583,-1,-1,-1
133,38,573.12,435.64,147.96,402.51,0.8542,-1,-1,-1
133,39,528.85,452.10,28.81,74.55,0.6820,-1,-1,-1
134,1,689.39,436.42,98.13,331.12,0.8244,-1,-1,-1
134,7,1219.77,450.88,44.68,94.70,0.4988,-1,-1,-1
134,9,954.60,435.39,33.51,89.69,0.5604,-1,-1,-1
134,12,797.71,454.64,91.43,251.65,0.8578,-1,-1,-1
134,15,1085.06,450.12,57.34,143.74,0.4887,-1,-1,-1
134,20,1163.39,438.59,26.88,87.79,0.3025,-1,-1,-1
134,25,455.36,457.73,34.24,91.37,0.3176,-1,-1,-1
134,30,1846.82,483.80,61.89,171.18,0.3293,-1,-1,-1
134,31,488.81,451.49,43.30,118.78,0.5591,-1,-1,-1
134,36,1878.49,393.81,40.11,246.39,0.2510,-1,-1,-1
134,38,573.43,435.99,148.17,402.82,0.8586,-1,-1,-1
134,39,528.32,451.79,28.30,74.49,0.6248,-1,-1,-1
134,40,594.34,443.25,37.64,58.44,0.2992,-1,-1,-1
134,44,431.08,467.79,40.24,100.64,0.3743,-1,-1,-1
135,1,689.19,435.20,99.65,330.89,0.8105,-1,-1,-1
135,7,1218.68,449.55,43.50,95.43,0.6519,-1,-1,-1
135,8,1005.99,449.37,34.55,72.81,0.3802,-1,-1,-1
135,9,955.17,435.18,32.81,89.46,0.5713,-1,-1,-1
135,12,798.72,451.94,90.71,254.04,0.8167,-1,-1,-1
135,15,1085.63,449.95,57.50,144.19,0.6050,-1,-1,-1
135,20,1163.56,438.52,26.60,87.72,0.3055,-1,-1,-1
135,25,456.49,457.55,33.64,94.91,0.3892,-1,-1,-1
135,26,1701.64,431.75,84.45,150.28,0.4406,-1,-1,-1
135,30,1837.24,478.56,66.56,169.75,0.2637,-1,-1,-1
135,31,488.29,451.44,43.64,119.79,0.5870,-1,-1,-1
135,36,1863.87,445.79,45.35,214.42,0.2545,-1,-1,-1
135,38,574.15,437.39,148.45,404.71,0.8542,-1,-1,-1
135,39,528.06,451.99,27.96,74.49,0.6367,-1,-1,-1
135,40,592.55,443.44,40.57,58.37,0.2638,-1,-1,-1
135,42,852.13,457.28,62.36,194.95,0.2532,-1,-1,-1
135,44,429.47,467.99,40.00,100.21,0.4349,-1,-1,-1
136,1,689.83,434.52,99.84,329.94,0.8105,-1,-1,-1
136,7,1217.61,448.07,42.04,96.19,0.4572,-1,-1,-1
136,8,1005.99,448.89,33.93,73.51,0.3160,-1,-1,-1
136,9,955.46,435.57,32.54,89.78,0.5639,-1,-1,-1
136,12,800.33,450.53,89.98,255.87,0.8162,-1,-1,-1
136,15,1085.92,448.26,57.14,145.33,0.5269,-1,-1,-1
136,17,373.66,444.45,28.05,62.44,0.2583,-1,-1,-1
136,25,457.18,455.12,33.80,96.81,0.5236,-1,-1,-1
136,26,1703.07,431.38,84.06,150.26,0.4761,-1,-1,-1
136,31,487.40,451.43,44.00,120.87,0.6643,-1,-1,-1
136,36,1857.79,468.11,48.53,197.31,0.3085,-1,-1,-1
136,38,573.03,436.29,148.93,406.60,0.8755,-1,-1,-1
136,39,527.63,451.83,27.66,74.51,0.6390,-1,-1,-1
136,40,592.07,443.37,41.97,58.08,0.3228,-1,-1,-1
136,42,855.02,451.08,59.13,209.18,0.2871,-1,-1,-1
136,44,427.94,467.15,40.88,101.03,0.4625,-1,-1,-1
137,1,692.82,433.56,98.96,328.43,0.8116,-1,-1,-1
137,7,1216.12,447.50,39.70,96.59,0.6512,-1,-1,-1
137,8,1005.95,449.18,33.62,73.63,0.3222,-1,-1,-1
137,9,955.83,435.80,32.43,89.81,0.5135,-1,-1,-1
137,12,803.42,449.12,89.79,258.28,0.7916,-1,-1,-1
137,15,1086.06,447.75,56.17,144.90,0.4293,-1,-1,-1
137,20,1164.21,438.45,26.51,87.70,0.3021,-1,-1,-1
137,25,457.57,454.30,33.37,97.60,0.4787,-1,-1,-1
137,26,1702.16,431.42,84.78,149.90,0.2715,-1,-1,-1
137,30,1831.06,476.38,69.17,165.74,0.2836,-1,-1,-1
137,31,486.21,451.06,44.96,119.27,0.5892,-1,-1,-1
137,38,572.89,437.36,149.40,410.32,0.8871,-1,-1,-1
137,39,527.48,452.37,27.95,74.37,0.6161,-1,-1,-1
137,40,593.29,442.47,42.37,57.48,0.2994,-1,-1,-1
137,44,427.57,466.95,41.68,100.78,0.2696,-1,-1,-1
137,46,557.04,452.45,28.71,73.78,0.4847,-1,-1,-1
138,1,694.20,433.53,100.05,327.26,0.8126,-1,-1,-1
138,7,1216.12,446.76,38.10,97.16,0.6997,-1,-1,-1
138,8,1005.53,448.63,34.01,74.37,0.2652,-1,-1,-1
138,9,956.68,436.05,32.73,90.04,0.6023,-1,-1,-1
138,12,806.68,448.91,89.53,259.27,0.8143,-1,-1,-1
138,15,1085.04,447.04,54.73,144.97,0.4274,-1,-1,-1
138,20,1164.39,438.59,26.08,87.33,0.3136,-1,-1,-1
138,25,459.05,454.73,32.11,98.11,0.4136,-1,-1,-1
138,31,484.57,450.53,46.02,117.55,0.4827,-1,-1,-1
138,38,572.13,437.33,150.18,414.80,0.8864,-1,-1,-1
138,39,527.02,452.71,28.00,74.25,0.6525,-1,-1,-1
138,42,860.75,451.05,56.26,225.16,0.3715,-1,-1,-1
138,46,556.39,452.54,28.89,72.51,0.3358,-1,-1,-1
139,1,695.77,433.19,100.80,325.79,0.7815,-1,-1,-1
139,7,1215.94,446.54,37.07,97.49,0.7398,-1,-1,-1
139,8,1005.87,448.42,34.23,74.57,0.4123,-1,-1,-1
139,9,957.38,436.26,32.77,90.77,0.5321,-1,-1,-1
139,12,809.73,450.26,88.80,259.50,0.8216,-1,-1,-1
139,15,1083.67,447.24,53.67,145.66,0.4462,-1,-1,-1
139,20,1164.67,438.69,25.64,87.18,0.2555,-1,-1,-1
139,25,459.21,454.58,31.77,98.20,0.3500,-1,-1,-1
139,31,484.71,451.68,46.49,118.01,0.5626,-1,-1,-1
139,38,572.00,436.39,150.88,417.52,0.9004,-1,-1,-1
139,39,526.90,452.54,27.95,74.29,0.5995,-1,-1,-1
139,42,863.78,433.99,53.59,206.41,0.2948,-1,-1,-1
139,43,813.23,446.37,29.58,71.28,0.3882,-1,-1,-1
139,44,425.28,466.90,41.53,100.97,0.2950,-1,-1,-1
139,46,556.33,452.08,29.81,72.72,0.2675,-1,-1,-1
140,1,698.44,434.37,102.78,326.15,0.7862,-1,-1,-1
140,7,1216.12,446.59,36.94,97.60,0.7334,-1,-1,-1
140,8,1006.44,448.18,34.19,74.55,0.3219,-1,-1,-1
140,9,958.04,436.59,32.32,90.09,0.5281,-1,-1,-1
140,12,812.41,450.05,87.23,260.92,0.8222,-1,-1,-1
140,15,1084.14,443.65,52.25,146.56,0.3541,-1,-1,-1
140,20,1164.58,438.69,25.75,87.18,0.3365,-1,-1,-1
140,25,460.14,454.33,31.63,98.39,0.4924,-1,-1,-1
140,31,485.51,451.62,46.35,118.02,0.4997,-1,-1,-1
140,38,571.90,435.89,151.72,419.83,0.8609,-1,-1,-1
140,39,526.83,452.77,27.82,73.92,0.6276,-1,-1,-1
140,40,595.39,443.56,42.43,59.54,0.3279,-1,-1,-1
140,42,867.36,428.58,51.56,191.23,0.4174,-1,-1,-1
140,46,554.70,449.92,31.50,75.26,0.2781,-1,-1,-1
141,1,699.66,435.05,106.70,327.20,0.8015,-1,-1,-1
141,7,1213.69,446.71,36.72,97.88,0.7471,-1,-1,-1
141,8,1006.73,448.56,33.70,74.50,0.4651,-1,-1,-1
141,9,958.68,437.04,31.99,88.37,0.5208,-1,-1,-1
141,12,814.50,450.00,86.03,261.92,0.7748,-1,-1,-1
141,15,1084.32,442.39,50.79,145.16,0.4058,-1,-1,-1
141,25,460.26,453.92,31.31,98.45,0.3557,-1,-1,-1
141,31,484.09,451.41,47.50,118.04,0.2647,-1,-1,-1
141,38,569.12,434.37,153.11,420.82,0.8766,-1,-1,-1
141,39,526.30,452.85,28.01,73.95,0.5054,-1,-1,-1
141,40,595.92,443.10,42.67,60.18,0.2566,-1,-1,-1
141,46,554.84,450.73,31.51,74.09,0.2722,-1,-1,-1
142,1,700.28,435.63,111.19,327.87,0.8146,-1,-1,-1
142,7,1210.76,446.22,36.69,97.82,0.7530,-1,-1,-1
142,8,1007.05,448.78,33.77,74.44,0.5509,-1,-1,-1
142,9,958.95,437.09,31.69,87.17,0.5181,-1,-1,-1
142,12,815.69,450.34,84.87,264.24,0.8225,-1,-1,-1
142,15,1084.17,442.91,49.90,146.33,0.3724,-1,-1,-1
142,20,1164.80,438.75,25.52,87.21,0.3029,-1,-1,-1
142,31,478.76,452.34,49.27,120.11,0.2999,-1,-1,-1
142,38,567.71,433.38,153.96,422.27,0.8691,-1,-1,-1
142,39,525.36,450.70,28.49,75.59,0.5855,-1,-1,-1
142,47,875.20,445.38,79.12,230.74,0.3075,-1,-1,-1
143,1,700.23,435.34,114.57,326.73,0.8222,-1,-1,-1
143,7,1209.08,446.26,36.51,98.15,0.7367,-1,-1,-1
143,8,1006.47,449.19,33.59,74.23,0.4749,-1,-1,-1
143,9,959.54,438.11,31.64,85.86,0.4083,-1,-1,-1
143,12,817.57,450.52,84.09,267.18,0.8294,-1,-1,-1
143,15,1085.03,441.60,49.36,148.75,0.4429,-1,-1,-1
143,20,1164.80,438.90,25.27,87.11,0.2920,-1,-1,-1
143,31,476.14,452.21,51.22,121.86,0.4573,-1,-1,-1
143,38,566.41,433.93,154.69,425.41,0.8512,-1,-1,-1
143,39,524.62,449.90,29.13,76.48,0.5647,-1,-1,-1
143,46,552.10,446.07,34.56,77.77,0.3957,-1,-1,-1
143,47,873.72,439.90,80.50,233.18,0.5051,-1,-1,-1
144,1,701.60,437.35,119.07,328.41,0.8404,-1,-1,-1
144,7,1208.75,446.77,35.93,98.52,0.7037,-1,-1,-1
144,8,1005.69,449.47,33.28,73.75,0.2788,-1,-1,-1
144,9,959.47,438.83,31.68,84.98,0.4319,-1,-1,-1
144,12,818.88,450.23,82.98,267.32,0.8328,-1,-1,-1
144,15,1085.55,441.34,48.68,149.98,0.4682,-1,-1,-1
144,20,1164.68,439.35,25.52,86.96,0.4103,-1,-1,-1
144,30,1841.58,475.90,67.38,173.83,0.3575,-1,-1,-1
144,31,473.08,454.05,50.71,121.92,0.4801,-1,-1,-1
144,38,567.52,435.37,153.97,427.63,0.8514,-1,-1,-1
144,39,523.37,451.36,29.06,75.30,0.5829,-1,-1,-1
144,46,554.02,448.28,32.97,75.84,0.5078,-1,-1,-1
144,47,873.00,440.56,79.34,234.37,0.6771,-1,-1,-1
145,1,702.57,437.70,122.86,329.50,0.8481,-1,-1,-1
145,7,1207.26,446.32,35.10,99.15,0.6956,-1,-1,-1
145,9,959.72,439.45,31.78,84.52,0.4240,-1,-1,-1
145,12,821.72,452.01,81.77,267.23,0.8523,-1,-1,-1
145,15,1086.06,441.44,48.15,150.73,0.5338,-1,-1,-1
145,20,1164.53,439.52,25.59,86.75,0.3943,-1,-1,-1
145,30,1845.42,480.30,63.92,172.85,0.3414,-1,-1,-1
145,31,472.67,457.75,49.47,120.21,0.5469,-1,-1,-1
145,38,568.15,435.17,153.13,430.53,0.8202,-1,-1,-1
145,39,523.77,453.06,28.32,73.99,0.6128,-1,-1,-1
145,44,398.97,464.48,44.65,91.62,0.2583,-1,-1,-1
145,46,554.69,450.01,31.66,74.74,0.5176,-1,-1,-1
145,47,874.57,440.22,78.49,234.78,0.6627,-1,-1,-1
146,1,703.19,438.53,125.76,330.35,0.8546,-1,-1,-1
146,7,1205.63,446.00,34.42,99.38,0.7090,-1,-1,-1
146,8,1006.40,449.73,34.18,73.85,0.4885,-1,-1,-1
146,9,959.93,440.07,31.69,84.33,0.4450,-1,-1,-1
146,12,824.53,452.06,80.89,267.68,0.8689,-1,-1,-1
146,15,1085.67,441.52,48.18,151.21,0.4960,-1,-1,-1
146,17,374.44,444.72,25.05,61.29,0.2537,-1,-1,-1
146,20,1164.86,439.63,25.20,86.85,0.2998,-1,-1,-1
146,26,1700.61,431.70,84.62,150.68,0.3049,-1,-1,-1
146,30,1846.07,478.30,63.23,175.08,0.3145,-1,-1,-1
146,31,471.84,459.35,48.44,118.91,0.5426,-1,-1,-1
146,38,568.17,436.31,152.87,432.56,0.8295,-1,-1,-1
146,39,524.82,453.96,27.94,72.99,0.6663,-1,-1,-1
146,40,589.86,451.00,39.13,57.24,0.3514,-1,-1,-1
146,46,553.96,450.80,31.36,74.62,0.5727,-1,-1,-1
146,47,875.56,440.69,76.52,234.15,0.6209,-1,-1,-1
146,48,498.76,452.82,34.10,104.45,0.5481,-1,-1,-1
147,1,705.84,439.10,126.38,331.68,0.8534,-1,-1,-1
147,7,1203.17,444.99,34.77,99.91,0.7696,-1,-1,-1
147,8,1007.08,449.65,34.58,73.97,0.4429,-1,-1,-1
147,9,958.96,440.74,32.36,83.95,0.4028,-1,-1,-1
147,12,826.93,453.77,79.34,267.07,0.8662,-1,-1,-1
147,15,1086.43,444.06,47.39,150.37,0.4906,-1,-1,-1
147,20,1164.94,439.81,24.83,87.02,0.2723,-1,-1,-1
147,30,1846.89,474.27,63.40,178.52,0.3221,-1,-1,-1
147,31,471.17,459.55,47.24,118.03,0.2939,-1,-1,-1
147,38,567.12,438.31,153.09,439.07,0.8429,-1,-1,-1
147,39,525.58,454.66,27.29,71.81,0.6402,-1,-1,-1
147,40,589.44,454.45,37.10,54.86,0.3425,-1,-1,-1
147,46,553.25,450.79,32.00,74.65,0.5184,-1,-1,-1
147,47,877.50,440.56,74.99,234.23,0.7596,-1,-1,-1
147,48,499.59,452.22,35.31,104.80,0.5613,-1,-1,-1
147,49,1123.92,450.23,32.08,94.05,0.4887,-1,-1,-1
148,1,707.54,439.10,126.41,332.24,0.8584,-1,-1,-1
148,7,1201.66,444.46,34.03,100.04,0.7914,-1,-1,-1
148,8,1007.05,449.06,33.79,74.21,0.5493,-1,-1,-1
148,9,958.53,441.14,32.61,83.60,0.3988,-1,-1,-1
148,12,829.04,453.46,78.81,267.11,0.8627,-1,-1,-1
148,15,1084.05,444.93,48.03,150.40,0.5692,-1,-1,-1
148,20,1165.20,439.86,24.48,87.43,0.3254,-1,-1,-1
148,30,1845.17,473.87,63.48,179.71,0.4098,-1,-1,-1
148,31,470.51,457.38,46.81,118.49,0.2739,-1,-1,-1
148,38,565.77,437.95,154.21,445.40,0.8633,-1,-1,-1
148,39,525.48,454.74,26.50,71.12,0.5650,-1,-1,-1
148,40,588.72,455.85,35.93,52.80,0.2723,-1,-1,-1
148,46,554.10,451.10,31.02,74.17,0.4639,-1,-1,-1
148,47,879.93,442.41,72.50,232.92,0.6930,-1,-1,-1
148,48,499.36,452.14,37.36,106.17,0.5244,-1,-1,-1
148,49,1123.90,450.19,33.13,95.20,0.5085,-1,-1,-1
149,1,709.65,439.33,126.12,332.86,0.8547,-1,-1,-1
149,7,1200.02,444.55,34.08,100.24,0.7940,-1,-1,-1
149,8,1007.11,449.05,33.24,74.29,0.5010,-1,-1,-1
149,9,959.02,441.17,32.75,82.97,0.4026,-1,-1,-1
149,12,831.14,452.70,79.14,268.73,0.8228,-1,-1,-1
149,15,1083.07,444.29,48.50,150.89,0.5245,-1,-1,-1
149,20,1164.64,440.41,24.32,88.60,0.2890,-1,-1,-1
149,30,1847.04,473.89,61.94,180.02,0.4394,-1,-1,-1
149,31,470.99,457.19,45.89,118.87,0.3253,-1,-1,-1
149,38,561.54,437.10,156.55,450.39,0.8575,-1,-1,-1
149,39,525.71,454.85,25.84,70.75,0.6176,-1,-1,-1
149,40,587.93,456.01,34.77,50.42,0.2526,-1,-1,-1
149,46,553.75,451.07,31.09,74.04,0.4859,-1,-1,-1
149,47,883.39,443.91,72.05,232.99,0.7004,-1,-1,-1
149,48,500.24,453.72,35.66,104.69,0.5893,-1,-1,-1
149,49,1125.30,450.65,33.27,94.88,0.4563,-1,-1,-1
150,1,711.54,439.69,125.50,333.75,0.8672,-1,-1,-1
150,7,1198.56,444.29,34.74,100.68,0.7515,-1,-1,-1
150,8,1007.07,448.65,32.12,74.15,0.3868,-1,-1,-1
150,9,958.64,440.91,32.78,82.25,0.3615,-1,-1,-1
150,12,832.53,451.47,79.97,272.62,0.8445,-1,-1,-1
150,15,1082.61,444.21,48.72,151.15,0.4876,-1,-1,-1
150,17,374.48,444.89,25.93,61.09,0.2662,-1,-1,-1
150,30,1845.46,472.66,62.93,180.85,0.4205,-1,-1,-1
150,31,470.78,460.71,45.52,117.14,0.5666,-1,-1,-1
150,38,557.53,434.43,159.03,454.40,0.8387,-1,-1,-1
150,39,526.34,455.81,24.77,70.00,0.5054,-1,-1,-1
150,46,553.28,450.75,30.99,73.86,0.4909,-1,-1,-1
150,47,887.73,440.92,71.89,234.46,0.7806,-1,-1,-1
150,48,501.48,455.13,34.50,103.89,0.6171,-1,-1,-1
150,49,1126.08,451.34,33.27,93.79,0.5389,-1,-1,-1
151,1,714.00,439.24,123.96,334.63,0.8625,-1,-1,-1
151,7,1197.82,445.10,35.05,100.16,0.7842,-1,-1,-1
151,8,1006.79,448.26,31.23,74.51,0.3894,-1,-1,-1
151,9,958.82,440.42,33.07,80.89,0.3574,-1,-1,-1
151,12,834.02,451.63,80.02,274.73,0.8504,-1,-1,-1
151,15,1085.68,443.57,47.74,150.17,0.4816,-1,-1,-1
151,20,1164.30,439.85,24.03,88.59,0.2613,-1,-1,-1
151,30,1846.74,473.19,61.75,180.91,0.4185,-1,-1,-1
151,31,470.30,462.97,45.28,115.42,0.5567,-1,-1,-1
151,38,553.62,431.11,161.79,458.59,0.8451,-1,-1,-1
151,39,526.46,456.37,23.77,69.22,0.4856,-1,-1,-1
151,46,552.93,451.97,30.67,73.46,0.3774,-1,-1,-1
151,47,892.11,436.84,75.78,238.72,0.8003,-1,-1,-1
151,48,501.84,455.87,33.48,102.90,0.5955,-1,-1,-1
151,49,1126.86,452.17,32.61,92.63,0.6483,-1,-1,-1
152,1,715.85,438.37,122.55,335.55,0.8652,-1,-1,-1
152,7,1197.28,444.49,35.48,100.48,0.8403,-1,-1,-1
152,8,1006.65,447.90,30.94,75.71,0.5393,-1,-1,-1
152,9,959.00,441.05,33.09,81.03,0.3269,-1,-1,-1
152,12,834.61,453.03,80.43,275.63,0.8153,-1,-1,-1
152,15,1083.82,445.45,48.00,150.32,0.4818,-1,-1,-1
152,20,1164.40,439.64,23.91,88.64,0.2889,-1,-1,-1
152,30,1848.05,473.15,60.60,180.96,0.2864,-1,-1,-1
152,31,470.04,463.24,45.00,114.63,0.3398,-1,-1,-1
152,38,548.45,428.94,163.07,462.02,0.8351,-1,-1,-1
152,39,526.81,456.21,23.22,69.04,0.4727,-1,-1,-1
152,46,552.29,450.31,29.71,73.02,0.3936,-1,-1,-1
152,47,891.87,435.89,80.39,242.24,0.7431,-1,-1,-1
152,48,503.02,455.01,34.16,102.97,0.4876,-1,-1,-1
152,49,1128.28,453.81,32.33,91.28,0.6574,-1,-1,-1
153,1,717.51,437.31,121.77,337.16,0.8775,-1,-1,-1
153,7,1196.87,444.37,35.72,100.49,0.7858,-1,-1,-1
153,8,1006.32,447.79,30.98,76.66,0.4353,-1,-1,-1
153,9,959.24,441.42,33.59,81.65,0.3425,-1,-1,-1
153,12,834.66,453.33,81.63,277.04,0.8350,-1,-1,-1
153,15,1086.84,445.47,46.70,149.37,0.4787,-1,-1,-1
153,17,375.75,444.95,28.35,62.04,0.2527,-1,-1,-1
153,20,1163.83,439.42,24.03,88.89,0.3177,-1,-1,-1
153,30,1848.64,475.40,59.59,179.63,0.3303,-1,-1,-1
153,31,469.75,461.35,44.36,115.09,0.2517,-1,-1,-1
153,35,1081.42,450.89,45.64,145.42,0.3038,-1,-1,-1
153,38,543.12,428.36,163.55,465.14,0.7904,-1,-1,-1
153,39,526.64,455.95,22.44,68.70,0.4440,-1,-1,-1
153,46,549.48,449.87,31.09,72.55,0.2511,-1,-1,-1
153,47,893.24,433.85,81.13,243.74,0.7856,-1,-1,-1
153,48,503.72,455.74,33.28,102.45,0.4482,-1,-1,-1
153,49,1128.88,455.80,32.13,89.61,0.6529,-1,-1,-1
154,1,719.11,437.42,120.47,337.79,0.8745,-1,-1,-1
154,7,1196.41,445.31,35.74,100.13,0.7743,-1,-1,-1
154,8,1005.86,447.40,30.93,77.07,0.3426,-1,-1,-1
154,9,959.48,441.27,33.81,81.88,0.3446,-1,-1,-1
154,12,835.06,452.67,82.22,278.19,0.8488,-1,-1,-1
154,15,1087.91,445.60,45.85,149.42,0.5105,-1,-1,-1
154,17,375.89,444.82,30.26,62.50,0.2891,-1,-1,-1
154,20,1163.83,439.37,24.01,89.09,0.3741,-1,-1,-1
154,30,1849.06,475.48,58.78,179.51,0.4262,-1,-1,-1
154,31,468.65,459.53,43.99,116.28,0.4936,-1,-1,-1
154,38,539.61,428.24,164.83,467.31,0.8331,-1,-1,-1
154,39,525.99,456.02,22.35,69.00,0.4208,-1,-1,-1
154,46,551.59,450.70,29.60,70.23,0.2964,-1,-1,-1
154,47,894.64,433.41,80.90,244.19,0.8067,-1,-1,-1
154,48,504.24,455.50,31.92,100.79,0.4085,-1,-1,-1
154,49,1129.83,457.16,31.93,88.37,0.6258,-1,-1,-1
155,1,720.39,436.03,118.95,338.76,0.8777,-1,-1,-1
155,7,1195.41,445.02,36.33,100.38,0.7740,-1,-1,-1
155,8,1005.54,447.56,30.79,77.27,0.4098,-1,-1,-1
155,9,959.70,441.23,34.10,81.04,0.4136,-1,-1,-1
155,12,835.02,451.61,83.08,279.73,0.8394,-1,-1,-1
155,15,1088.40,445.91,45.29,149.39,0.5121,-1,-1,-1
155,20,1163.79,439.29,24.07,89.09,0.4455,-1,-1,-1
155,30,1849.42,475.56,57.58,179.55,0.4631,-1,-1,-1
155,31,467.44,457.20,43.64,117.92,0.4857,-1,-1,-1
155,35,1079.90,456.06,46.71,141.56,0.2973,-1,-1,-1
155,38,537.16,427.37,165.91,468.22,0.7964,-1,-1,-1
155,47,895.79,434.11,81.69,246.25,0.7431,-1,-1,-1
155,48,505.10,455.97,31.33,100.63,0.4561,-1,-1,-1
155,49,1130.43,456.86,31.37,87.82,0.6378,-1,-1,-1
156,1,721.70,434.96,118.19,339.65,0.8635,-1,-1,-1
156,7,1194.74,445.12,36.89,100.42,0.7310,-1,-1,-1
156,8,1004.98,447.31,30.39,76.89,0.3259,-1,-1,-1
156,9,959.93,441.64,34.20,81.15,0.3553,-1,-1,-1
156,12,836.52,450.29,84.07,280.81,0.8182,-1,-1,-1
156,15,1088.00,444.78,45.83,150.39,0.5238,-1,-1,-1
156,20,1163.46,438.85,24.10,89.40,0.4202,-1,-1,-1
156,30,1850.42,475.29,56.93,179.85,0.4170,-1,-1,-1
156,31,466.02,458.61,43.12,117.61,0.5660,-1,-1,-1
156,38,534.56,427.29,167.25,469.38,0.8474,-1,-1,-1
156,47,896.95,434.67,80.72,245.51,0.7657,-1,-1,-1
156,48,505.14,456.02,30.89,100.70,0.5187,-1,-1,-1
156,49,1130.93,455.97,30.79,87.90,0.6406,-1,-1,-1
157,1,724.83,433.06,118.56,341.02,0.8581,-1,-1,-1
157,7,1193.14,445.25,36.88,100.52,0.7436,-1,-1,-1
157,8,1004.95,448.37,30.08,76.70,0.5016,-1,-1,-1
157,9,959.60,440.10,34.23,78.93,0.2812,-1,-1,-1
157,12,838.69,450.52,84.24,281.36,0.8113,-1,-1,-1
157,15,1087.53,444.31,45.94,150.70,0.5292,-1,-1,-1
157,20,1163.49,438.71,24.32,89.72,0.4115,-1,-1,-1
157,30,1850.26,477.33,56.67,178.62,0.3332,-1,-1,-1
157,31,466.05,459.32,42.46,117.24,0.4659,-1,-1,-1
157,38,532.19,427.78,167.73,470.61,0.8544,-1,-1,-1
157,47,898.10,436.58,78.69,247.00,0.7259,-1,-1,-1
157,48,505.15,455.36,32.82,102.34,0.3943,-1,-1,-1
157,49,1132.27,454.92,30.24,87.97,0.6488,-1,-1,-1
157,50,669.28,442.29,68.42,152.11,0.4012,-1,-1,-1
158,1,727.48,432.49,117.96,341.89,0.8697,-1,-1,-1
158,7,1192.69,445.36,36.86,100.57,0.7033,-1,-1,-1
158,8,1004.57,447.92,29.98,76.54,0.4856,-1,-1,-1
158,12,840.92,447.32,84.53,282.47,0.7899,-1,-1,-1
158,15,1085.89,442.08,45.76,152.31,0.5214,-1,-1,-1
158,17,373.15,444.35,28.26,62.74,0.2696,-1,-1,-1
158,20,1164.14,438.81,24.16,89.81,0.4442,-1,-1,-1
158,30,1850.90,474.48,57.18,179.78,0.3768,-1,-1,-1
158,31,466.17,459.03,40.89,117.19,0.4503,-1,-1,-1
158,38,531.48,426.87,167.46,470.83,0.8503,-1,-1,-1
158,47,901.68,436.39,78.73,248.83,0.7793,-1,-1,-1
158,48,505.31,454.82,34.22,103.60,0.4342,-1,-1,-1
158,49,1134.00,453.22,31.04,89.45,0.6614,-1,-1,-1
158,50,665.08,439.62,73.23,155.78,0.4669,-1,-1,-1
159,1,732.33,433.15,117.93,342.03,0.8658,-1,-1,-1
159,7,1191.44,445.08,36.40,100.98,0.7173,-1,-1,-1
159,12,842.06,449.08,83.74,281.06,0.8325,-1,-1,-1
159,15,1085.21,441.63,45.54,152.90,0.5361,-1,-1,-1
159,20,1164.26,438.91,24.12,89.57,0.4999,-1,-1,-1
159,30,1851.51,466.83,57.29,184.45,0.3456,-1,-1,-1
159,31,466.40,456.29,40.15,119.20,0.4448,-1,-1,-1
159,38,531.03,425.90,167.55,471.51,0.8599,-1,-1,-1
159,47,904.77,436.08,80.32,250.65,0.8122,-1,-1,-1
159,48,504.54,454.06,36.79,104.72,0.4680,-1,-1,-1
159,49,1134.98,453.71,31.41,89.23,0.6132,-1,-1,-1
159,51,661.64,434.76,79.86,352.58,0.6310,-1,-1,-1
160,1,735.91,433.38,117.31,341.74,0.8744,-1,-1,-1
160,7,1189.74,444.78,35.01,100.86,0.6755,-1,-1,-1
160,8,1004.14,448.23,29.75,76.11,0.5156,-1,-1,-1
160,12,843.66,450.69,83.42,280.24,0.8758,-1,-1,-1
160,15,1083.52,441.50,46.54,153.67,0.5775,-1,-1,-1
160,20,1164.73,438.88,23.87,89.26,0.4815,-1,-1,-1
160,30,1851.56,461.55,58.18,189.01,0.4100,-1,-1,-1
160,31,465.61,455.99,39.75,119.69,0.5815,-1,-1,-1
160,38,531.06,424.70,167.91,471.44,0.8495,-1,-1,-1
160,47,906.52,436.36,82.47,251.55,0.7793,-1,-1,-1
160,48,503.30,453.40,37.40,104.93,0.4656,-1,-1,-1
160,49,1135.41,455.14,31.45,88.65,0.6571,-1,-1,-1
160,51,662.91,432.84,82.11,352.95,0.6327,-1,-1,-1
161,1,739.94,434.19,116.62,341.73,0.8561,-1,-1,-1
161,7,1188.02,442.94,34.15,101.77,0.6349,-1,-1,-1
161,8,1004.15,448.10,29.56,76.32,0.6144,-1,-1,-1
161,12,845.08,451.07,83.18,279.11,0.8819,-1,-1,-1
161,15,1082.25,440.70,47.54,154.59,0.5605,-1,-1,-1
161,20,1164.84,438.37,24.09,89.07,0.4565,-1,-1,-1
161,30,1851.11,459.96,58.02,191.48,0.3802,-1,-1,-1
161,31,465.11,450.47,40.35,123.57,0.5225,-1,-1,-1
161,38,530.90,424.39,168.29,471.97,0.8373,-1,-1,-1
161,39,511.16,458.90,31.51,93.14,0.3345,-1,-1,-1
161,47,910.42,437.31,83.21,252.51,0.7568,-1,-1,-1
161,48,501.92,453.47,37.49,104.93,0.4492,-1,-1,-1
161,49,1136.45,453.83,31.46,89.56,0.6267,-1,-1,-1
161,51,660.77,432.75,86.93,361.86,0.7189,-1,-1,-1
162,1,742.88,434.74,114.56,341.47,0.8522,-1,-1,-1
162,7,1187.25,444.74,33.16,100.95,0.5433,-1,-1,-1
162,8,1004.13,448.41,28.64,75.99,0.5983,-1,-1,-1
162,12,848.10,450.49,85.15,279.36,0.8587,-1,-1,-1
162,15,1082.01,441.05,47.86,154.63,0.5497,-1,-1,-1
162,20,1165.19,438.35,23.64,88.27,0.4352,-1,-1,-1
162,30,1850.09,465.14,57.21,189.85,0.3813,-1,-1,-1
162,31,464.51,452.74,39.23,122.98,0.4783,-1,-1,-1
162,38,529.73,423.79,170.23,471.43,0.8469,-1,-1,-1
162,39,509.55,456.35,33.61,99.25,0.3193,-1,-1,-1
162,47,915.33,440.47,83.23,253.77,0.7407,-1,-1,-1
162,48,501.40,453.47,38.04,105.05,0.5384,-1,-1,-1
162,49,1137.24,450.86,31.64,91.70,0.6461,-1,-1,-1
162,51,661.24,435.41,86.90,357.57,0.7328,-1,-1,-1
163,1,745.25,435.31,113.56,341.35,0.8678,-1,-1,-1
163,7,1187.06,442.98,32.42,101.77,0.6832,-1,-1,-1
163,8,1003.55,448.01,28.26,76.08,0.5969,-1,-1,-1
163,12,850.27,449.21,85.92,280.58,0.8505,-1,-1,-1
163,15,1082.43,440.72,47.86,155.11,0.5425,-1,-1,-1
163,20,1165.49,439.14,23.68,90.86,0.3997,-1,-1,-1
163,25,471.32,454.74,41.97,110.95,0.2620,-1,-1,-1
163,30,1849.86,468.84,56.82,187.54,0.4314,-1,-1,-1
163,31,464.82,454.04,38.93,122.50,0.6226,-1,-1,-1
163,38,529.49,423.06,171.97,471.73,0.8386,-1,-1,-1
163,39,507.90,455.99,33.41,100.57,0.4985,-1,-1,-1
163,46,546.90,443.90,32.32,69.28,0.2513,-1,-1,-1
163,47,919.06,441.40,82.87,255.33,0.7791,-1,-1,-1
163,49,1138.83,451.36,32.59,91.79,0.5630,-1,-1,-1
163,51,661.79,438.34,87.17,356.99,0.7078,-1,-1,-1
164,1,747.84,436.12,112.34,341.08,0.8663,-1,-1,-1
164,7,1185.92,442.28,32.56,102.35,0.6208,-1,-1,-1
164,8,1003.47,447.87,28.34,76.24,0.6238,-1,-1,-1
164,12,852.43,449.54,85.58,281.05,0.8252,-1,-1,-1
164,15,1081.90,441.42,48.40,154.79,0.5434,-1,-1,-1
164,20,1165.24,440.20,23.56,92.68,0.2877,-1,-1,-1
164,25,484.40,454.71,33.68,104.96,0.3658,-1,-1,-1
164,30,1849.73,469.63,57.08,186.41,0.4071,-1,-1,-1
164,31,464.92,454.87,38.28,121.86,0.5341,-1,-1,-1
164,38,530.44,423.21,174.54,472.31,0.8420,-1,-1,-1
164,39,507.84,456.02,33.18,100.87,0.5759,-1,-1,-1
164,46,546.95,444.39,32.82,68.49,0.2855,-1,-1,-1
164,47,921.17,441.37,81.90,256.37,0.7832,-1,-1,-1
164,49,1140.23,450.15,32.12,92.47,0.5486,-1,-1,-1
164,51,665.38,436.36,90.59,362.89,0.6829,-1,-1,-1
165,1,750.17,435.57,112.47,342.21,0.8422,-1,-1,-1
165,7,1185.15,444.21,32.79,101.69,0.5554,-1,-1,-1
165,8,1003.13,447.58,27.82,76.47,0.4275,-1,-1,-1
165,12,855.10,448.35,86.47,282.37,0.7742,-1,-1,-1
165,15,1083.03,442.21,48.18,154.28,0.5369,-1,-1,-1
165,17,374.16,444.16,27.33,62.69,0.2547,-1,-1,-1
165,20,1166.18,438.51,23.11,91.20,0.2851,-1,-1,-1
165,25,482.73,456.03,34.77,106.66,0.2667,-1,-1,-1
165,30,1850.24,470.66,57.17,185.46,0.3904,-1,-1,-1
165,31,466.03,458.68,37.31,119.43,0.5888,-1,-1,-1
165,38,531.36,422.39,178.33,475.02,0.8460,-1,-1,-1
165,39,508.44,454.55,33.04,102.71,0.5531,-1,-1,-1
165,46,545.67,443.49,33.61,68.76,0.3399,-1,-1,-1
165,47,923.35,440.02,81.14,258.46,0.7466,-1,-1,-1
165,48,491.36,454.45,32.53,100.81,0.3352,-1,-1,-1
165,49,1141.09,447.63,31.65,93.96,0.5652,-1,-1,-1
165,51,666.23,437.99,91.08,364.17,0.7466,-1,-1,-1
166,1,752.81,435.30,113.21,343.34,0.8488,-1,-1,-1
166,7,1184.55,444.80,32.55,101.22,0.5511,-1,-1,-1
166,8,1003.05,446.92,27.16,76.63,0.6269,-1,-1,-1
166,12,863.12,446.84,93.15,284.07,0.8118,-1,-1,-1
166,15,1082.77,442.32,48.41,153.84,0.4950,-1,-1,-1
166,17,374.58,444.40,27.12,62.21,0.3415,-1,-1,-1
166,20,1166.59,439.53,23.17,92.19,0.2681,-1,-1,-1
166,30,1849.59,470.64,57.24,185.02,0.3869,-1,-1,-1
166,31,467.33,461.75,35.82,117.02,0.6100,-1,-1,-1
166,38,531.85,422.93,181.55,478.82,0.8486,-1,-1,-1
166,39,509.22,454.88,32.77,103.31,0.6212,-1,-1,-1
166,46,545.44,444.99,33.46,68.73,0.2819,-1,-1,-1
166,47,927.67,439.43,80.58,258.10,0.7597,-1,-1,-1
166,48,492.02,456.50,29.11,98.34,0.3795,-1,-1,-1
166,49,1142.15,447.01,30.89,94.48,0.5378,-1,-1,-1
166,51,666.50,439.05,91.67,364.82,0.7491,-1,-1,-1
167,1,753.26,435.40,114.36,344.70,0.8517,-1,-1,-1
167,7,1184.30,444.38,32.75,101.52,0.6069,-1,-1,-1
167,8,1002.97,446.97,26.91,76.61,0.5832,-1,-1,-1
167,12,867.95,446.17,99.47,285.90,0.8193,-1,-1,-1
167,15,1081.20,442.33,49.34,154.06,0.5492,-1,-1,-1
167,17,374.60,444.52,26.74,61.95,0.3410,-1,-1,-1
167,20,1155.90,440.79,26.73,96.79,0.3632,-1,-1,-1
167,30,1849.61,471.86,57.29,184.04,0.3598,-1,-1,-1
167,31,467.93,464.33,34.56,114.59,0.5554,-1,-1,-1
167,38,532.87,421.81,187.06,481.29,0.8384,-1,-1,-1
167,39,509.79,454.62,32.68,103.42,0.6061,-1,-1,-1
167,46,545.07,445.29,33.54,68.82,0.3088,-1,-1,-1
167,47,931.02,437.43,79.75,258.76,0.7678,-1,-1,-1
167,48,492.24,457.54,27.66,96.64,0.3910,-1,-1,-1
167,49,1142.85,446.97,30.48,95.02,0.5445,-1,-1,-1
167,51,667.86,439.23,91.14,363.50,0.7466,-1,-1,-1
168,1,754.57,436.39,114.59,347.01,0.8702,-1,-1,-1
168,7,1183.98,446.61,33.23,100.15,0.3769,-1,-1,-1
168,8,1002.51,446.15,26.63,76.57,0.6011,-1,-1,-1
168,12,870.81,445.88,106.49,288.14,0.8381,-1,-1,-1
168,15,1082.01,444.52,49.17,152.59,0.5967,-1,-1,-1
168,17,374.65,444.58,26.04,61.41,0.3345,-1,-1,-1
168,20,1151.99,439.89,31.19,100.14,0.2620,-1,-1,-1
168,26,1699.69,431.90,85.65,150.39,0.2729,-1,-1,-1
168,30,1849.33,471.68,57.75,183.76,0.3193,-1,-1,-1
168,31,468.14,460.50,33.93,115.64,0.6416,-1,-1,-1
168,38,534.67,420.99,192.66,481.23,0.8643,-1,-1,-1
168,39,510.03,453.89,33.73,104.59,0.5794,-1,-1,-1
168,46,544.44,444.79,33.26,68.82,0.2964,-1,-1,-1
168,47,932.98,437.09,78.93,258.86,0.7445,-1,-1,-1
168,48,493.33,458.90,26.44,96.68,0.3982,-1,-1,-1
168,49,1144.16,447.07,30.94,95.64,0.6221,-1,-1,-1
168,51,667.80,440.75,89.87,361.35,0.6297,-1,-1,-1
169,1,755.72,436.89,115.00,348.41,0.8512,-1,-1,-1
169,8,1002.41,445.73,26.78,76.43,0.4679,-1,-1,-1
169,12,871.42,446.14,111.40,289.84,0.8388,-1,-1,-1
169,15,1082.43,445.41,48.80,151.25,0.4984,-1,-1,-1
169,17,376.51,444.51,28.40,61.12,0.2657,-1,-1,-1
169,20,1150.35,439.99,33.84,102.07,0.5480,-1,-1,-1
169,30,1864.24,433.04,54.16,196.00,0.2658,-1,-1,-1
169,31,468.44,457.78,33.56,117.27,0.5688,-1,-1,-1
169,38,536.72,420.25,199.57,480.89,0.8404,-1,-1,-1
169,39,510.50,452.93,34.37,105.00,0.5677,-1,-1,-1
169,46,543.85,444.54,32.88,69.15,0.2898,-1,-1,-1
169,47,936.24,436.02,77.41,260.08,0.7147,-1,-1,-1
169,48,493.81,458.91,26.03,97.21,0.4057,-1,-1,-1
169,49,1146.15,445.29,30.37,96.45,0.5369,-1,-1,-1
169,51,669.50,441.34,88.82,361.87,0.7154,-1,-1,-1
170,1,758.38,438.33,114.62,349.39,0.8697,-1,-1,-1
170,8,1002.33,445.94,26.24,76.16,0.4203,-1,-1,-1
170,12,871.49,446.70,114.44,290.96,0.8542,-1,-1,-1
170,15,1081.28,445.66,49.43,151.07,0.5257,-1,-1,-1
170,17,375.75,444.62,28.28,60.95,0.2776,-1,-1,-1
170,20,1150.83,439.89,35.76,103.15,0.5149,-1,-1,-1
170,30,1870.96,414.63,51.10,205.10,0.2960,-1,-1,-1
170,31,468.77,457.37,32.37,117.69,0.5552,-1,-1,-1
170,38,538.82,420.79,205.67,480.36,0.8242,-1,-1,-1
170,39,510.64,453.13,34.37,104.94,0.5829,-1,-1,-1
170,47,937.58,433.44,75.79,262.12,0.7640,-1,-1,-1
170,48,493.81,458.64,25.38,96.74,0.4279,-1,-1,-1
170,49,1145.45,445.72,28.47,96.11,0.3942,-1,-1,-1
170,51,671.48,441.01,89.11,360.94,0.7409,-1,-1,-1
171,1,759.69,439.18,113.65,350.66,0.8774,-1,-1,-1
171,7,1183.70,446.45,33.39,100.24,0.5018,-1,-1,-1
171,8,1002.65,445.87,25.70,75.91,0.2759,-1,-1,-1
171,12,872.09,446.74,116.48,292.08,0.8511,-1,-1,-1
171,15,1080.76,445.81,49.88,150.95,0.5255,-1,-1,-1
171,20,1149.74,440.37,36.60,102.91,0.4918,-1,-1,-1
171,30,1874.28,405.13,48.65,212.74,0.3349,-1,-1,-1
171,31,468.94,456.69,31.67,118.55,0.6400,-1,-1,-1
171,38,541.16,420.61,212.42,480.88,0.7915,-1,-1,-1
171,39,511.00,453.07,34.58,105.39,0.5380,-1,-1,-1
171,40,577.35,454.15,36.89,47.74,0.3144,-1,-1,-1
171,47,941.33,432.83,75.93,262.64,0.7625,-1,-1,-1
171,48,494.39,459.69,24.70,95.12,0.4044,-1,-1,-1
171,49,1146.41,446.98,27.73,95.37,0.4770,-1,-1,-1
171,51,674.62,441.57,87.72,360.22,0.7301,-1,-1,-1
172,1,760.74,439.90,113.90,352.28,0.8784,-1,-1,-1
172,7,1179.29,448.56,33.77,98.79,0.3575,-1,-1,-1
172,12,872.81,446.39,117.90,293.19,0.8530,-1,-1,-1
172,15,1080.08,446.22,50.30,151.04,0.5239,-1,-1,-1
172,17,374.89,444.62,27.53,60.67,0.2517,-1,-1,-1
172,20,1149.37,440.51,37.15,103.04,0.4823,-1,-1,-1
172,26,1698.51,431.87,86.11,150.56,0.2598,-1,-1,-1
172,30,1876.56,401.13,46.43,217.39,0.2849,-1,-1,-1
172,31,469.24,457.89,31.04,118.28,0.6349,-1,-1,-1
172,38,542.88,423.19,219.48,479.33,0.7966,-1,-1,-1
172,39,511.99,452.62,34.54,102.25,0.4600,-1,-1,-1
172,40,576.98,455.01,37.10,48.65,0.2607,-1,-1,-1
172,46,544.88,446.96,32.61,69.65,0.2668,-1,-1,-1
172,47,943.32,433.32,76.09,264.19,0.7593,-1,-1,-1
172,48,494.62,459.42,24.55,95.11,0.4243,-1,-1,-1
172,49,1147.55,448.56,27.03,94.17,0.4471,-1,-1,-1
172,51,677.44,443.31,86.82,360.12,0.7544,-1,-1,-1
173,1,761.95,439.66,114.92,353.67,0.8633,-1,-1,-1
173,7,1176.50,449.30,34.75,97.83,0.6218,-1,-1,-1
173,12,873.88,446.35,118.80,294.12,0.8476,-1,-1,-1
173,15,1079.20,446.72,51.17,150.85,0.4657,-1,-1,-1
173,17,374.78,444.73,26.96,60.40,0.2856,-1,-1,-1
173,20,1148.69,440.38,36.76,102.86,0.4820,-1,-1,-1
173,30,1878.13,398.75,44.58,220.69,0.2882,-1,-1,-1
173,31,469.29,458.22,30.60,117.87,0.5882,-1,-1,-1
173,38,556.42,426.02,214.80,479.26,0.8101,-1,-1,-1
173,39,512.26,453.06,34.78,99.59,0.4948,-1,-1,-1
173,46,545.41,446.39,33.25,71.98,0.3067,-1,-1,-1
173,47,946.79,431.16,77.28,264.06,0.7321,-1,-1,-1
173,48,494.09,458.03,24.74,95.80,0.4956,-1,-1,-1
173,49,1148.53,449.18,27.63,93.00,0.5552,-1,-1,-1
173,51,681.57,444.20,85.36,359.44,0.6891,-1,-1,-1
174,1,764.04,439.32,114.47,355.19,0.8517,-1,-1,-1
174,7,1174.57,450.80,36.01,96.65,0.5765,-1,-1,-1
174,12,874.86,446.28,119.19,294.98,0.8529,-1,-1,-1
174,15,1079.15,446.75,50.66,150.43,0.4003,-1,-1,-1
174,17,374.39,444.83,26.11,60.17,0.2612,-1,-1,-1
174,20,1149.59,439.78,37.39,103.84,0.3233,-1,-1,-1
174,30,1878.67,397.57,43.43,224.38,0.2807,-1,-1,-1
174,31,469.55,459.03,30.14,117.53,0.5858,-1,-1,-1
174,38,563.53,427.52,212.25,480.72,0.8600,-1,-1,-1
174,39,512.46,454.43,35.17,99.66,0.4548,-1,-1,-1
174,40,576.37,457.51,38.69,52.59,0.2960,-1,-1,-1
174,47,949.58,430.15,77.94,263.79,0.7149,-1,-1,-1
174,48,493.97,457.64,24.70,95.70,0.5094,-1,-1,-1
174,49,1149.61,449.07,28.55,93.79,0.4944,-1,-1,-1
174,51,686.86,442.90,82.56,358.42,0.5585,-1,-1,-1
174,53,1849.57,471.71,58.18,182.41,0.3599,-1,-1,-1
175,1,765.86,440.27,113.49,357.32,0.8458,-1,-1,-1
175,7,1172.80,450.86,37.17,96.38,0.6334,-1,-1,-1
175,12,876.35,446.24,119.25,295.42,0.8448,-1,-1,-1
175,15,1079.54,446.67,51.16,150.56,0.4021,-1,-1,-1
175,17,374.68,445.00,25.92,60.24,0.2836,-1,-1,-1
175,30,1877.80,396.32,43.34,230.08,0.3084,-1,-1,-1
175,31,470.02,459.09,29.40,117.12,0.4651,-1,-1,-1
175,38,564.44,427.54,212.82,482.72,0.8756,-1,-1,-1
175,39,511.96,455.24,35.79,101.77,0.5003,-1,-1,-1
175,40,574.48,457.80,41.95,58.26,0.2675,-1,-1,-1
175,46,546.07,445.96,34.69,73.71,0.2505,-1,-1,-1
175,47,952.87,430.94,78.25,263.83,0.7334,-1,-1,-1
175,48,493.71,456.15,25.08,97.27,0.5431,-1,-1,-1
175,49,1149.79,451.04,29.00,93.79,0.4745,-1,-1,-1
175,51,692.37,440.35,80.08,358.23,0.4079,-1,-1,-1
175,53,1850.13,470.81,57.66,182.51,0.3383,-1,-1,-1
176,1,768.57,440.99,113.16,359.46,0.8390,-1,-1,-1
176,7,1171.19,451.11,37.90,96.06,0.6669,-1,-1,-1
176,12,878.21,445.59,118.21,295.77,0.8693,-1,-1,-1
176,15,1079.12,446.00,51.27,150.84,0.5292,-1,-1,-1
176,17,374.54,445.16,25.30,60.42,0.3188,-1,-1,-1
176,31,470.58,459.08,28.84,116.74,0.5201,-1,-1,-1
176,38,563.17,427.38,212.96,485.38,0.8871,-1,-1,-1
176,39,511.56,454.57,35.12,101.43,0.4732,-1,-1,-1
176,40,573.61,461.20,46.61,66.80,0.3768,-1,-1,-1
176,47,959.39,432.62,82.67,263.57,0.7543,-1,-1,-1
176,48,493.61,457.14,25.36,97.00,0.5907,-1,-1,-1
176,49,1151.01,450.87,28.90,94.54,0.3936,-1,-1,-1
176,53,1850.53,470.43,57.89,183.22,0.3531,-1,-1,-1
177,1,768.51,441.26,113.34,360.74,0.8440,-1,-1,-1
177,7,1168.44,449.95,39.41,96.72,0.6734,-1,-1,-1
177,12,879.75,444.77,116.91,296.58,0.8512,-1,-1,-1
177,15,1079.39,446.91,51.87,150.28,0.5181,-1,-1,-1
177,31,470.72,458.18,28.55,116.89,0.5205,-1,-1,-1
177,38,563.57,427.17,211.47,486.77,0.8852,-1,-1,-1
177,39,512.48,455.03,35.43,103.54,0.5679,-1,-1,-1
177,40,573.86,461.80,48.94,72.65,0.4771,-1,-1,-1
177,47,962.79,432.33,85.33,263.71,0.7731,-1,-1,-1
177,48,493.47,457.23,25.61,97.07,0.5933,-1,-1,-1
177,49,1152.11,446.84,29.32,97.45,0.3774,-1,-1,-1
177,53,1849.90,470.57,59.24,184.63,0.3183,-1,-1,-1
178,1,771.77,440.69,112.18,361.51,0.8574,-1,-1,-1
178,7,1160.86,444.37,43.06,100.82,0.6963,-1,-1,-1
178,12,881.96,443.91,114.88,297.15,0.8422,-1,-1,-1
178,15,1079.84,447.12,51.76,149.74,0.4006,-1,-1,-1
178,17,375.54,445.27,27.29,61.54,0.3544,-1,-1,-1
178,31,470.77,457.14,28.45,116.67,0.4674,-1,-1,-1
178,38,566.43,427.39,209.78,488.60,0.8787,-1,-1,-1
178,39,512.59,454.39,35.57,105.06,0.5543,-1,-1,-1
178,40,573.49,462.93,50.07,77.09,0.5149,-1,-1,-1
178,46,543.44,446.96,33.43,73.72,0.3226,-1,-1,-1
178,47,968.67,432.88,90.56,265.48,0.6852,-1,-1,-1
178,48,492.80,456.41,25.97,97.37,0.5853,-1,-1,-1
178,53,1849.18,471.51,58.01,183.50,0.3330,-1,-1,-1
179,1,773.65,439.14,111.17,361.82,0.8734,-1,-1,-1
179,7,1158.36,444.77,44.35,101.09,0.6823,-1,-1,-1
179,12,885.96,443.42,111.99,297.90,0.8472,-1,-1,-1
179,15,1080.61,447.12,51.34,149.42,0.5524,-1,-1,-1
179,17,374.52,445.03,28.19,62.15,0.3588,-1,-1,-1
179,31,470.49,456.81,28.82,116.65,0.5327,-1,-1,-1
179,38,568.13,426.11,207.87,490.52,0.8922,-1,-1,-1
179,39,511.87,454.07,35.80,106.13,0.5882,-1,-1,-1
179,40,572.35,463.45,49.91,80.82,0.5757,-1,-1,-1
179,46,543.74,447.23,32.55,73.66,0.2782,-1,-1,-1
179,47,972.81,435.10,94.83,264.05,0.7526,-1,-1,-1
179,48,491.65,456.01,26.44,97.38,0.5714,-1,-1,-1
179,49,1155.53,447.77,30.35,97.95,0.3281,-1,-1,-1
179,53,1849.06,471.05,59.24,184.33,0.3227,-1,-1,-1
179,54,472.83,460.48,34.52,102.84,0.4116,-1,-1,-1
180,1,775.57,438.01,110.82,362.17,0.8634,-1,-1,-1
180,7,1156.53,442.55,44.99,102.79,0.6887,-1,-1,-1
180,12,891.52,443.10,108.38,298.49,0.8442,-1,-1,-1
180,15,1079.92,445.94,51.55,149.41,0.5031,-1,-1,-1
180,31,469.41,458.86,31.07,116.13,0.5809,-1,-1,-1
180,38,573.42,423.88,204.50,492.83,0.8864,-1,-1,-1
180,39,511.74,453.85,35.87,106.65,0.6090,-1,-1,-1
180,40,572.14,465.70,51.55,87.80,0.5546,-1,-1,-1
180,47,974.77,436.74,98.20,263.07,0.7944,-1,-1,-1
180,48,491.42,456.12,26.66,97.12,0.5825,-1,-1,-1
181,1,777.62,436.69,110.47,362.31,0.8560,-1,-1,-1
181,7,1155.66,441.64,44.73,103.82,0.7191,-1,-1,-1
181,12,898.47,443.64,104.07,298.70,0.8346,-1,-1,-1
181,15,1079.95,446.36,51.55,148.85,0.4785,-1,-1,-1
181,30,1876.37,393.79,43.81,237.90,0.2979,-1,-1,-1
181,31,469.68,458.01,31.46,108.51,0.3910,-1,-1,-1
181,38,579.93,423.27,200.06,494.12,0.8861,-1,-1,-1
181,39,510.74,454.13,34.25,105.79,0.5680,-1,-1,-1
181,40,570.47,466.20,51.11,93.12,0.5228,-1,-1,-1
181,47,975.47,437.22,100.12,263.50,0.8119,-1,-1,-1
181,48,491.26,455.60,26.70,97.31,0.4900,-1,-1,-1
181,52,932.06,429.74,138.12,304.36,0.2924,-1,-1,-1
181,53,1846.10,470.07,59.15,185.05,0.3326,-1,-1,-1
181,54,467.24,457.53,40.35,118.14,0.5655,-1,-1,-1
182,1,780.03,435.58,109.63,364.09,0.8652,-1,-1,-1
182,7,1155.31,442.50,42.77,103.58,0.7208,-1,-1,-1
182,12,905.07,444.11,101.01,298.66,0.8528,-1,-1,-1
182,15,1079.86,446.50,51.87,148.99,0.5215,-1,-1,-1
182,31,469.52,458.57,32.99,109.74,0.4606,-1,-1,-1
182,38,585.01,423.57,196.58,494.73,0.9034,-1,-1,-1
182,39,511.41,454.25,34.95,106.24,0.5766,-1,-1,-1
182,40,570.48,466.78,51.51,98.73,0.5223,-1,-1,-1
182,47,976.71,439.30,100.30,264.21,0.7985,-1,-1,-1
182,48,491.07,455.34,26.98,97.88,0.4820,-1,-1,-1
182,53,1847.44,459.91,61.11,192.49,0.3307,-1,-1,-1
183,1,782.95,434.85,109.76,365.60,0.8826,-1,-1,-1
183,12,910.29,445.33,97.90,299.92,0.8490,-1,-1,-1
183,15,1081.37,445.85,51.37,148.56,0.4335,-1,-1,-1
183,26,1697.88,431.26,84.50,149.74,0.2616,-1,-1,-1
183,31,467.84,458.63,34.73,111.76,0.4172,-1,-1,-1
183,38,587.70,422.91,195.07,495.78,0.9014,-1,-1,-1
183,39,511.27,453.75,35.40,107.01,0.5704,-1,-1,-1
183,40,570.94,466.10,52.23,104.92,0.5031,-1,-1,-1
183,47,978.82,438.56,99.54,265.43,0.7922,-1,-1,-1
183,48,491.12,455.36,27.11,98.00,0.4683,-1,-1,-1
183,49,1158.85,443.61,32.35,101.36,0.7038,-1,-1,-1
183,53,1847.46,456.79,61.88,195.58,0.3863,-1,-1,-1
183,55,420.14,467.82,33.30,98.64,0.3606,-1,-1,-1
184,1,784.78,434.58,109.47,366.39,0.8901,-1,-1,-1
184,7,1153.11,441.91,40.87,104.20,0.7076,-1,-1,-1
184,12,915.32,442.87,96.38,299.86,0.8455,-1,-1,-1
184,15,1080.99,444.92,51.76,149.45,0.4327,-1,-1,-1
184,31,466.90,457.44,35.62,112.53,0.4497,-1,-1,-1
184,38,592.35,421.70,192.18,496.91,0.8990,-1,-1,-1
184,39,511.15,454.05,34.76,106.81,0.5759,-1,-1,-1
184,40,570.18,469.76,52.64,115.18,0.5846,-1,-1,-1
184,47,982.29,436.71,97.70,266.81,0.7788,-1,-1,-1
184,48,491.26,455.39,27.17,98.09,0.4966,-1,-1,-1
184,53,1846.70,454.37,63.10,198.68,0.3882,-1,-1,-1
184,54,467.16,459.55,35.93,103.44,0.3222,-1,-1,-1
184,55,420.59,467.00,32.85,97.80,0.3770,-1,-1,-1
185,1,786.36,434.69,109.16,366.90,0.8913,-1,-1,-1
185,7,1152.72,441.71,40.19,104.48,0.6659,-1,-1,-1
185,12,919.33,443.63,94.76,301.68,0.8375,-1,-1,-1
185,15,1080.81,445.00,52.11,149.00,0.4483,-1,-1,-1
185,17,373.10,444.55,26.30,61.54,0.2781,-1,-1,-1
185,31,466.68,457.26,35.02,113.55,0.4425,-1,-1,-1
185,38,596.77,420.42,189.35,497.93,0.8955,-1,-1,-1
185,39,510.70,453.72,35.17,107.39,0.6204,-1,-1,-1
185,40,569.84,465.40,53.68,125.95,0.6141,-1,-1,-1
185,47,984.06,434.58,96.80,269.32,0.7750,-1,-1,-1
185,48,491.09,455.07,27.14,97.09,0.4718,-1,-1,-1
185,53,1845.23,460.74,62.45,195.29,0.3057,-1,-1,-1
185,55,420.84,467.13,32.86,97.76,0.3450,-1,-1,-1
186,1,788.00,433.69,108.76,367.75,0.8803,-1,-1,-1
186,7,1153.46,441.41,42.21,104.98,0.7261,-1,-1,-1
186,12,923.25,445.21,93.60,304.12,0.8407,-1,-1,-1
186,15,1082.19,442.94,51.71,150.33,0.5131,-1,-1,-1
186,31,466.35,457.58,34.70,114.61,0.5040,-1,-1,-1
186,38,600.44,419.36,187.09,498.91,0.8916,-1,-1,-1
186,39,510.39,453.41,34.96,107.65,0.5891,-1,-1,-1
186,40,570.32,467.39,55.39,132.78,0.6585,-1,-1,-1
186,47,987.68,435.95,95.26,269.90,0.7776,-1,-1,-1
186,48,491.38,455.31,26.86,96.80,0.4668,-1,-1,-1
186,53,1844.73,463.50,62.31,193.56,0.3482,-1,-1,-1
186,55,421.09,468.47,32.42,97.34,0.3131,-1,-1,-1
187,1,789.48,433.73,109.57,368.36,0.8748,-1,-1,-1
187,7,1153.15,440.56,43.80,105.67,0.7422,-1,-1,-1
187,12,927.00,445.17,91.92,305.30,0.8332,-1,-1,-1
187,15,1083.71,441.95,51.03,152.12,0.5032,-1,-1,-1
187,31,466.11,457.30,34.19,115.28,0.4951,-1,-1,-1
187,38,605.76,419.89,183.87,499.52,0.8819,-1,-1,-1
187,39,509.79,453.13,34.82,108.02,0.5568,-1,-1,-1
187,40,570.44,458.16,57.24,143.68,0.7150,-1,-1,-1
187,47,992.58,436.48,93.20,271.43,0.7604,-1,-1,-1
187,48,491.70,455.76,26.71,97.00,0.4878,-1,-1,-1
187,53,1843.73,466.09,61.98,191.35,0.2789,-1,-1,-1
187,55,420.76,468.42,32.43,97.81,0.3829,-1,-1,-1
188,1,791.89,433.36,110.21,369.06,0.8766,-1,-1,-1
188,7,1152.29,440.05,44.69,106.12,0.7130,-1,-1,-1
188,12,932.93,444.51,91.44,305.49,0.8368,-1,-1,-1
188,15,1083.80,439.02,50.43,154.80,0.5306,-1,-1,-1
188,31,465.93,458.71,33.40,114.54,0.4669,-1,-1,-1
188,38,608.97,418.91,182.37,500.35,0.8770,-1,-1,-1
188,39,509.93,453.16,34.42,108.11,0.5180,-1,-1,-1
188,40,569.72,450.30,58.83,154.88,0.6600,-1,-1,-1
188,47,996.26,433.74,91.04,274.02,0.7435,-1,-1,-1
188,48,490.98,456.46,27.33,97.92,0.5038,-1,-1,-1
188,53,1844.60,467.27,62.77,189.90,0.3311,-1,-1,-1
188,55,421.14,468.29,32.37,98.56,0.2803,-1,-1,-1
189,1,793.19,432.79,109.82,369.61,0.8924,-1,-1,-1
189,7,1151.89,440.27,45.53,106.16,0.7065,-1,-1,-1
189,12,939.22,443.39,93.71,306.70,0.8447,-1,-1,-1
189,15,1082.78,438.48,51.18,156.15,0.5649,-1,-1,-1
189,17,371.97,444.32,25.83,62.02,0.2676,-1,-1,-1
189,31,470.06,457.83,36.59,115.09,0.2886,-1,-1,-1
189,38,614.34,420.00,179.95,503.58,0.8536,-1,-1,-1
189,39,510.05,452.88,34.27,108.45,0.6054,-1,-1,-1
189,40,569.01,446.25,59.77,163.28,0.6881,-1,-1,-1
189,47,1000.56,433.39,88.69,274.70,0.7832,-1,-1,-1
189,48,490.21,457.02,28.10,99.54,0.5126,-1,-1,-1
189,53,1845.49,469.63,62.46,187.95,0.2774,-1,-1,-1
189,54,464.60,463.72,37.70,110.44,0.4923,-1,-1,-1
189,55,421.31,468.66,32.17,99.02,0.3843,-1,-1,-1
190,1,795.46,431.85,110.55,369.98,0.8893,-1,-1,-1
190,7,1151.26,440.66,46.34,106.19,0.5470,-1,-1,-1
190,12,944.39,442.73,96.90,307.31,0.8287,-1,-1,-1
190,15,1086.82,437.73,49.30,154.27,0.4359,-1,-1,-1
190,20,1150.49,448.01,36.46,100.60,0.6126,-1,-1,-1
190,26,1688.83,431.77,92.44,150.84,0.2651,-1,-1,-1
190,30,1862.19,389.54,54.56,258.87,0.3461,-1,-1,-1
190,31,470.99,456.92,39.13,115.92,0.2855,-1,-1,-1
190,38,618.33,421.94,178.18,508.94,0.8372,-1,-1,-1
190,39,511.44,453.33,34.14,108.49,0.5703,-1,-1,-1
190,40,568.77,447.76,60.19,165.06,0.7015,-1,-1,-1
190,47,1004.25,433.24,86.80,274.86,0.8186,-1,-1,-1
190,48,490.38,457.29,28.68,100.33,0.5179,-1,-1,-1
190,53,1844.99,472.42,61.62,185.67,0.2978,-1,-1,-1
190,54,464.41,462.80,36.54,111.70,0.5188,-1,-1,-1
190,55,422.00,469.58,31.83,99.19,0.3790,-1,-1,-1
191,1,796.53,431.09,109.76,370.20,0.8707,-1,-1,-1
191,7,1150.87,439.66,46.27,106.57,0.3230,-1,-1,-1
191,12,948.10,443.87,100.35,307.70,0.8576,-1,-1,-1
191,15,1090.81,436.67,46.48,151.24,0.3961,-1,-1,-1
191,20,1150.13,447.08,35.79,100.66,0.5990,-1,-1,-1
191,30,1860.48,386.82,57.45,263.45,0.2732,-1,-1,-1
191,35,1084.10,440.90,46.03,154.09,0.2789,-1,-1,-1
191,38,622.05,422.04,176.70,512.40,0.8706,-1,-1,-1
191,39,510.49,453.88,34.44,108.36,0.5774,-1,-1,-1
191,40,567.14,449.56,61.39,166.37,0.6617,-1,-1,-1
191,47,1008.77,432.11,84.98,275.33,0.8190,-1,-1,-1
191,48,490.26,457.24,28.68,101.25,0.5155,-1,-1,-1
191,53,1846.62,473.03,61.21,184.07,0.2735,-1,-1,-1
191,54,464.14,463.10,35.42,112.39,0.5285,-1,-1,-1
191,55,422.60,469.58,31.63,99.64,0.3274,-1,-1,-1
192,1,799.55,430.28,110.68,370.30,0.8849,-1,-1,-1
192,7,1151.14,439.16,47.33,107.02,0.3266,-1,-1,-1
192,12,949.12,444.89,103.62,308.29,0.8780,-1,-1,-1
192,15,1092.44,438.60,44.83,150.91,0.3529,-1,-1,-1
192,20,1148.91,446.22,35.64,101.47,0.6198,-1,-1,-1
192,30,1861.76,385.62,57.44,265.14,0.2681,-1,-1,-1
192,35,1083.31,441.07,47.63,155.22,0.4160,-1,-1,-1
192,38,625.54,424.61,176.44,520.14,0.8188,-1,-1,-1
192,39,509.98,453.30,34.80,108.66,0.5541,-1,-1,-1
192,40,567.07,446.45,62.24,169.48,0.6827,-1,-1,-1
192,47,1011.14,432.11,83.30,274.52,0.8161,-1,-1,-1
192,48,489.83,457.28,28.61,101.87,0.5008,-1,-1,-1
192,49,1175.45,448.59,29.61,98.23,0.4039,-1,-1,-1
192,53,1846.27,473.48,61.07,183.36,0.3192,-1,-1,-1
192,54,463.65,463.74,34.77,112.17,0.6198,-1,-1,-1
192,55,422.06,468.60,31.92,100.45,0.3715,-1,-1,-1
193,1,801.51,430.75,111.48,370.08,0.8744,-1,-1,-1
193,7,1150.85,439.02,48.33,107.08,0.3711,-1,-1,-1
193,12,949.45,446.44,106.44,309.44,0.8925,-1,-1,-1
193,15,1094.32,433.80,43.06,144.21,0.4025,-1,-1,-1
193,20,1148.58,444.04,36.55,103.00,0.6039,-1,-1,-1
193,31,462.41,450.67,36.64,104.52,0.3126,-1,-1,-1
193,38,630.86,409.32,176.81,506.15,0.7859,-1,-1,-1
193,39,510.59,453.06,34.68,108.97,0.5922,-1,-1,-1
193,40,566.71,447.05,63.60,170.20,0.7570,-1,-1,-1
193,46,544.79,451.56,28.42,70.34,0.3505,-1,-1,-1
193,47,1015.54,432.50,83.15,273.96,0.8088,-1,-1,-1
193,48,488.70,456.68,29.12,102.27,0.5654,-1,-1,-1
193,49,1177.12,448.35,28.92,97.75,0.3989,-1,-1,-1
193,53,1846.48,472.73,61.29,183.66,0.2550,-1,-1,-1
193,54,461.88,460.36,34.73,113.94,0.5413,-1,-1,-1
194,1,804.84,431.31,113.00,370.63,0.8698,-1,-1,-1
194,12,949.76,446.67,108.68,310.83,0.8856,-1,-1,-1
194,15,1095.63,433.01,41.80,139.86,0.5183,-1,-1,-1
194,20,1147.11,445.74,35.80,102.26,0.6572,-1,-1,-1
194,26,1693.80,432.40,89.45,150.73,0.3029,-1,-1,-1
194,38,632.67,421.25,177.54,517.63,0.8521,-1,-1,-1
194,39,511.43,453.66,34.88,108.96,0.6154,-1,-1,-1
194,40,566.09,446.57,64.74,170.81,0.7931,-1,-1,-1
194,46,548.26,451.44,27.52,70.17,0.2974,-1,-1,-1
194,47,1017.40,432.17,80.94,272.88,0.7653,-1,-1,-1
194,48,488.07,456.79,29.80,103.17,0.5731,-1,-1,-1
194,49,1176.62,447.25,29.95,98.94,0.5012,-1,-1,-1
194,53,1845.52,472.39,61.48,184.04,0.3726,-1,-1,-1
194,54,460.68,460.36,35.10,114.75,0.6212,-1,-1,-1
195,1,808.81,431.23,116.66,371.37,0.8406,-1,-1,-1
195,12,950.43,446.67,110.99,312.48,0.8678,-1,-1,-1
195,15,1095.77,431.58,41.31,132.67,0.5397,-1,-1,-1
195,20,1146.44,445.77,36.24,102.27,0.6451,-1,-1,-1
195,26,1699.11,431.89,85.67,150.13,0.3876,-1,-1,-1
195,30,1861.55,385.69,58.02,267.43,0.2583,-1,-1,-1
195,38,636.47,425.40,176.39,526.91,0.8385,-1,-1,-1
195,39,511.73,453.62,35.43,109.32,0.6545,-1,-1,-1
195,40,566.16,446.12,65.44,171.26,0.7910,-1,-1,-1
195,46,548.33,450.61,27.35,70.85,0.2663,-1,-1,-1
195,47,1021.50,433.72,80.93,275.11,0.7364,-1,-1,-1
195,48,487.38,456.24,30.44,103.44,0.5603,-1,-1,-1
195,49,1177.03,449.67,30.35,97.27,0.4775,-1,-1,-1
195,53,1844.52,472.40,62.10,184.09,0.3699,-1,-1,-1
195,54,459.88,460.16,35.54,115.62,0.6105,-1,-1,-1
196,1,812.70,432.01,121.86,371.77,0.8707,-1,-1,-1
196,12,951.40,446.95,112.70,313.62,0.8527,-1,-1,-1
196,15,1095.68,431.43,40.99,126.14,0.5403,-1,-1,-1
196,20,1145.78,445.49,35.90,102.47,0.7144,-1,-1,-1
196,30,1861.21,385.09,58.41,267.39,0.2829,-1,-1,-1
196,38,640.54,425.34,173.22,532.27,0.8261,-1,-1,-1
196,39,512.67,453.49,35.32,109.58,0.6421,-1,-1,-1
196,40,567.13,446.54,66.04,171.43,0.7985,-1,-1,-1
196,46,546.79,451.00,27.18,69.76,0.2686,-1,-1,-1
196,47,1027.87,433.11,84.41,278.21,0.7803,-1,-1,-1
196,48,487.00,456.09,31.17,103.86,0.6195,-1,-1,-1
196,49,1175.92,449.59,30.50,97.31,0.4347,-1,-1,-1
196,53,1843.32,473.89,62.39,182.96,0.4095,-1,-1,-1
196,54,459.79,458.41,35.28,116.06,0.5643,-1,-1,-1
197,1,816.06,431.94,128.27,372.45,0.8728,-1,-1,-1
197,12,953.07,446.56,113.18,314.63,0.8160,-1,-1,-1
197,15,1097.22,432.40,39.65,121.82,0.5590,-1,-1,-1
197,20,1145.45,445.02,35.89,102.71,0.7328,-1,-1,-1
197,30,1860.53,384.61,58.98,268.71,0.2811,-1,-1,-1
197,38,643.46,424.95,170.11,536.18,0.7833,-1,-1,-1
197,39,513.87,453.88,35.26,109.62,0.6365,-1,-1,-1
197,40,568.11,446.35,65.64,171.99,0.7798,-1,-1,-1
197,46,547.53,451.16,26.87,68.68,0.3350,-1,-1,-1
197,47,1032.17,435.48,86.81,279.11,0.7916,-1,-1,-1
197,48,486.48,455.92,31.89,104.28,0.6284,-1,-1,-1
197,49,1178.54,451.58,31.89,95.87,0.5313,-1,-1,-1
197,53,1844.88,475.05,62.51,181.77,0.3591,-1,-1,-1
197,54,459.50,456.04,35.04,117.42,0.5183,-1,-1,-1
198,1,819.19,432.60,133.61,372.96,0.8799,-1,-1,-1
198,12,958.14,447.83,111.92,314.55,0.7905,-1,-1,-1
198,15,1098.84,433.19,38.37,118.12,0.5499,-1,-1,-1
198,17,373.34,444.75,24.72,61.38,0.2514,-1,-1,-1
198,20,1144.71,444.82,36.34,102.77,0.7879,-1,-1,-1
198,38,646.01,421.31,167.90,536.90,0.7997,-1,-1,-1
198,39,513.99,453.75,35.62,109.59,0.5867,-1,-1,-1
198,40,569.28,449.61,66.12,170.69,0.8346,-1,-1,-1
198,46,547.32,451.32,26.50,67.99,0.2829,-1,-1,-1
198,47,1035.78,436.55,89.01,279.33,0.8007,-1,-1,-1
198,48,485.37,454.04,32.66,105.70,0.6264,-1,-1,-1
198,49,1181.89,450.06,32.91,96.31,0.6233,-1,-1,-1
198,53,1845.88,476.54,61.83,180.31,0.3286,-1,-1,-1
198,54,458.88,455.93,34.93,118.26,0.5227,-1,-1,-1
199,1,821.81,433.30,140.14,374.02,0.8676,-1,-1,-1
199,12,964.29,446.59,109.12,314.80,0.7852,-1,-1,-1
199,15,1099.11,433.84,37.89,116.56,0.5020,-1,-1,-1
199,17,373.78,444.82,24.98,61.77,0.3194,-1,-1,-1
199,20,1143.11,444.86,36.12,103.37,0.7662,-1,-1,-1
199,38,651.73,421.24,167.40,537.68,0.7953,-1,-1,-1
199,39,515.10,453.35,35.40,110.04,0.5858,-1,-1,-1
199,40,569.71,450.14,66.65,169.86,0.8439,-1,-1,-1
199,47,1038.38,434.77,90.90,280.69,0.7913,-1,-1,-1
199,48,485.43,454.43,33.28,105.87,0.5853,-1,-1,-1
199,49,1183.63,447.59,33.22,97.64,0.6005,-1,-1,-1
199,53,1846.70,477.50,61.44,179.20,0.3197,-1,-1,-1
199,54,459.13,454.69,35.04,119.18,0.3308,-1,-1,-1
200,1,824.03,435.24,145.99,373.36,0.8636,-1,-1,-1
200,12,971.26,446.75,104.68,315.97,0.7846,-1,-1,-1
200,15,1100.57,433.89,36.75,115.00,0.5138,-1,-1,-1
200,20,1142.31,444.05,35.79,104.14,0.7258,-1,-1,-1
200,30,1859.67,383.65,59.80,269.42,0.3514,-1,-1,-1
200,38,654.73,421.24,167.74,538.29,0.8123,-1,-1,-1
200,39,514.57,452.43,35.46,110.46,0.5665,-1,-1,-1
200,40,569.68,451.65,67.19,168.93,0.8227,-1,-1,-1
200,47,1041.09,434.94,91.78,280.26,0.7723,-1,-1,-1
200,48,484.82,455.00,33.28,105.60,0.6344,-1,-1,-1
200,49,1183.73,445.89,34.13,98.92,0.5685,-1,-1,-1
200,53,1846.34,477.69,61.08,178.66,0.3847,-1,-1,-1
200,54,457.67,455.33,34.74,119.10,0.4258,-1,-1,-1
201,1,825.95,436.81,147.65,374.31,0.8785,-1,-1,-1
201,12,976.75,445.56,100.96,316.29,0.7686,-1,-1,-1
201,15,1101.14,433.55,35.92,112.44,0.2903,-1,-1,-1
201,20,1140.50,442.71,36.20,105.39,0.6846,-1,-1,-1
201,38,660.85,422.16,167.30,539.38,0.7816,-1,-1,-1
201,39,514.64,452.44,34.50,110.31,0.5423,-1,-1,-1
201,40,570.40,451.19,67.42,168.55,0.8326,-1,-1,-1
201,46,545.44,451.93,26.86,67.34,0.2674,-1,-1,-1
201,47,1043.70,437.53,92.76,281.70,0.8277,-1,-1,-1
201,48,484.67,455.38,33.15,105.27,0.5978,-1,-1,-1
201,49,1184.95,443.29,34.32,100.93,0.5734,-1,-1,-1
201,54,455.80,454.96,36.02,119.39,0.5392,-1,-1,-1
202,1,827.81,438.21,148.72,375.48,0.8916,-1,-1,-1
202,12,983.11,444.62,98.48,317.04,0.7609,-1,-1,-1
202,20,1138.58,443.49,36.87,105.23,0.6421,-1,-1,-1
202,30,1857.70,385.99,61.35,269.73,0.2777,-1,-1,-1
202,38,663.60,421.36,168.48,542.27,0.7663,-1,-1,-1
202,39,514.98,451.95,34.36,110.61,0.6113,-1,-1,-1
202,40,571.50,452.32,68.19,167.80,0.8377,-1,-1,-1
202,47,1046.50,439.05,92.77,283.69,0.8087,-1,-1,-1
202,48,484.04,456.16,33.00,104.70,0.6187,-1,-1,-1
202,49,1185.30,444.49,35.09,100.92,0.5966,-1,-1,-1
202,53,1844.96,476.18,61.04,179.73,0.2585,-1,-1,-1
202,54,453.84,460.70,37.33,116.37,0.4657,-1,-1,-1
203,1,829.35,438.45,149.07,376.47,0.9033,-1,-1,-1
203,7,1157.84,432.28,34.69,100.33,0.3053,-1,-1,-1
203,9,968.40,443.09,42.94,83.36,0.3699,-1,-1,-1
203,12,987.81,444.09,95.30,317.17,0.7850,-1,-1,-1
203,20,1135.89,443.69,36.40,104.86,0.6650,-1,-1,-1
203,25,512.13,453.55,33.02,107.91,0.5516,-1,-1,-1
203,30,1855.64,386.49,62.95,270.23,0.2869,-1,-1,-1
203,38,667.89,422.15,168.25,545.68,0.7859,-1,-1,-1
203,39,513.00,446.67,33.76,100.52,0.3735,-1,-1,-1
203,40,572.68,452.53,68.57,167.77,0.8228,-1,-1,-1
203,46,544.96,450.86,27.01,68.00,0.2971,-1,-1,-1
203,47,1050.49,439.95,91.94,285.59,0.7410,-1,-1,-1
203,48,483.25,456.53,32.76,104.50,0.5928,-1,-1,-1
203,49,1185.42,443.47,35.78,102.09,0.6331,-1,-1,-1
203,53,1844.37,472.45,61.81,182.34,0.2604,-1,-1,-1
203,54,452.88,458.89,38.09,115.95,0.4419,-1,-1,-1
204,1,830.04,437.88,149.33,377.39,0.8997,-1,-1,-1
204,7,1160.21,433.33,30.36,95.92,0.2996,-1,-1,-1
204,12,992.44,443.75,93.43,317.08,0.8178,-1,-1,-1
204,20,1134.95,444.10,35.88,104.33,0.6594,-1,-1,-1
204,25,512.11,452.93,32.46,107.40,0.4683,-1,-1,-1
204,30,1857.81,386.37,62.11,270.12,0.2791,-1,-1,-1
204,38,673.70,422.80,166.36,549.57,0.7453,-1,-1,-1
204,39,512.03,445.94,33.17,93.37,0.3575,-1,-1,-1
204,40,573.78,454.89,68.32,166.59,0.8163,-1,-1,-1
204,47,1055.09,437.59,90.54,286.85,0.7729,-1,-1,-1
204,48,482.93,456.88,32.43,103.96,0.6020,-1,-1,-1
204,49,1186.33,444.45,35.90,101.98,0.6836,-1,-1,-1
204,54,452.25,459.72,38.70,115.43,0.5029,-1,-1,-1
205,1,830.82,435.91,149.43,378.95,0.9013,-1,-1,-1
205,12,997.06,444.21,91.63,317.03,0.8565,-1,-1,-1
205,20,1134.98,443.24,34.80,104.44,0.5881,-1,-1,-1
205,25,513.08,453.59,32.01,107.47,0.5218,-1,-1,-1
205,30,1858.52,386.42,61.71,270.43,0.3163,-1,-1,-1
205,31,450.14,460.94,35.41,93.07,0.2513,-1,-1,-1
205,38,677.81,423.21,164.91,554.00,0.7642,-1,-1,-1
205,39,512.64,446.68,32.37,86.42,0.2850,-1,-1,-1
205,40,575.77,456.05,67.80,165.57,0.8023,-1,-1,-1
205,46,544.71,450.25,26.82,68.39,0.2949,-1,-1,-1
205,47,1059.53,435.73,89.45,288.25,0.7920,-1,-1,-1
205,48,482.91,457.23,31.86,103.41,0.5599,-1,-1,-1
205,49,1186.74,443.14,36.43,103.33,0.7031,-1,-1,-1
205,53,1844.12,468.70,61.61,185.36,0.3125,-1,-1,-1
205,54,450.48,461.14,39.79,114.85,0.3833,-1,-1,-1
206,1,831.84,434.30,149.39,380.25,0.8976,-1,-1,-1
206,7,1161.00,435.92,27.71,94.01,0.2862,-1,-1,-1
206,12,1001.34,443.53,91.46,317.49,0.8099,-1,-1,-1
206,20,1134.80,443.25,33.85,104.18,0.5260,-1,-1,-1
206,25,513.69,453.74,31.71,107.81,0.4878,-1,-1,-1
206,30,1859.53,386.78,61.01,269.50,0.2826,-1,-1,-1
206,38,681.43,423.34,164.34,559.70,0.7732,-1,-1,-1
206,39,513.08,449.12,31.69,84.00,0.3638,-1,-1,-1
206,40,578.07,456.53,67.62,165.25,0.8082,-1,-1,-1
206,47,1064.01,434.58,88.72,289.71,0.7708,-1,-1,-1
206,48,483.34,457.50,31.49,103.00,0.5740,-1,-1,-1
206,49,1187.86,443.39,36.39,103.71,0.7183,-1,-1,-1
206,53,1842.45,469.28,62.54,185.72,0.4392,-1,-1,-1
206,54,450.00,459.06,39.24,110.69,0.2786,-1,-1,-1
207,1,832.90,433.43,149.10,381.32,0.8804,-1,-1,-1
207,12,1007.71,444.46,94.54,318.13,0.8455,-1,-1,-1
207,20,1134.79,443.62,33.03,103.70,0.5042,-1,-1,-1
207,25,514.37,454.02,31.66,107.69,0.5270,-1,-1,-1
207,30,1861.25,386.61,59.78,269.27,0.3405,-1,-1,-1
207,31,450.00,461.32,35.10,89.08,0.2926,-1,-1,-1
207,38,683.62,422.67,165.47,564.42,0.7819,-1,-1,-1
207,40,580.29,456.50,67.88,165.06,0.8132,-1,-1,-1
207,47,1068.48,434.21,86.73,290.69,0.7803,-1,-1,-1
207,48,483.41,457.79,31.08,103.01,0.6044,-1,-1,-1
207,49,1189.64,441.88,36.78,105.01,0.6568,-1,-1,-1
207,53,1843.68,471.12,62.44,184.90,0.3330,-1,-1,-1
207,54,448.96,462.48,39.51,110.86,0.4227,-1,-1,-1
208,1,837.48,432.31,152.49,382.53,0.8478,-1,-1,-1
208,12,1016.60,443.45,102.51,319.70,0.7986,-1,-1,-1
208,20,1134.79,444.81,32.46,103.46,0.5551,-1,-1,-1
208,25,514.38,454.24,32.41,107.28,0.6550,-1,-1,-1
208,30,1862.30,386.54,58.79,269.64,0.2767,-1,-1,-1
208,38,683.19,419.90,166.92,567.48,0.8263,-1,-1,-1
208,40,582.36,454.90,68.07,165.95,0.8331,-1,-1,-1
208,47,1071.23,435.79,84.35,293.59,0.6864,-1,-1,-1
208,48,483.20,457.78,31.40,103.20,0.5992,-1,-1,-1
208,49,1190.52,444.65,36.46,103.49,0.7471,-1,-1,-1
208,53,1844.07,471.72,62.39,184.44,0.3300,-1,-1,-1
208,54,448.50,462.80,38.93,111.14,0.4973,-1,-1,-1
209,1,837.79,432.53,149.89,382.81,0.8769,-1,-1,-1
209,12,1023.79,442.36,111.03,320.68,0.8350,-1,-1,-1
209,17,372.96,444.78,24.81,62.19,0.2596,-1,-1,-1
209,20,1135.19,445.37,31.97,104.34,0.4280,-1,-1,-1
209,25,513.97,454.37,33.37,107.11,0.6120,-1,-1,-1
209,30,1862.88,386.64,58.07,270.07,0.2863,-1,-1,-1
209,38,684.48,416.41,166.65,570.75,0.8323,-1,-1,-1
209,40,583.30,453.71,68.49,166.81,0.8267,-1,-1,-1
209,47,1076.61,434.12,82.26,294.11,0.5644,-1,-1,-1
209,48,482.71,457.93,31.42,103.10,0.5975,-1,-1,-1
209,49,1191.58,444.47,36.03,103.61,0.8178,-1,-1,-1
209,53,1843.82,471.72,63.04,184.48,0.3515,-1,-1,-1
209,54,448.67,463.31,37.85,111.38,0.4890,-1,-1,-1
209,56,659.43,462.01,25.38,76.23,0.2703,-1,-1,-1
210,1,839.88,432.25,148.53,383.52,0.8657,-1,-1,-1
210,7,1160.36,436.39,26.75,91.79,0.3589,-1,-1,-1
210,12,1028.71,443.38,121.82,321.03,0.8786,-1,-1,-1
210,25,513.62,454.72,34.06,106.59,0.6358,-1,-1,-1
210,38,683.29,413.94,168.11,573.65,0.8251,-1,-1,-1
210,40,585.61,453.15,68.68,167.27,0.8216,-1,-1,-1
210,46,544.49,452.31,24.29,67.27,0.2994,-1,-1,-1
210,47,1082.46,434.11,83.30,296.14,0.6521,-1,-1,-1
210,48,482.42,457.92,31.06,103.19,0.4583,-1,-1,-1
210,49,1192.30,444.92,36.22,103.19,0.8352,-1,-1,-1
210,53,1843.06,472.95,63.01,183.77,0.3968,-1,-1,-1
210,54,446.66,463.79,37.59,111.18,0.4774,-1,-1,-1
210,56,660.46,462.02,24.61,75.68,0.3486,-1,-1,-1
211,1,844.34,431.66,146.32,384.08,0.8563,-1,-1,-1
211,7,1161.16,437.08,26.03,90.97,0.4154,-1,-1,-1
211,12,1030.99,442.92,132.93,321.22,0.8691,-1,-1,-1
211,25,512.56,454.60,34.32,106.44,0.6058,-1,-1,-1
211,38,684.52,412.74,168.55,575.81,0.8460,-1,-1,-1
211,40,587.35,452.37,68.86,167.64,0.8377,-1,-1,-1
211,46,545.20,452.51,22.98,67.03,0.2728,-1,-1,-1
211,48,482.00,457.62,31.01,103.16,0.4475,-1,-1,-1
211,49,1193.03,445.25,36.30,102.82,0.8374,-1,-1,-1
211,53,1842.81,473.53,63.64,183.46,0.3561,-1,-1,-1
211,54,445.99,462.55,37.80,111.06,0.5472,-1,-1,-1
211,56,660.59,462.37,24.23,75.27,0.2733,-1,-1,-1
212,1,850.76,431.22,144.22,384.40,0.8744,-1,-1,-1
212,7,1161.37,437.38,25.52,90.17,0.3187,-1,-1,-1
212,9,971.93,447.80,40.00,93.65,0.2558,-1,-1,-1
212,12,1031.21,444.68,141.22,320.83,0.8791,-1,-1,-1
212,25,512.34,453.62,35.56,106.77,0.6073,-1,-1,-1
212,38,685.84,412.02,169.06,577.87,0.7920,-1,-1,-1
212,40,588.90,452.85,69.02,167.45,0.8283,-1,-1,-1
212,46,545.77,452.47,22.47,67.43,0.3090,-1,-1,-1
212,47,1091.44,427.71,80.89,289.76,0.4005,-1,-1,-1
212,48,482.46,457.63,30.74,103.08,0.5135,-1,-1,-1
212,49,1195.06,445.98,35.96,102.10,0.8005,-1,-1,-1
212,53,1843.17,473.62,63.24,183.10,0.3620,-1,-1,-1
212,54,443.86,462.16,38.97,109.82,0.3763,-1,-1,-1
212,56,660.19,462.14,24.40,75.59,0.3326,-1,-1,-1
213,1,858.82,429.63,140.61,383.57,0.8575,-1,-1,-1
213,7,1161.53,437.82,25.25,89.46,0.2705,-1,-1,-1
213,12,1028.98,447.25,146.89,320.46,0.8750,-1,-1,-1
213,25,511.64,452.80,35.87,107.16,0.6135,-1,-1,-1
213,38,687.64,412.17,170.31,578.98,0.7878,-1,-1,-1
213,40,590.25,453.24,69.61,167.65,0.8391,-1,-1,-1
213,46,546.07,452.56,22.05,67.27,0.2966,-1,-1,-1
213,47,1098.34,428.91,78.81,287.23,0.4629,-1,-1,-1
213,48,482.48,457.52,30.31,102.96,0.5042,-1,-1,-1
213,49,1196.17,444.51,35.93,102.44,0.7641,-1,-1,-1
213,54,443.65,459.41,39.15,108.35,0.5236,-1,-1,-1
213,56,659.88,462.07,24.57,75.76,0.3448,-1,-1,-1
214,1,866.40,429.11,135.84,383.36,0.8753,-1,-1,-1
214,12,1027.40,448.31,151.16,320.80,0.8791,-1,-1,-1
214,25,511.69,453.16,36.03,107.16,0.6018,-1,-1,-1
214,38,693.14,410.27,169.71,579.84,0.7796,-1,-1,-1
214,40,591.05,451.87,69.69,168.65,0.8322,-1,-1,-1
214,47,1101.51,414.91,76.80,260.86,0.3437,-1,-1,-1
214,48,482.30,457.46,30.10,102.93,0.5051,-1,-1,-1
214,49,1197.63,444.70,35.77,101.95,0.7524,-1,-1,-1
214,54,442.28,458.11,39.91,106.86,0.4630,-1,-1,-1
214,56,659.66,462.14,24.70,75.73,0.3266,-1,-1,-1
214,57,1025.70,442.50,39.80,90.86,0.4320,-1,-1,-1
215,1,872.95,431.73,132.32,384.47,0.8704,-1,-1,-1
215,7,1160.38,437.49,25.68,88.27,0.2619,-1,-1,-1
215,12,1026.58,448.28,155.36,321.70,0.8386,-1,-1,-1
215,25,511.33,453.25,36.68,107.19,0.6232,-1,-1,-1
215,38,697.82,410.90,169.16,580.97,0.8107,-1,-1,-1
215,40,592.69,449.90,69.47,170.13,0.8176,-1,-1,-1
215,47,1108.87,434.50,77.63,269.85,0.4910,-1,-1,-1
215,48,482.68,457.35,29.59,103.24,0.5103,-1,-1,-1
215,49,1198.89,443.40,35.63,102.16,0.6805,-1,-1,-1
215,54,443.71,461.66,40.14,106.96,0.4405,-1,-1,-1
215,56,659.55,461.74,24.89,76.23,0.3604,-1,-1,-1
215,57,1028.08,439.79,42.47,93.48,0.3699,-1,-1,-1
215,59,569.30,458.16,20.77,66.44,0.4947,-1,-1,-1
216,1,878.40,432.76,129.80,385.32,0.9095,-1,-1,-1
216,12,1027.31,446.40,157.92,323.67,0.8614,-1,-1,-1
216,25,511.07,453.48,37.35,107.06,0.6319,-1,-1,-1
216,30,1854.76,386.46,63.29,270.57,0.3595,-1,-1,-1
216,38,702.85,411.00,168.21,581.36,0.8255,-1,-1,-1
216,40,594.20,450.79,69.38,170.34,0.8370,-1,-1,-1
216,47,1119.66,436.86,83.16,278.68,0.5353,-1,-1,-1
216,48,482.94,456.77,29.36,103.24,0.4965,-1,-1,-1
216,49,1201.48,444.09,34.62,102.13,0.7173,-1,-1,-1
216,54,442.58,459.54,40.73,108.27,0.4577,-1,-1,-1
216,56,659.51,460.95,25.47,76.76,0.3546,-1,-1,-1
216,57,1030.53,438.63,45.72,98.54,0.4657,-1,-1,-1
216,59,569.53,461.53,20.79,63.79,0.4913,-1,-1,-1
217,1,881.69,432.79,128.16,386.92,0.8983,-1,-1,-1
217,12,1028.36,445.85,158.74,324.36,0.8465,-1,-1,-1
217,25,511.15,452.95,37.24,107.53,0.6413,-1,-1,-1
217,30,1854.92,386.43,64.04,269.90,0.3180,-1,-1,-1
217,38,703.72,408.81,169.25,581.27,0.8379,-1,-1,-1
217,40,595.58,452.09,69.98,170.43,0.8362,-1,-1,-1
217,47,1126.44,436.30,84.83,285.76,0.5643,-1,-1,-1
217,48,482.56,456.88,29.25,103.05,0.5520,-1,-1,-1
217,49,1203.55,445.72,34.31,101.49,0.6717,-1,-1,-1
217,54,440.40,459.38,42.11,107.80,0.4524,-1,-1,-1
217,56,660.26,460.73,25.94,77.55,0.3544,-1,-1,-1
217,57,1033.12,436.22,48.48,97.18,0.3987,-1,-1,-1
217,59,569.74,462.19,20.60,62.46,0.5030,-1,-1,-1
218,1,884.69,431.64,127.34,389.22,0.8720,-1,-1,-1
218,12,1031.61,446.33,157.71,324.41,0.8744,-1,-1,-1
218,25,510.77,453.95,36.97,106.79,0.6629,-1,-1,-1
218,38,707.19,409.58,173.83,584.55,0.7987,-1,-1,-1
218,40,596.95,455.26,69.89,169.18,0.8417,-1,-1,-1
218,47,1134.71,433.58,90.65,290.57,0.7307,-1,-1,-1
218,48,482.73,456.77,29.05,102.95,0.5774,-1,-1,-1
218,49,1205.18,446.76,34.34,100.81,0.6852,-1,-1,-1
218,54,435.83,461.35,44.21,106.81,0.2665,-1,-1,-1
218,56,659.67,461.01,26.29,77.60,0.3993,-1,-1,-1
218,57,1035.36,435.81,51.56,95.41,0.4311,-1,-1,-1
218,59,569.41,461.66,20.42,62.13,0.5122,-1,-1,-1
219,1,887.75,431.21,126.13,391.96,0.8615,-1,-1,-1
219,12,1034.54,446.24,156.42,324.23,0.8443,-1,-1,-1
219,17,374.36,444.70,28.84,63.99,0.3160,-1,-1,-1
219,25,510.51,454.46,37.10,106.43,0.6594,-1,-1,-1
219,38,710.05,407.36,179.47,586.74,0.8206,-1,-1,-1
219,40,597.32,456.24,69.64,168.82,0.8020,-1,-1,-1
219,47,1138.33,435.39,90.28,291.57,0.4436,-1,-1,-1
219,48,482.20,457.64,29.45,102.09,0.5202,-1,-1,-1
219,49,1205.46,447.73,35.22,100.06,0.6547,-1,-1,-1
219,54,439.25,458.22,43.06,106.25,0.2729,-1,-1,-1
219,56,659.43,460.78,26.26,76.98,0.3839,-1,-1,-1
219,57,1036.55,435.99,52.27,91.91,0.3381,-1,-1,-1
219,59,569.69,461.73,20.28,61.83,0.4991,-1,-1,-1
219,60,1034.49,440.56,53.76,137.84,0.4951,-1,-1,-1
220,1,890.13,431.89,125.38,395.64,0.8672,-1,-1,-1
220,12,1041.31,444.64,152.41,324.85,0.8463,-1,-1,-1
220,17,373.37,444.59,27.61,63.61,0.2987,-1,-1,-1
220,25,509.73,454.41,37.52,106.30,0.6525,-1,-1,-1
220,38,712.30,405.54,184.40,587.80,0.7952,-1,-1,-1
220,40,598.73,456.13,69.41,168.90,0.8571,-1,-1,-1
220,47,1138.71,437.43,84.08,295.40,0.3559,-1,-1,-1
220,48,480.47,458.18,30.46,101.22,0.5402,-1,-1,-1
220,49,1207.23,448.48,36.36,100.74,0.5802,-1,-1,-1
220,56,659.13,461.66,25.95,74.52,0.3330,-1,-1,-1
220,57,1037.90,437.36,52.33,90.15,0.2846,-1,-1,-1
220,59,569.85,461.40,20.59,62.45,0.5074,-1,-1,-1
220,60,1035.83,441.90,52.90,138.93,0.5053,-1,-1,-1
221,1,893.33,432.45,125.21,399.76,0.8788,-1,-1,-1
221,12,1048.90,441.93,146.56,326.91,0.8662,-1,-1,-1
221,17,372.83,444.57,26.76,63.26,0.2684,-1,-1,-1
221,25,509.30,454.19,37.27,106.30,0.6265,-1,-1,-1
221,38,717.42,403.69,192.52,590.08,0.8074,-1,-1,-1
221,40,599.98,452.57,69.22,170.56,0.8118,-1,-1,-1
221,47,1147.88,436.12,86.80,295.50,0.3923,-1,-1,-1
221,48,480.31,458.59,31.35,101.48,0.6067,-1,-1,-1
221,49,1209.89,449.19,37.43,99.85,0.6504,-1,-1,-1
221,54,437.35,457.59,44.51,105.90,0.2986,-1,-1,-1
221,56,659.34,461.70,25.60,73.34,0.3545,-1,-1,-1
221,57,1038.73,438.93,51.97,88.41,0.2724,-1,-1,-1
221,58,737.37,472.72,31.00,52.45,0.2765,-1,-1,-1
221,59,570.32,460.13,20.56,63.17,0.5221,-1,-1,-1
221,60,1037.60,439.88,50.80,130.32,0.3744,-1,-1,-1
222,1,895.58,431.53,125.05,402.27,0.8720,-1,-1,-1
222,12,1058.14,440.27,139.02,328.18,0.8262,-1,-1,-1
222,17,372.40,444.59,26.10,63.06,0.2774,-1,-1,-1
222,25,509.20,454.35,36.95,106.40,0.6759,-1,-1,-1
222,30,1859.67,385.31,61.44,270.56,0.2907,-1,-1,-1
222,38,722.94,401.78,204.39,592.34,0.8105,-1,-1,-1
222,40,601.25,452.01,69.14,171.37,0.8304,-1,-1,-1
222,46,550.98,453.51,21.18,64.86,0.2751,-1,-1,-1
222,47,1153.39,436.60,86.07,295.30,0.6195,-1,-1,-1
222,48,479.65,457.59,31.68,102.06,0.6207,-1,-1,-1
222,49,1213.67,449.61,38.90,99.11,0.6466,-1,-1,-1
222,56,658.74,460.02,24.74,68.25,0.3136,-1,-1,-1
222,57,1040.29,440.91,51.42,87.58,0.2789,-1,-1,-1
222,58,738.14,474.71,31.41,49.90,0.2723,-1,-1,-1
222,59,570.85,458.85,20.36,63.85,0.5321,-1,-1,-1
222,60,1039.65,441.66,49.47,124.70,0.4763,-1,-1,-1
223,1,898.07,431.30,126.19,404.62,0.8884,-1,-1,-1
223,12,1069.61,439.96,130.73,329.70,0.8683,-1,-1,-1
223,17,372.77,444.61,25.67,62.88,0.3448,-1,-1,-1
223,25,508.58,454.41,37.05,106.69,0.6828,-1,-1,-1
223,30,1861.52,385.47,59.64,270.38,0.3007,-1,-1,-1
223,38,727.00,401.15,218.12,594.00,0.8287,-1,-1,-1
223,40,601.03,453.88,66.94,170.71,0.7664,-1,-1,-1
223,46,551.34,453.14,21.30,65.31,0.2892,-1,-1,-1
223,47,1156.26,438.55,84.30,293.70,0.3480,-1,-1,-1
223,48,479.59,457.05,31.77,102.34,0.6609,-1,-1,-1
223,49,1216.80,448.58,39.33,99.41,0.6503,-1,-1,-1
223,54,437.73,458.47,45.63,105.49,0.3122,-1,-1,-1
223,56,658.93,463.13,25.19,69.29,0.2769,-1,-1,-1
223,57,1041.91,442.56,50.60,88.56,0.3327,-1,-1,-1
223,58,737.38,463.87,31.83,57.29,0.3137,-1,-1,-1
223,59,571.04,457.35,20.23,64.46,0.4995,-1,-1,-1
223,60,1041.46,444.06,48.90,124.87,0.5208,-1,-1,-1
224,1,900.24,432.33,126.53,406.72,0.8787,-1,-1,-1
224,12,1081.79,440.02,121.13,330.62,0.8231,-1,-1,-1
224,17,373.17,444.81,25.06,62.86,0.3446,-1,-1,-1
224,25,509.24,454.26,37.56,106.99,0.6963,-1,-1,-1
224,30,1861.75,385.22,59.04,270.56,0.3178,-1,-1,-1
224,38,728.16,400.03,232.95,595.23,0.8206,-1,-1,-1
224,40,602.49,454.37,66.65,170.24,0.7684,-1,-1,-1
224,46,550.12,451.44,22.24,66.94,0.2548,-1,-1,-1
224,47,1160.62,435.78,80.03,294.88,0.6639,-1,-1,-1
224,48,479.61,456.83,31.93,102.57,0.6472,-1,-1,-1
224,49,1219.07,448.43,40.11,99.88,0.6296,-1,-1,-1
224,54,434.09,462.95,47.99,106.64,0.2784,-1,-1,-1
224,56,658.89,460.89,24.64,64.03,0.2877,-1,-1,-1
224,58,736.88,458.51,34.04,63.48,0.3191,-1,-1,-1
224,59,571.00,455.83,20.50,65.54,0.5126,-1,-1,-1
224,60,1042.93,446.07,49.48,127.86,0.4342,-1,-1,-1
225,1,902.46,433.21,126.28,409.54,0.8806,-1,-1,-1
225,12,1091.90,440.41,113.01,331.75,0.8329,-1,-1,-1
225,17,373.20,444.48,24.38,62.46,0.3299,-1,-1,-1
225,25,510.05,454.82,37.33,106.82,0.6944,-1,-1,-1
225,30,1862.84,385.92,58.07,269.99,0.2999,-1,-1,-1
225,31,434.66,462.30,41.64,99.35,0.3036,-1,-1,-1
225,38,733.82,399.15,242.76,595.92,0.8345,-1,-1,-1
225,40,604.42,455.02,66.43,171.45,0.7866,-1,-1,-1
225,46,550.16,451.50,22.17,67.28,0.3374,-1,-1,-1
225,47,1167.33,432.80,74.85,296.33,0.6429,-1,-1,-1
225,48,479.19,456.73,32.77,102.98,0.6721,-1,-1,-1
225,49,1221.20,448.60,39.50,99.99,0.5499,-1,-1,-1
225,53,1842.19,480.16,65.04,176.75,0.2699,-1,-1,-1
225,54,429.10,466.71,49.62,106.96,0.4074,-1,-1,-1
225,58,733.64,466.79,35.84,60.15,0.2933,-1,-1,-1
225,59,570.71,455.23,21.61,65.95,0.5065,-1,-1,-1
225,60,1046.17,444.81,49.34,125.39,0.4546,-1,-1,-1
226,1,904.72,433.00,127.34,411.50,0.8618,-1,-1,-1
226,12,1099.87,441.22,106.79,334.47,0.8286,-1,-1,-1
226,17,373.45,444.46,24.49,62.31,0.3173,-1,-1,-1
226,25,509.60,454.41,37.15,107.06,0.6791,-1,-1,-1
226,30,1862.15,385.49,58.18,269.71,0.2750,-1,-1,-1
226,38,737.97,400.45,253.37,595.23,0.7703,-1,-1,-1
226,40,605.56,455.56,66.21,172.28,0.7944,-1,-1,-1
226,47,1171.50,431.35,71.43,297.51,0.7477,-1,-1,-1
226,48,477.99,456.78,33.50,103.68,0.6944,-1,-1,-1
226,49,1223.52,449.82,38.44,99.12,0.5651,-1,-1,-1
226,54,426.92,468.27,50.17,106.97,0.3654,-1,-1,-1
226,58,728.61,475.76,40.08,68.20,0.3773,-1,-1,-1
226,59,569.88,455.17,22.59,66.72,0.4606,-1,-1,-1
226,60,1046.37,444.91,48.47,123.95,0.3535,-1,-1,-1
227,1,905.96,431.45,128.15,411.66,0.8603,-1,-1,-1
227,12,1106.65,440.57,102.69,337.42,0.8309,-1,-1,-1
227,17,373.26,444.24,24.97,62.26,0.3037,-1,-1,-1
227,25,508.47,453.85,36.79,107.41,0.6393,-1,-1,-1
227,30,1868.85,386.03,53.97,265.95,0.3251,-1,-1,-1
227,38,748.05,404.57,260.55,592.59,0.7899,-1,-1,-1
227,40,606.78,454.25,64.96,173.96,0.7621,-1,-1,-1
227,47,1175.47,429.72,69.56,299.18,0.7560,-1,-1,-1
227,48,476.30,456.48,33.79,104.11,0.6815,-1,-1,-1
227,49,1225.82,449.66,37.34,98.79,0.4785,-1,-1,-1
227,54,425.44,466.73,50.72,108.55,0.4543,-1,-1,-1
227,58,726.36,477.98,42.49,73.57,0.3096,-1,-1,-1
227,59,569.78,456.05,22.90,66.78,0.4304,-1,-1,-1
228,1,907.40,430.36,128.40,412.20,0.8658,-1,-1,-1
228,12,1112.53,441.25,100.91,341.68,0.8398,-1,-1,-1
228,25,507.87,452.67,36.70,108.03,0.6870,-1,-1,-1
228,30,1865.97,386.86,54.67,265.67,0.3412,-1,-1,-1
228,38,750.19,404.22,267.90,593.19,0.7940,-1,-1,-1
228,40,607.64,453.20,63.40,175.66,0.7499,-1,-1,-1
228,47,1180.58,428.45,69.54,300.63,0.7547,-1,-1,-1
228,48,474.23,456.33,34.63,104.27,0.6757,-1,-1,-1
228,49,1226.66,449.86,36.93,98.60,0.4751,-1,-1,-1
228,53,1835.14,471.60,69.46,181.98,0.3998,-1,-1,-1
228,54,423.70,465.76,51.06,109.36,0.3543,-1,-1,-1
228,58,725.02,478.33,43.70,76.54,0.3389,-1,-1,-1
228,59,569.08,456.91,23.48,66.51,0.3938,-1,-1,-1
229,1,907.33,429.12,129.46,412.79,0.8607,-1,-1,-1
229,12,1120.68,442.17,99.93,343.89,0.8063,-1,-1,-1
229,25,507.74,452.24,36.51,108.24,0.6672,-1,-1,-1
229,30,1861.27,387.05,57.23,265.91,0.3413,-1,-1,-1
229,35,1095.94,438.21,33.79,147.97,0.2913,-1,-1,-1
229,38,756.65,404.01,271.64,594.43,0.8206,-1,-1,-1
229,40,608.87,454.44,62.99,175.73,0.7546,-1,-1,-1
229,46,551.71,454.12,20.51,64.22,0.2639,-1,-1,-1
229,47,1185.81,426.59,69.19,302.55,0.6635,-1,-1,-1
229,48,473.09,456.23,35.24,104.33,0.6934,-1,-1,-1
229,49,1228.39,449.05,36.74,98.14,0.2907,-1,-1,-1
229,53,1835.48,473.00,70.57,181.99,0.3624,-1,-1,-1
229,54,423.20,466.15,52.11,110.00,0.6551,-1,-1,-1
229,58,724.08,478.18,44.06,78.29,0.3007,-1,-1,-1
229,59,569.30,457.39,23.77,66.41,0.4289,-1,-1,-1
229,60,1053.80,443.94,48.01,122.11,0.3349,-1,-1,-1
229,61,588.22,452.76,23.56,68.08,0.4412,-1,-1,-1
230,1,908.19,428.03,130.34,413.40,0.8524,-1,-1,-1
230,12,1127.50,443.24,100.84,344.94,0.8318,-1,-1,-1
230,17,373.99,444.31,26.47,61.80,0.2633,-1,-1,-1
230,25,508.98,452.02,36.25,108.38,0.7171,-1,-1,-1
230,30,1858.19,387.52,59.59,265.54,0.3637,-1,-1,-1
230,35,1097.18,437.70,33.15,145.11,0.3003,-1,-1,-1
230,38,765.45,408.43,272.19,592.54,0.8299,-1,-1,-1
230,40,610.87,452.43,62.18,176.82,0.7844,-1,-1,-1
230,46,552.24,454.87,20.01,63.14,0.3275,-1,-1,-1
230,47,1193.11,427.78,68.72,303.77,0.6072,-1,-1,-1
230,48,472.46,456.46,35.62,104.17,0.7330,-1,-1,-1
230,53,1836.64,475.76,70.14,180.13,0.3148,-1,-1,-1
230,54,422.79,466.89,52.12,109.92,0.6390,-1,-1,-1
230,59,569.10,456.67,24.04,66.45,0.4300,-1,-1,-1
230,60,1055.51,445.38,51.55,129.41,0.3285,-1,-1,-1
230,61,587.65,454.55,23.56,66.28,0.3152,-1,-1,-1
231,1,910.59,427.69,130.25,414.37,0.8602,-1,-1,-1
231,12,1135.07,442.78,105.82,345.56,0.8344,-1,-1,-1
231,17,374.28,444.45,27.45,61.59,0.3303,-1,-1,-1
231,25,509.80,451.78,36.26,108.24,0.6976,-1,-1,-1
231,30,1854.40,387.40,62.65,267.10,0.4032,-1,-1,-1
231,35,1098.46,434.05,33.27,130.54,0.3895,-1,-1,-1
231,38,766.11,409.44,274.75,591.90,0.8353,-1,-1,-1
231,40,613.18,451.17,62.82,178.03,0.7930,-1,-1,-1
231,46,552.46,455.16,19.81,61.74,0.3239,-1,-1,-1
231,47,1198.20,427.24,69.18,305.08,0.3698,-1,-1,-1
231,48,472.24,456.32,35.82,103.97,0.7362,-1,-1,-1
231,54,422.33,466.31,52.17,110.37,0.6627,-1,-1,-1
231,59,569.28,456.41,23.87,66.44,0.5040,-1,-1,-1
231,60,1057.90,447.09,51.66,132.87,0.4187,-1,-1,-1
231,61,588.43,453.92,23.98,67.40,0.3483,-1,-1,-1
231,62,675.74,481.01,53.76,119.99,0.4429,-1,-1,-1
232,1,912.52,427.46,129.83,414.94,0.8439,-1,-1,-1
232,12,1140.31,442.91,112.99,347.03,0.8441,-1,-1,-1
232,17,374.34,444.50,28.71,61.53,0.3143,-1,-1,-1
232,25,510.10,451.14,36.25,107.67,0.6272,-1,-1,-1
232,30,1857.99,386.89,61.59,267.67,0.3077,-1,-1,-1
232,35,1099.15,434.70,33.21,121.67,0.4193,-1,-1,-1
232,38,768.01,409.83,275.86,591.41,0.8334,-1,-1,-1
232,40,614.26,450.90,62.21,178.39,0.7974,-1,-1,-1
232,47,1202.40,426.06,69.25,303.74,0.3347,-1,-1,-1
232,48,471.88,456.12,35.79,103.74,0.6895,-1,-1,-1
232,53,1839.63,470.74,70.49,183.08,0.2610,-1,-1,-1
232,54,421.33,465.49,50.86,111.21,0.6331,-1,-1,-1
232,58,724.99,476.88,44.54,81.73,0.2506,-1,-1,-1
232,59,569.43,456.60,23.65,66.31,0.4465,-1,-1,-1
232,60,1058.95,447.93,52.50,136.11,0.4188,-1,-1,-1
232,61,588.36,452.18,24.48,69.02,0.4680,-1,-1,-1
232,62,676.05,481.94,52.77,119.28,0.4362,-1,-1,-1
232,63,750.43,435.32,87.09,167.19,0.5689,-1,-1,-1
233,1,914.96,427.66,129.69,416.56,0.8342,-1,-1,-1
233,12,1142.03,443.40,119.15,348.02,0.8441,-1,-1,-1
233,17,373.76,444.49,29.29,61.37,0.3112,-1,-1,-1
233,20,1123.36,445.08,25.50,99.70,0.3418,-1,-1,-1
233,25,509.54,451.27,36.70,108.01,0.6793,-1,-1,-1
233,35,1099.58,436.31,33.41,116.51,0.3645,-1,-1,-1
233,38,769.86,408.56,274.97,591.13,0.8483,-1,-1,-1
233,40,615.82,450.34,61.86,178.40,0.8049,-1,-1,-1
233,47,1208.24,428.82,70.22,306.73,0.6296,-1,-1,-1
233,48,472.81,456.18,35.33,103.60,0.6549,-1,-1,-1
233,54,421.29,465.19,49.54,111.82,0.6422,-1,-1,-1
233,58,724.77,476.89,44.38,82.37,0.2526,-1,-1,-1
233,59,569.25,456.88,23.48,66.05,0.4659,-1,-1,-1
233,60,1060.84,448.40,50.94,136.24,0.3676,-1,-1,-1
233,61,588.74,452.63,23.94,68.39,0.3650,-1,-1,-1
233,62,677.03,482.32,51.08,117.46,0.4489,-1,-1,-1
233,63,752.80,434.54,91.09,169.04,0.3101,-1,-1,-1
233,64,1209.95,426.84,67.28,176.83,0.3420,-1,-1,-1
234,1,921.07,428.39,128.05,416.70,0.8206,-1,-1,-1
234,12,1142.47,444.52,123.90,349.72,0.8522,-1,-1,-1
234,17,373.74,444.45,29.75,61.30,0.2968,-1,-1,-1
234,20,1123.05,445.95,25.51,99.73,0.2505,-1,-1,-1
234,25,508.82,451.34,37.17,108.41,0.6227,-1,-1,-1
234,38,778.28,408.88,269.75,590.22,0.8129,-1,-1,-1
234,40,617.27,451.43,61.12,178.23,0.8186,-1,-1,-1
234,47,1213.73,428.42,70.44,310.01,0.6702,-1,-1,-1
234,48,472.59,456.02,35.33,103.47,0.6434,-1,-1,-1
234,51,751.31,431.24,121.84,432.22,0.2904,-1,-1,-1
234,53,1844.16,466.25,66.67,185.90,0.2784,-1,-1,-1
234,54,421.86,466.06,48.76,111.48,0.5913,-1,-1,-1
234,59,569.19,456.87,23.93,65.78,0.4341,-1,-1,-1
234,60,1062.97,448.50,49.71,137.03,0.3519,-1,-1,-1
234,61,589.17,452.48,23.96,68.36,0.3642,-1,-1,-1
234,62,678.11,483.25,50.06,116.94,0.4276,-1,-1,-1
234,63,754.82,434.19,95.28,173.39,0.3051,-1,-1,-1
234,64,1214.94,427.19,66.76,176.54,0.4010,-1,-1,-1
235,1,925.07,428.56,127.17,416.98,0.8169,-1,-1,-1
235,12,1142.84,444.52,128.02,352.51,0.8368,-1,-1,-1
235,17,374.16,444.45,30.79,61.46,0.3298,-1,-1,-1
235,20,1122.54,445.93,25.40,100.07,0.3783,-1,-1,-1
235,25,508.32,450.98,37.32,108.81,0.6697,-1,-1,-1
235,30,1869.59,387.21,54.61,262.10,0.2755,-1,-1,-1
235,38,781.58,410.19,266.41,589.40,0.8158,-1,-1,-1
235,40,618.48,450.79,60.76,178.18,0.8113,-1,-1,-1
235,47,1219.41,427.72,72.63,313.21,0.7083,-1,-1,-1
235,48,474.66,456.33,34.63,103.88,0.6157,-1,-1,-1
235,51,742.43,431.70,122.48,434.70,0.3357,-1,-1,-1
235,54,421.84,466.25,47.22,111.36,0.6484,-1,-1,-1
235,59,568.46,457.01,24.20,65.53,0.4120,-1,-1,-1
235,60,1064.74,449.25,49.92,139.79,0.3490,-1,-1,-1
235,61,588.80,452.44,23.78,68.48,0.3495,-1,-1,-1
235,62,678.35,482.94,49.56,117.17,0.4209,-1,-1,-1
235,64,1217.16,436.55,71.45,202.18,0.2826,-1,-1,-1
236,1,929.37,427.28,124.90,416.66,0.8340,-1,-1,-1
236,12,1142.11,443.85,131.86,355.27,0.8466,-1,-1,-1
236,17,373.58,444.32,31.28,61.25,0.2953,-1,-1,-1
236,20,1122.53,445.78,24.68,99.81,0.4195,-1,-1,-1
236,25,507.47,451.44,37.14,108.88,0.6170,-1,-1,-1
236,30,1872.53,389.35,50.90,259.02,0.2883,-1,-1,-1
236,38,786.13,411.36,262.51,588.27,0.8024,-1,-1,-1
236,40,620.12,450.81,61.63,178.39,0.8368,-1,-1,-1
236,47,1224.75,427.66,75.73,315.92,0.6625,-1,-1,-1
236,48,475.54,456.64,33.75,104.07,0.6144,-1,-1,-1
236,51,739.17,432.77,116.67,434.59,0.4161,-1,-1,-1
236,54,421.42,466.02,45.36,111.30,0.5869,-1,-1,-1
236,59,568.51,456.78,24.03,65.87,0.4809,-1,-1,-1
236,60,1066.54,447.99,51.18,143.04,0.3678,-1,-1,-1
236,61,588.98,452.72,23.38,68.35,0.3293,-1,-1,-1
236,62,678.51,482.98,48.69,118.06,0.3690,-1,-1,-1
236,63,757.27,436.02,103.01,189.30,0.3804,-1,-1,-1
236,64,1221.85,431.28,71.24,202.33,0.3125,-1,-1,-1
237,1,934.08,419.06,123.00,406.58,0.7286,-1,-1,-1
237,12,1141.66,443.05,133.93,357.80,0.8533,-1,-1,-1
237,17,371.70,444.02,30.79,60.95,0.3258,-1,-1,-1
237,20,1122.56,445.49,24.21,99.88,0.4666,-1,-1,-1
237,25,507.21,451.57,37.14,109.08,0.6001,-1,-1,-1
237,30,1871.24,389.75,50.41,260.92,0.3803,-1,-1,-1
237,38,791.23,410.13,257.08,588.80,0.7700,-1,-1,-1
237,40,622.00,450.10,62.24,178.97,0.8127,-1,-1,-1
237,47,1229.14,428.19,76.92,317.74,0.6471,-1,-1,-1
237,48,476.13,456.61,32.21,104.11,0.5395,-1,-1,-1
237,51,731.97,435.69,111.02,432.28,0.3691,-1,-1,-1
237,54,420.11,465.52,44.06,110.91,0.4308,-1,-1,-1
237,59,568.31,456.33,24.06,66.50,0.4842,-1,-1,-1
237,60,1067.03,445.29,53.30,147.77,0.3781,-1,-1,-1
237,61,589.10,453.17,22.93,68.63,0.3937,-1,-1,-1
237,62,678.25,481.82,48.51,117.80,0.3553,-1,-1,-1
237,63,748.56,479.99,126.40,276.52,0.4150,-1,-1,-1
237,64,1227.06,430.15,70.25,202.08,0.2530,-1,-1,-1
238,1,939.20,425.01,120.92,410.77,0.5985,-1,-1,-1
238,7,1159.76,438.23,26.64,88.07,0.2859,-1,-1,-1
238,12,1145.06,443.76,133.24,358.69,0.8388,-1,-1,-1
238,17,372.27,444.10,31.28,60.93,0.3191,-1,-1,-1
238,20,1122.78,445.61,23.75,99.92,0.4489,-1,-1,-1
238,25,507.14,451.52,37.05,109.00,0.6098,-1,-1,-1
238,30,1867.46,389.54,52.12,262.74,0.3180,-1,-1,-1
238,38,797.74,409.47,250.98,589.15,0.8049,-1,-1,-1
238,40,623.88,450.34,63.02,179.87,0.8285,-1,-1,-1
238,47,1234.72,434.75,77.14,318.73,0.4026,-1,-1,-1
238,48,476.30,456.76,31.64,104.28,0.5860,-1,-1,-1
238,51,747.54,436.47,110.99,432.78,0.6313,-1,-1,-1
238,54,419.81,466.51,42.61,110.39,0.4169,-1,-1,-1
238,59,568.23,455.05,24.25,67.44,0.5343,-1,-1,-1
238,60,1069.49,441.97,54.22,147.69,0.2711,-1,-1,-1
238,61,589.43,452.26,22.41,68.80,0.3215,-1,-1,-1
238,62,679.23,481.24,48.83,117.09,0.3651,-1,-1,-1
238,64,1233.01,427.96,68.58,196.26,0.5413,-1,-1,-1
239,1,945.08,425.89,117.06,412.98,0.5710,-1,-1,-1
239,12,1148.38,442.47,131.62,359.67,0.8106,-1,-1,-1
239,17,373.07,444.02,32.32,60.89,0.3151,-1,-1,-1
239,20,1122.33,445.87,24.00,100.18,0.4769,-1,-1,-1
239,25,507.02,451.27,36.91,108.43,0.6044,-1,-1,-1
239,30,1867.60,388.72,52.19,263.70,0.2791,-1,-1,-1
239,38,802.38,409.52,245.80,589.02,0.7608,-1,-1,-1
239,40,627.47,451.40,66.35,179.37,0.8150,-1,-1,-1
239,47,1237.62,433.25,75.08,320.33,0.5672,-1,-1,-1
239,48,476.44,456.28,31.02,103.92,0.5692,-1,-1,-1
239,51,755.40,436.87,111.45,433.18,0.7151,-1,-1,-1
239,53,1841.68,474.19,65.22,182.39,0.3082,-1,-1,-1
239,54,419.09,466.48,41.18,110.12,0.4189,-1,-1,-1
239,59,568.44,455.21,24.66,67.29,0.5324,-1,-1,-1
239,61,589.90,452.28,22.72,69.03,0.3957,-1,-1,-1
239,62,680.00,480.93,48.83,116.26,0.3381,-1,-1,-1
239,65,608.35,449.63,19.31,63.94,0.4480,-1,-1,-1
239,66,454.51,452.29,38.33,104.42,0.3188,-1,-1,-1
240,1,952.13,424.56,113.18,412.89,0.7448,-1,-1,-1
240,12,1153.35,440.80,128.46,360.72,0.8154,-1,-1,-1
240,17,371.42,444.05,31.62,60.84,0.3225,-1,-1,-1
240,20,1122.05,445.67,24.27,100.60,0.5510,-1,-1,-1
240,25,506.80,451.38,37.13,108.95,0.6535,-1,-1,-1
240,30,1869.46,389.11,51.17,264.69,0.3638,-1,-1,-1
240,38,809.07,409.12,239.69,589.27,0.8215,-1,-1,-1
240,40,629.16,451.51,69.45,179.44,0.8120,-1,-1,-1
240,47,1243.39,432.18,72.03,321.51,0.4947,-1,-1,-1
240,48,474.69,456.00,30.86,103.95,0.4897,-1,-1,-1
240,51,760.20,436.86,111.93,433.05,0.7540,-1,-1,-1
240,53,1843.32,474.09,63.39,181.59,0.3766,-1,-1,-1
240,54,418.76,466.13,39.84,109.60,0.3693,-1,-1,-1
240,59,569.24,455.58,25.17,66.88,0.5148,-1,-1,-1
240,60,1071.58,432.58,55.51,138.71,0.4101,-1,-1,-1
240,61,589.88,451.62,22.97,69.60,0.3816,-1,-1,-1
240,62,680.44,480.68,49.17,114.15,0.2678,-1,-1,-1
240,64,1244.26,429.13,65.90,194.02,0.2997,-1,-1,-1
240,65,608.80,452.14,18.86,61.36,0.4063,-1,-1,-1
240,66,454.31,451.44,42.43,107.94,0.3770,-1,-1,-1
241,1,957.18,424.46,110.28,412.46,0.7705,-1,-1,-1
241,12,1159.89,439.23,124.12,361.47,0.7959,-1,-1,-1
241,20,1121.16,445.42,24.92,101.01,0.5720,-1,-1,-1
241,25,506.78,451.61,36.98,108.97,0.6520,-1,-1,-1
241,38,815.66,410.70,232.44,588.53,0.7950,-1,-1,-1
241,40,629.38,452.32,72.18,179.50,0.8178,-1,-1,-1
241,47,1249.20,431.63,68.35,322.64,0.4397,-1,-1,-1
241,48,474.44,455.87,30.62,103.89,0.5772,-1,-1,-1
241,51,762.21,436.46,112.53,432.64,0.7354,-1,-1,-1
241,53,1844.10,474.73,62.50,181.26,0.2891,-1,-1,-1
241,54,419.30,465.68,38.80,109.23,0.3654,-1,-1,-1
241,59,569.11,455.54,25.75,66.60,0.5054,-1,-1,-1
241,60,1075.04,427.31,54.26,136.81,0.4720,-1,-1,-1
241,61,589.92,452.45,22.97,69.21,0.4165,-1,-1,-1
241,62,679.68,478.11,49.75,113.76,0.3009,-1,-1,-1
241,64,1249.02,431.09,63.31,194.46,0.2864,-1,-1,-1
241,65,609.74,452.09,19.28,61.12,0.5289,-1,-1,-1
241,66,452.96,450.62,45.14,109.79,0.3393,-1,-1,-1
242,1,963.05,424.75,107.60,413.22,0.7721,-1,-1,-1
242,12,1174.40,438.46,118.64,362.33,0.8086,-1,-1,-1
242,17,371.49,443.94,29.70,60.26,0.2586,-1,-1,-1
242,20,1120.93,446.15,25.32,100.63,0.6571,-1,-1,-1
242,25,506.36,451.60,36.94,108.82,0.6471,-1,-1,-1
242,30,1862.34,387.77,55.17,265.95,0.3437,-1,-1,-1
242,38,820.76,410.74,227.25,588.22,0.7595,-1,-1,-1
242,40,629.54,452.98,74.75,179.02,0.8627,-1,-1,-1
242,47,1252.50,436.90,66.02,320.36,0.2970,-1,-1,-1
242,48,474.61,455.78,30.38,103.67,0.5696,-1,-1,-1
242,51,763.56,437.01,114.46,432.94,0.7623,-1,-1,-1
242,53,1845.60,471.28,63.10,183.32,0.2686,-1,-1,-1
242,54,419.23,465.45,37.92,109.54,0.3448,-1,-1,-1
242,59,568.52,455.63,26.31,66.38,0.5202,-1,-1,-1
242,60,1077.25,430.19,52.21,137.49,0.3901,-1,-1,-1
242,61,590.12,453.64,23.05,68.29,0.4630,-1,-1,-1
242,62,679.91,471.96,49.96,117.43,0.3317,-1,-1,-1
242,65,609.86,452.86,19.73,60.89,0.3646,-1,-1,-1
242,66,452.45,452.04,44.91,108.04,0.3044,-1,-1,-1
243,1,970.35,425.25,105.20,416.17,0.7501,-1,-1,-1
243,12,1182.44,437.26,114.59,362.95,0.8079,-1,-1,-1
243,20,1121.22,446.89,25.51,100.19,0.6691,-1,-1,-1
243,25,506.33,452.12,37.11,108.83,0.6663,-1,-1,-1
243,30,1861.20,387.89,56.85,266.82,0.2723,-1,-1,-1
243,38,830.07,408.18,222.52,589.84,0.7308,-1,-1,-1
243,40,627.51,453.71,76.73,179.34,0.8459,-1,-1,-1
243,47,1256.88,436.57,63.62,319.65,0.3711,-1,-1,-1
243,48,474.41,456.12,30.52,104.21,0.6166,-1,-1,-1
243,51,766.38,436.37,116.83,432.81,0.7852,-1,-1,-1
243,53,1845.67,472.29,62.36,182.96,0.3050,-1,-1,-1
243,54,420.05,465.83,37.04,109.54,0.2637,-1,-1,-1
243,57,1084.66,446.50,44.03,99.00,0.3627,-1,-1,-1
243,58,723.57,478.80,46.79,95.43,0.2913,-1,-1,-1
243,59,568.28,456.23,26.55,65.64,0.4795,-1,-1,-1
243,60,1077.23,440.03,51.35,137.77,0.2592,-1,-1,-1
243,61,590.40,454.48,23.00,67.44,0.4802,-1,-1,-1
243,62,681.96,474.03,49.64,119.42,0.4466,-1,-1,-1
243,65,610.41,452.45,20.20,61.21,0.4645,-1,-1,-1
243,66,452.21,452.74,44.43,106.71,0.3010,-1,-1,-1
244,1,976.17,426.24,103.56,418.44,0.7268,-1,-1,-1
244,12,1192.75,435.72,112.66,363.78,0.8220,-1,-1,-1
244,20,1121.39,447.01,25.54,100.08,0.6938,-1,-1,-1
244,25,506.18,451.89,37.36,109.10,0.6443,-1,-1,-1
244,30,1858.73,387.44,59.08,266.24,0.3261,-1,-1,-1
244,38,840.44,407.12,215.48,593.30,0.7620,-1,-1,-1
244,40,626.86,456.87,77.25,177.62,0.8499,-1,-1,-1
244,47,1264.35,429.04,65.54,324.51,0.3907,-1,-1,-1
244,48,474.28,456.19,30.78,104.38,0.5883,-1,-1,-1
244,51,768.00,436.58,118.27,433.26,0.8095,-1,-1,-1
244,53,1842.92,471.03,63.87,183.61,0.3492,-1,-1,-1
244,54,419.41,466.20,37.20,109.13,0.3339,-1,-1,-1
244,57,1087.00,446.21,41.82,101.27,0.4480,-1,-1,-1
244,58,723.35,481.16,47.46,100.16,0.2675,-1,-1,-1
244,59,567.70,456.33,26.81,65.23,0.4020,-1,-1,-1
244,61,590.48,454.94,22.87,66.85,0.5090,-1,-1,-1
244,62,682.70,473.16,49.98,122.09,0.4314,-1,-1,-1
244,65,611.07,453.51,20.35,60.38,0.5234,-1,-1,-1
245,1,982.38,427.22,101.29,418.15,0.6977,-1,-1,-1
245,7,1159.03,437.87,27.18,87.30,0.2504,-1,-1,-1
245,12,1200.91,434.02,111.83,365.01,0.8344,-1,-1,-1
245,17,371.84,444.33,27.77,60.15,0.2549,-1,-1,-1
245,20,1121.88,447.33,25.27,99.86,0.5591,-1,-1,-1
245,25,506.09,451.55,37.75,109.33,0.6459,-1,-1,-1
245,30,1854.40,388.57,62.49,266.78,0.3237,-1,-1,-1
245,38,847.58,407.98,209.28,598.14,0.7631,-1,-1,-1
245,40,626.45,459.90,77.88,175.31,0.8357,-1,-1,-1
245,47,1269.21,425.02,66.09,329.64,0.4446,-1,-1,-1
245,48,474.01,456.41,31.24,104.40,0.6362,-1,-1,-1
245,51,770.40,436.31,119.97,433.48,0.8222,-1,-1,-1
245,53,1843.75,463.88,65.37,188.86,0.3843,-1,-1,-1
245,54,418.23,466.38,37.78,108.69,0.3441,-1,-1,-1
245,57,1088.22,445.95,41.21,101.08,0.4508,-1,-1,-1
245,59,567.65,456.42,27.02,64.76,0.3371,-1,-1,-1
245,61,590.04,457.13,22.74,65.06,0.3645,-1,-1,-1
245,62,682.63,477.22,50.48,121.04,0.3942,-1,-1,-1
245,64,1269.97,425.71,65.04,209.82,0.4506,-1,-1,-1
245,65,611.61,453.44,20.80,60.83,0.4808,-1,-1,-1
246,1,986.44,425.87,100.94,419.54,0.6766,-1,-1,-1
246,12,1205.64,433.94,109.53,365.43,0.8460,-1,-1,-1
246,17,372.28,444.55,26.77,60.19,0.2569,-1,-1,-1
246,20,1122.42,446.92,24.81,100.11,0.5266,-1,-1,-1
246,25,505.75,451.24,38.24,109.71,0.6500,-1,-1,-1
246,30,1850.36,389.23,66.02,266.57,0.3528,-1,-1,-1
246,38,853.84,413.11,203.09,602.42,0.6053,-1,-1,-1
246,40,627.73,460.75,78.18,174.19,0.8339,-1,-1,-1
246,47,1273.03,422.42,64.66,332.67,0.4981,-1,-1,-1
246,48,473.51,456.55,31.56,104.41,0.5757,-1,-1,-1
246,51,775.13,436.96,122.21,433.83,0.7890,-1,-1,-1
246,53,1843.44,461.68,65.51,191.55,0.3568,-1,-1,-1
246,54,417.26,465.43,38.45,108.85,0.4818,-1,-1,-1
246,57,1088.80,444.84,40.62,101.43,0.4960,-1,-1,-1
246,59,568.57,456.48,26.58,63.53,0.2985,-1,-1,-1
246,61,590.24,459.46,22.42,62.88,0.3135,-1,-1,-1
246,62,684.18,479.92,49.72,119.83,0.3136,-1,-1,-1
246,64,1273.57,422.71,62.65,215.29,0.3546,-1,-1,-1
246,65,611.80,453.89,21.19,60.96,0.4717,-1,-1,-1
246,66,454.39,453.81,48.39,108.99,0.2781,-1,-1,-1
247,1,990.37,424.10,103.02,423.21,0.4838,-1,-1,-1
247,12,1212.39,433.87,110.93,367.21,0.8275,-1,-1,-1
247,17,371.80,444.87,26.84,60.07,0.2649,-1,-1,-1
247,20,1122.23,447.67,24.62,99.52,0.5549,-1,-1,-1
247,25,505.89,450.88,38.77,109.92,0.6545,-1,-1,-1
247,30,1855.48,389.42,64.25,266.48,0.2613,-1,-1,-1
247,38,864.19,412.00,196.21,608.15,0.4421,-1,-1,-1
247,40,627.69,458.59,78.87,175.35,0.8347,-1,-1,-1
247,48,472.13,456.44,32.44,104.62,0.6419,-1,-1,-1
247,51,779.73,437.47,126.03,436.11,0.7981,-1,-1,-1
247,53,1841.04,467.77,65.04,188.80,0.3884,-1,-1,-1
247,54,416.26,465.61,38.76,108.83,0.4729,-1,-1,-1
247,57,1088.12,443.64,40.70,101.78,0.4818,-1,-1,-1
247,59,567.77,456.02,26.52,63.41,0.3925,-1,-1,-1
247,60,1082.80,444.31,47.23,138.40,0.3072,-1,-1,-1
247,61,590.56,458.25,22.68,62.69,0.3749,-1,-1,-1
247,62,683.87,477.47,49.65,121.26,0.4187,-1,-1,-1
247,65,612.49,453.90,21.17,60.55,0.4584,-1,-1,-1
248,12,1221.72,432.90,116.82,368.99,0.8408,-1,-1,-1
248,20,1122.76,447.22,23.82,99.93,0.3585,-1,-1,-1
248,25,506.03,450.84,39.19,110.06,0.6870,-1,-1,-1
248,30,1857.22,389.20,63.30,266.14,0.3657,-1,-1,-1
248,38,874.65,415.46,189.63,612.45,0.4735,-1,-1,-1
248,40,631.25,455.89,77.32,177.00,0.8432,-1,-1,-1
248,48,471.85,456.35,32.80,104.81,0.6222,-1,-1,-1
248,51,783.52,436.45,129.15,438.99,0.8594,-1,-1,-1
248,53,1841.80,468.46,64.05,187.64,0.4275,-1,-1,-1
248,54,415.77,466.08,39.05,108.53,0.4919,-1,-1,-1
248,57,1089.16,442.36,42.14,102.85,0.5091,-1,-1,-1
248,59,568.24,456.31,26.07,62.90,0.4053,-1,-1,-1
248,61,590.71,458.39,22.80,62.40,0.3176,-1,-1,-1
248,62,686.62,479.68,47.78,120.02,0.4059,-1,-1,-1
248,64,1283.78,422.53,61.00,222.25,0.2935,-1,-1,-1
248,65,612.86,454.05,21.23,60.35,0.4261,-1,-1,-1
249,12,1228.60,434.93,125.50,368.63,0.8618,-1,-1,-1
249,20,1123.87,447.41,23.19,98.97,0.2998,-1,-1,-1
249,25,506.15,450.90,39.34,110.27,0.6580,-1,-1,-1
249,30,1853.73,388.80,65.18,265.42,0.2566,-1,-1,-1
249,38,882.34,415.52,180.40,617.25,0.6410,-1,-1,-1
249,40,634.53,453.19,75.63,178.93,0.8160,-1,-1,-1
249,48,471.67,456.11,33.01,104.78,0.6152,-1,-1,-1
249,51,786.08,435.12,130.74,441.85,0.8891,-1,-1,-1
249,53,1842.16,468.50,66.93,186.96,0.2778,-1,-1,-1
249,54,414.84,465.72,39.93,108.99,0.5515,-1,-1,-1
249,57,1091.14,442.56,42.84,102.85,0.5150,-1,-1,-1
249,59,569.26,456.55,25.27,62.42,0.4652,-1,-1,-1
249,61,590.84,459.27,23.25,61.66,0.4554,-1,-1,-1
249,62,689.54,479.04,43.94,116.48,0.2802,-1,-1,-1
249,64,1289.21,419.97,59.21,226.05,0.3508,-1,-1,-1
249,65,613.16,454.24,21.47,60.51,0.4590,-1,-1,-1
250,7,1160.32,438.64,26.06,87.24,0.2809,-1,-1,-1
250,12,1234.87,434.49,139.95,369.62,0.8574,-1,-1,-1
250,17,372.52,444.73,25.64,60.04,0.2548,-1,-1,-1
250,20,1124.65,448.04,23.02,98.86,0.3977,-1,-1,-1
250,25,506.35,450.42,39.87,110.83,0.5829,-1,-1,-1
250,38,902.30,410.73,186.72,625.68,0.6683,-1,-1,-1
250,40,639.45,452.61,73.47,179.52,0.7670,-1,-1,-1
250,48,471.80,456.07,33.29,104.50,0.5540,-1,-1,-1
250,51,789.24,434.16,130.73,444.49,0.8763,-1,-1,-1
250,54,413.33,465.50,40.80,108.47,0.4418,-1,-1,-1
250,59,570.03,456.35,24.81,62.26,0.4772,-1,-1,-1
250,60,1090.14,442.47,44.50,134.68,0.3835,-1,-1,-1
250,61,591.50,460.49,23.59,60.42,0.4093,-1,-1,-1
250,65,614.72,454.45,21.65,60.53,0.4939,-1,-1,-1
251,1,975.23,445.52,133.10,524.19,0.3005,-1,-1,-1
251,12,1237.94,433.31,153.91,371.17,0.8775,-1,-1,-1
251,20,1123.56,447.75,24.54,99.80,0.2750,-1,-1,-1
251,25,507.03,450.75,39.76,110.71,0.5961,-1,-1,-1
251,30,1853.03,426.12,66.79,299.14,0.3745,-1,-1,-1
251,38,907.70,409.72,187.87,630.86,0.6053,-1,-1,-1
251,40,643.59,451.65,71.93,180.24,0.7722,-1,-1,-1
251,48,470.84,455.33,33.87,105.04,0.5848,-1,-1,-1
251,51,791.03,432.61,130.13,446.75,0.8659,-1,-1,-1
251,53,1841.70,470.34,71.08,185.63,0.2779,-1,-1,-1
251,54,412.53,465.07,41.26,108.31,0.3162,-1,-1,-1
251,57,1098.64,444.69,45.64,103.11,0.3010,-1,-1,-1
251,59,570.21,455.90,24.52,62.27,0.4296,-1,-1,-1
251,60,1094.18,444.14,47.88,135.85,0.3551,-1,-1,-1
251,61,591.72,459.62,24.04,60.51,0.3877,-1,-1,-1
251,62,692.10,475.15,40.38,115.27,0.2999,-1,-1,-1
251,65,615.88,455.17,22.06,60.10,0.4242,-1,-1,-1
251,66,471.93,453.93,39.59,99.62,0.2861,-1,-1,-1
252,12,1238.92,431.87,166.52,373.27,0.8813,-1,-1,-1
252,20,1122.63,447.67,25.94,100.52,0.3663,-1,-1,-1
252,25,506.74,450.97,39.67,110.54,0.6497,-1,-1,-1
252,30,1838.30,417.64,76.44,331.46,0.6612,-1,-1,-1
252,38,917.30,407.81,193.55,635.61,0.7490,-1,-1,-1
252,40,648.18,450.29,71.60,181.19,0.7619,-1,-1,-1
252,48,471.33,454.71,33.87,104.59,0.5464,-1,-1,-1
252,51,793.34,432.66,129.60,448.14,0.8712,-1,-1,-1
252,54,411.63,464.88,42.10,108.31,0.4026,-1,-1,-1
252,57,1085.99,455.33,48.38,117.04,0.2950,-1,-1,-1
252,59,569.16,455.88,24.92,62.67,0.3798,-1,-1,-1
252,60,1094.23,446.04,46.19,137.48,0.3356,-1,-1,-1
252,61,592.53,459.28,25.55,60.60,0.3799,-1,-1,-1
252,65,617.58,455.60,21.72,59.75,0.4388,-1,-1,-1
252,67,768.89,450.85,26.33,68.19,0.3616,-1,-1,-1
252,68,717.72,455.44,20.60,56.83,0.2891,-1,-1,-1
253,7,1160.93,439.36,25.75,86.97,0.2948,-1,-1,-1
253,12,1238.10,431.21,175.90,375.88,0.8929,-1,-1,-1
253,25,507.65,450.86,39.88,110.54,0.6589,-1,-1,-1
253,30,1824.75,412.65,86.76,350.17,0.7324,-1,-1,-1
253,38,923.36,407.50,197.06,638.61,0.8370,-1,-1,-1
253,40,651.98,449.17,72.36,182.60,0.7690,-1,-1,-1
253,48,470.84,454.51,34.56,104.35,0.5725,-1,-1,-1
253,51,797.44,432.90,128.45,448.61,0.8821,-1,-1,-1
253,54,409.84,465.46,43.14,108.29,0.4532,-1,-1,-1
253,57,1083.08,456.29,49.13,126.64,0.2689,-1,-1,-1
253,59,568.50,455.70,25.62,63.18,0.5035,-1,-1,-1
253,60,1095.14,446.45,45.23,139.70,0.3329,-1,-1,-1
253,65,619.71,457.18,20.81,58.67,0.4751,-1,-1,-1
253,67,768.75,448.66,29.29,73.13,0.3679,-1,-1,-1
254,7,1160.44,439.27,26.01,86.81,0.2747,-1,-1,-1
254,12,1235.59,429.27,183.37,379.32,0.8908,-1,-1,-1
254,20,1119.79,448.73,28.11,99.66,0.3105,-1,-1,-1
254,25,507.88,451.11,39.80,110.36,0.6655,-1,-1,-1
254,26,1697.24,431.16,86.01,152.56,0.2574,-1,-1,-1
254,30,1815.95,403.72,95.17,364.34,0.7846,-1,-1,-1
254,38,926.14,407.65,198.29,639.64,0.8354,-1,-1,-1
254,40,653.90,448.55,72.74,183.57,0.7702,-1,-1,-1
254,48,471.10,455.05,34.78,103.73,0.5409,-1,-1,-1
254,51,802.36,433.37,126.18,448.56,0.8771,-1,-1,-1
254,54,408.51,464.53,44.22,109.13,0.5345,-1,-1,-1
254,59,568.84,455.49,25.61,63.42,0.4342,-1,-1,-1
254,60,1098.38,446.27,43.89,138.19,0.2597,-1,-1,-1
254,61,590.84,459.79,24.36,60.34,0.2929,-1,-1,-1
254,62,697.95,478.38,35.39,109.14,0.2535,-1,-1,-1
254,65,620.33,458.21,20.31,57.79,0.5427,-1,-1,-1
254,67,772.24,443.99,28.79,66.82,0.3277,-1,-1,-1
255,12,1235.22,426.67,189.69,383.93,0.8958,-1,-1,-1
255,17,373.68,445.03,26.37,60.65,0.2714,-1,-1,-1
255,25,508.29,451.28,39.03,110.15,0.5868,-1,-1,-1
255,30,1809.60,399.47,102.12,373.25,0.8415,-1,-1,-1
255,38,928.10,408.29,197.03,639.81,0.8696,-1,-1,-1
255,40,655.36,449.29,72.77,184.43,0.7294,-1,-1,-1
255,48,470.53,455.78,34.92,103.65,0.5936,-1,-1,-1
255,51,806.73,432.95,124.17,449.14,0.8628,-1,-1,-1
255,54,407.12,463.99,44.38,110.00,0.5823,-1,-1,-1
255,59,567.99,455.26,25.92,63.76,0.4904,-1,-1,-1
255,60,1100.58,441.85,43.98,128.63,0.4866,-1,-1,-1
255,61,590.08,457.84,23.32,61.22,0.2768,-1,-1,-1
255,65,621.43,458.70,19.45,57.28,0.4948,-1,-1,-1
255,66,475.37,455.50,35.13,93.37,0.2570,-1,-1,-1
256,12,1234.17,426.30,194.15,387.06,0.9128,-1,-1,-1
256,17,372.67,444.94,26.31,61.04,0.2870,-1,-1,-1
256,25,508.07,451.21,38.26,109.73,0.5507,-1,-1,-1
256,26,1699.48,431.48,84.41,152.42,0.4469,-1,-1,-1
256,30,1807.15,399.85,106.47,376.62,0.8433,-1,-1,-1
256,38,930.68,408.15,196.17,640.43,0.8675,-1,-1,-1
256,40,655.77,449.83,73.20,184.72,0.7691,-1,-1,-1
256,48,470.52,456.37,34.25,103.31,0.5484,-1,-1,-1
256,51,809.06,433.53,122.26,450.26,0.8435,-1,-1,-1
256,54,405.82,463.58,44.98,110.95,0.5647,-1,-1,-1
256,58,725.32,477.54,53.71,112.27,0.3029,-1,-1,-1
256,59,568.57,455.56,25.49,63.67,0.3894,-1,-1,-1
256,60,1100.11,441.63,43.58,123.57,0.3364,-1,-1,-1
256,65,621.90,457.94,19.27,57.71,0.4622,-1,-1,-1
257,12,1234.12,424.99,196.45,389.50,0.9172,-1,-1,-1
257,17,372.58,444.88,26.61,61.45,0.2802,-1,-1,-1
257,25,507.71,451.03,37.48,109.30,0.5342,-1,-1,-1
257,26,1700.29,431.34,83.62,152.33,0.4596,-1,-1,-1
257,30,1806.47,399.09,109.09,381.01,0.8681,-1,-1,-1
257,38,933.30,406.58,197.01,642.28,0.8289,-1,-1,-1
257,40,656.76,450.12,73.89,185.34,0.7975,-1,-1,-1
257,48,467.73,456.19,35.39,104.06,0.5856,-1,-1,-1
257,51,812.57,435.38,121.79,453.35,0.8243,-1,-1,-1
257,54,404.71,463.42,44.94,112.08,0.6033,-1,-1,-1
257,58,725.83,478.10,51.36,110.55,0.2587,-1,-1,-1
257,59,568.23,455.39,25.36,63.81,0.4600,-1,-1,-1
257,60,1102.11,442.08,44.78,117.82,0.4306,-1,-1,-1
257,65,622.12,458.04,19.16,57.59,0.5193,-1,-1,-1
258,12,1239.46,427.89,194.66,388.98,0.9172,-1,-1,-1
258,17,372.75,444.94,26.55,61.55,0.3598,-1,-1,-1
258,25,507.87,452.68,37.46,108.81,0.5278,-1,-1,-1
258,26,1701.31,430.59,82.53,152.37,0.3302,-1,-1,-1
258,30,1803.69,396.76,112.24,383.47,0.8205,-1,-1,-1
258,38,931.74,404.74,193.05,643.65,0.8291,-1,-1,-1
258,40,657.96,450.10,74.59,185.92,0.8200,-1,-1,-1
258,48,467.56,456.75,36.17,104.81,0.6580,-1,-1,-1
258,51,815.53,435.69,121.85,457.13,0.8299,-1,-1,-1
258,54,404.19,463.62,45.06,112.44,0.6050,-1,-1,-1
258,59,567.91,455.68,24.80,63.66,0.4579,-1,-1,-1
258,60,1104.15,442.59,44.83,115.29,0.4401,-1,-1,-1
258,65,623.15,458.88,19.80,57.32,0.4183,-1,-1,-1
259,12,1246.31,426.79,190.51,389.33,0.6652,-1,-1,-1
259,17,372.89,445.04,26.73,61.44,0.3590,-1,-1,-1
259,25,508.18,452.49,38.39,106.28,0.4992,-1,-1,-1
259,30,1793.62,398.16,119.44,382.69,0.8892,-1,-1,-1
259,38,931.65,401.70,190.17,645.41,0.8247,-1,-1,-1
259,40,659.21,450.20,74.96,185.89,0.8127,-1,-1,-1
259,48,468.14,456.52,36.32,105.13,0.6542,-1,-1,-1
259,49,1280.68,444.94,45.68,109.29,0.4742,-1,-1,-1
259,51,817.24,437.51,122.17,463.18,0.8249,-1,-1,-1
259,54,402.55,464.02,46.22,112.60,0.6269,-1,-1,-1
259,58,726.45,476.86,51.84,109.94,0.4009,-1,-1,-1
259,59,567.50,455.70,24.31,63.56,0.4594,-1,-1,-1
259,60,1105.00,442.66,44.30,114.25,0.4374,-1,-1,-1
259,61,588.82,458.33,22.11,60.99,0.2653,-1,-1,-1
259,65,623.83,459.30,19.99,57.13,0.4594,-1,-1,-1
260,7,1160.42,439.25,25.52,86.89,0.2716,-1,-1,-1
260,12,1255.07,425.50,184.17,390.63,0.8484,-1,-1,-1
260,17,372.95,445.16,25.80,61.34,0.3360,-1,-1,-1
260,25,507.77,452.63,39.13,104.29,0.4975,-1,-1,-1
260,30,1777.27,398.57,131.11,381.58,0.8496,-1,-1,-1
260,31,403.22,463.91,37.07,75.53,0.2744,-1,-1,-1
260,38,933.09,401.10,188.51,646.15,0.8263,-1,-1,-1
260,40,661.55,451.48,74.58,185.14,0.8537,-1,-1,-1
260,48,468.03,455.83,35.63,104.98,0.5549,-1,-1,-1
260,49,1282.16,445.04,45.87,108.02,0.5058,-1,-1,-1
260,51,819.15,438.25,123.13,469.00,0.8295,-1,-1,-1
260,53,1871.16,416.82,54.95,213.62,0.4549,-1,-1,-1
260,54,402.61,462.99,46.38,111.82,0.3645,-1,-1,-1
260,57,1055.49,468.60,61.41,131.33,0.3931,-1,-1,-1
260,58,726.65,477.15,52.81,110.78,0.4422,-1,-1,-1
260,59,567.39,455.77,24.24,63.48,0.4841,-1,-1,-1
260,60,1108.31,442.91,42.66,112.32,0.4406,-1,-1,-1
260,61,588.94,457.64,21.28,61.50,0.3047,-1,-1,-1
260,65,625.09,457.93,20.30,58.17,0.5186,-1,-1,-1
261,7,1160.60,438.55,25.17,87.68,0.3096,-1,-1,-1
261,12,1266.47,424.60,175.36,391.38,0.8120,-1,-1,-1
261,17,373.30,445.02,26.42,61.14,0.3082,-1,-1,-1
261,20,1106.78,442.63,35.18,108.65,0.3643,-1,-1,-1
261,25,507.95,454.04,39.42,105.34,0.4572,-1,-1,-1
261,30,1752.81,396.25,149.01,382.37,0.8819,-1,-1,-1
261,38,936.47,403.76,185.52,644.12,0.8145,-1,-1,-1
261,40,663.56,451.92,73.95,185.75,0.8567,-1,-1,-1
261,48,464.67,455.16,36.74,105.96,0.5618,-1,-1,-1
261,49,1283.88,445.39,46.15,106.91,0.6486,-1,-1,-1
261,51,820.74,437.99,124.92,474.05,0.8322,-1,-1,-1
261,53,1873.06,407.05,50.84,228.72,0.5600,-1,-1,-1
261,54,401.72,462.63,46.27,111.38,0.3883,-1,-1,-1
261,57,1043.86,451.04,69.99,146.30,0.4518,-1,-1,-1
261,58,726.91,478.07,53.89,114.03,0.6079,-1,-1,-1
261,59,567.58,455.91,23.97,63.58,0.4602,-1,-1,-1
261,60,1110.51,442.66,41.24,111.01,0.4538,-1,-1,-1
261,61,587.96,457.34,21.01,62.01,0.3559,-1,-1,-1
261,65,625.92,457.16,20.61,58.54,0.5120,-1,-1,-1
262,7,1160.39,438.41,25.19,87.88,0.3509,-1,-1,-1
262,12,1282.26,424.78,162.91,391.63,0.7993,-1,-1,-1
262,17,372.48,444.67,26.52,61.26,0.2759,-1,-1,-1
262,20,1102.55,437.30,36.55,115.12,0.2956,-1,-1,-1
262,25,508.20,453.17,40.43,104.15,0.5587,-1,-1,-1
262,26,1699.35,431.00,77.24,151.91,0.2585,-1,-1,-1
262,30,1722.39,401.05,172.53,378.28,0.8873,-1,-1,-1
262,31,398.88,465.87,39.16,79.35,0.2710,-1,-1,-1
262,38,938.33,404.92,183.64,642.67,0.8263,-1,-1,-1
262,40,665.45,453.03,73.49,185.48,0.8331,-1,-1,-1
262,48,460.60,453.95,38.52,107.06,0.4689,-1,-1,-1
262,49,1291.20,445.37,43.04,105.65,0.5170,-1,-1,-1
262,51,820.91,437.41,125.31,478.51,0.8201,-1,-1,-1
262,53,1873.48,400.50,49.24,239.47,0.4800,-1,-1,-1
262,54,399.17,462.18,46.70,111.09,0.2656,-1,-1,-1
262,57,1042.74,449.08,73.73,148.90,0.3413,-1,-1,-1
262,58,726.50,477.43,54.29,116.03,0.5531,-1,-1,-1
262,59,568.20,456.61,23.52,62.77,0.3575,-1,-1,-1
262,60,1113.09,442.06,40.96,112.06,0.5406,-1,-1,-1
262,61,586.52,457.44,21.23,62.04,0.4134,-1,-1,-1
262,65,626.65,456.62,20.73,58.90,0.5576,-1,-1,-1
263,7,1159.67,438.33,25.34,87.92,0.3985,-1,-1,-1
263,12,1294.86,422.70,152.35,392.73,0.8083,-1,-1,-1
263,20,1101.48,437.46,37.68,116.59,0.2987,-1,-1,-1
263,25,508.02,453.79,41.56,104.13,0.6554,-1,-1,-1
263,30,1701.88,405.39,192.99,373.49,0.9071,-1,-1,-1
263,38,939.98,404.75,182.93,642.17,0.8031,-1,-1,-1
263,40,666.36,454.76,73.16,185.29,0.7997,-1,-1,-1
263,46,549.30,454.82,22.39,62.34,0.2835,-1,-1,-1
263,48,458.95,454.36,40.09,107.22,0.5279,-1,-1,-1
263,49,1294.41,441.75,42.64,107.27,0.5328,-1,-1,-1
263,51,821.94,436.83,125.15,481.89,0.8540,-1,-1,-1
263,53,1874.09,396.00,47.89,243.33,0.3766,-1,-1,-1
263,57,1041.17,444.82,77.47,152.72,0.3625,-1,-1,-1
263,58,726.04,476.93,54.26,116.69,0.5157,-1,-1,-1
263,59,568.19,456.64,23.79,62.82,0.4096,-1,-1,-1
263,60,1113.93,441.75,40.95,112.85,0.6204,-1,-1,-1
263,65,627.68,456.75,20.53,58.86,0.5185,-1,-1,-1
264,7,1159.94,438.45,25.22,88.17,0.3572,-1,-1,-1
264,12,1313.08,420.91,141.06,393.62,0.8420,-1,-1,-1
264,17,372.09,444.98,26.91,61.60,0.3082,-1,-1,-1
264,20,1097.29,429.01,34.84,109.76,0.3464,-1,-1,-1
264,25,507.97,454.13,42.34,104.47,0.6600,-1,-1,-1
264,30,1687.00,407.71,208.68,370.96,0.9130,-1,-1,-1
264,31,397.20,462.00,41.65,69.73,0.2806,-1,-1,-1
264,38,940.11,403.59,183.28,642.94,0.8081,-1,-1,-1
264,40,667.70,455.24,72.63,185.61,0.8117,-1,-1,-1
264,48,458.93,453.50,40.39,108.08,0.6414,-1,-1,-1
264,49,1297.52,439.99,41.38,108.32,0.5414,-1,-1,-1
264,51,821.82,435.93,124.80,484.22,0.8361,-1,-1,-1
264,53,1875.30,392.91,46.47,244.61,0.3928,-1,-1,-1
264,57,1044.73,441.22,78.39,155.54,0.4052,-1,-1,-1
264,58,726.42,477.73,54.38,118.12,0.5096,-1,-1,-1
264,59,567.75,456.83,23.87,62.60,0.3258,-1,-1,-1
264,60,1116.44,441.10,39.71,111.76,0.6486,-1,-1,-1
264,61,585.16,457.99,21.09,60.85,0.3122,-1,-1,-1
264,65,628.51,456.26,20.31,59.41,0.4229,-1,-1,-1
264,69,1665.06,439.81,43.50,131.25,0.2508,-1,-1,-1
265,7,1160.34,438.70,25.06,88.31,0.3067,-1,-1,-1
265,12,1327.78,420.33,131.38,396.27,0.8468,-1,-1,-1
265,17,372.53,445.02,26.80,61.54,0.3456,-1,-1,-1
265,20,1096.19,423.16,32.46,100.82,0.2616,-1,-1,-1
265,25,507.62,454.36,42.71,105.12,0.6397,-1,-1,-1
265,30,1672.99,411.91,219.90,367.28,0.8930,-1,-1,-1
265,38,940.62,402.31,182.93,644.11,0.8161,-1,-1,-1
265,40,670.78,455.83,71.75,185.39,0.8559,-1,-1,-1
265,46,550.65,455.65,21.75,61.73,0.3489,-1,-1,-1
265,48,458.50,452.23,40.36,109.07,0.5767,-1,-1,-1
265,49,1300.09,438.73,38.68,109.31,0.4283,-1,-1,-1
265,51,822.15,435.12,123.90,485.91,0.8288,-1,-1,-1
265,53,1875.89,391.15,45.53,244.91,0.3276,-1,-1,-1
265,57,1047.41,437.63,80.05,158.16,0.3607,-1,-1,-1
265,59,567.86,456.87,24.22,62.38,0.2624,-1,-1,-1
265,60,1116.68,441.45,39.43,110.94,0.6969,-1,-1,-1
265,61,583.32,458.49,21.77,60.49,0.2964,-1,-1,-1
265,65,629.05,456.31,20.44,59.87,0.4598,-1,-1,-1
265,70,1840.57,474.75,63.59,178.14,0.5090,-1,-1,-1
266,7,1160.55,438.88,25.02,88.49,0.3689,-1,-1,-1
266,12,1338.72,420.20,125.09,399.92,0.8236,-1,-1,-1
266,17,373.07,445.10,27.00,61.59,0.2901,-1,-1,-1
266,25,507.63,454.79,42.95,105.20,0.6612,-1,-1,-1
266,30,1664.11,414.44,225.23,362.43,0.9034,-1,-1,-1
266,38,941.65,404.08,181.29,643.45,0.7691,-1,-1,-1
266,40,672.61,453.03,69.86,186.79,0.8321,-1,-1,-1
266,46,551.28,455.61,21.85,61.98,0.3523,-1,-1,-1
266,48,458.47,451.99,40.40,109.47,0.6486,-1,-1,-1
266,49,1303.16,440.96,36.77,108.17,0.2804,-1,-1,-1
266,51,823.60,434.07,123.18,487.41,0.8347,-1,-1,-1
266,53,1874.87,389.96,45.68,245.28,0.2633,-1,-1,-1
266,57,1051.18,439.52,81.39,158.76,0.5741,-1,-1,-1
266,59,573.53,457.24,24.97,62.27,0.2738,-1,-1,-1
266,60,1116.67,443.78,40.08,108.96,0.7539,-1,-1,-1
266,61,582.62,458.83,21.92,60.08,0.3584,-1,-1,-1
266,65,630.19,456.87,20.58,59.64,0.4903,-1,-1,-1
266,70,1841.62,472.90,64.23,179.97,0.4443,-1,-1,-1
267,7,1160.79,439.10,24.82,88.70,0.3627,-1,-1,-1
267,12,1349.82,421.93,122.70,404.00,0.8269,-1,-1,-1
267,25,506.73,454.90,42.68,105.05,0.6087,-1,-1,-1
267,30,1655.43,415.67,223.29,355.26,0.8739,-1,-1,-1
267,38,943.95,403.48,181.11,643.72,0.7664,-1,-1,-1
267,40,674.14,451.48,67.67,187.69,0.8053,-1,-1,-1
267,46,551.57,456.98,21.59,61.36,0.3559,-1,-1,-1
267,48,458.12,451.66,40.33,109.76,0.5488,-1,-1,-1
267,49,1304.61,439.18,35.01,109.14,0.4125,-1,-1,-1
267,51,823.96,433.21,122.49,488.59,0.8337,-1,-1,-1
267,53,1876.27,389.60,44.68,245.10,0.3592,-1,-1,-1
267,54,397.08,461.60,46.79,111.35,0.4270,-1,-1,-1
267,57,1052.89,434.04,83.46,164.39,0.5488,-1,-1,-1
267,58,732.12,475.34,51.45,115.52,0.3144,-1,-1,-1
267,60,1118.63,444.64,40.22,107.71,0.7297,-1,-1,-1
267,61,581.83,458.98,22.42,59.97,0.3809,-1,-1,-1
267,65,630.67,457.22,20.83,59.47,0.5201,-1,-1,-1
267,70,1842.11,473.01,64.35,180.47,0.4260,-1,-1,-1
268,7,1160.72,439.20,24.82,88.71,0.3590,-1,-1,-1
268,12,1360.91,425.11,126.36,405.99,0.8767,-1,-1,-1
268,25,506.41,454.72,42.22,105.25,0.6056,-1,-1,-1
268,30,1647.34,414.38,215.03,350.76,0.8790,-1,-1,-1
268,38,945.60,403.95,180.36,643.12,0.7688,-1,-1,-1
268,40,675.47,450.79,66.50,188.65,0.7385,-1,-1,-1
268,46,552.87,455.55,22.59,61.74,0.4079,-1,-1,-1
268,48,457.37,452.94,40.07,109.22,0.5243,-1,-1,-1
268,49,1306.05,436.02,35.31,110.92,0.3693,-1,-1,-1
268,51,824.50,432.17,124.72,490.18,0.8238,-1,-1,-1
268,53,1875.22,390.46,44.99,246.80,0.3206,-1,-1,-1
268,54,395.88,461.80,46.55,112.54,0.3799,-1,-1,-1
268,57,1053.33,432.79,85.67,166.72,0.5564,-1,-1,-1
268,58,732.69,476.03,50.49,115.67,0.4382,-1,-1,-1
268,59,576.11,456.87,25.51,62.29,0.3435,-1,-1,-1
268,60,1120.42,445.69,39.95,106.86,0.6684,-1,-1,-1
268,61,582.90,458.07,21.70,59.63,0.3350,-1,-1,-1
268,65,631.95,455.87,21.90,60.26,0.5897,-1,-1,-1
268,70,1842.17,470.57,65.23,182.36,0.3777,-1,-1,-1
269,7,1160.69,438.86,24.63,88.69,0.2988,-1,-1,-1
269,12,1370.39,424.68,134.93,409.12,0.9106,-1,-1,-1
269,17,371.85,444.64,27.63,61.51,0.2628,-1,-1,-1
269,25,505.88,454.60,42.10,104.52,0.6659,-1,-1,-1
269,30,1640.00,414.59,201.45,347.73,0.8658,-1,-1,-1
269,38,946.98,403.29,180.19,643.89,0.7912,-1,-1,-1
269,40,677.19,447.36,66.70,184.98,0.6504,-1,-1,-1
269,46,552.85,454.82,23.28,61.76,0.3791,-1,-1,-1
269,48,456.73,453.28,39.33,107.88,0.5201,-1,-1,-1
269,49,1306.86,436.89,35.23,110.41,0.2634,-1,-1,-1
269,51,822.83,431.46,125.29,491.25,0.8152,-1,-1,-1
269,53,1875.53,389.72,44.76,245.87,0.2590,-1,-1,-1
269,54,393.19,461.03,48.46,112.92,0.4626,-1,-1,-1
269,57,1054.26,433.48,86.94,167.23,0.4470,-1,-1,-1
269,59,575.62,456.79,26.24,62.33,0.3561,-1,-1,-1
269,60,1122.09,446.85,39.97,106.32,0.6695,-1,-1,-1
269,61,584.23,457.57,21.52,59.66,0.2913,-1,-1,-1
269,65,631.88,455.07,22.19,61.03,0.4858,-1,-1,-1
269,70,1841.91,468.89,65.90,184.17,0.3778,-1,-1,-1
270,7,1160.17,438.18,25.30,88.29,0.3148,-1,-1,-1
270,12,1376.48,422.10,147.53,412.26,0.8984,-1,-1,-1
270,25,505.05,454.82,42.30,104.33,0.6943,-1,-1,-1
270,30,1635.39,412.71,185.49,346.52,0.8341,-1,-1,-1
270,38,947.87,402.30,179.68,644.87,0.7806,-1,-1,-1
270,40,679.32,448.46,66.68,185.84,0.6745,-1,-1,-1
270,46,553.57,454.99,23.26,61.74,0.3679,-1,-1,-1
270,48,456.35,453.52,39.02,107.20,0.5534,-1,-1,-1
270,49,1307.72,439.86,36.45,109.36,0.4543,-1,-1,-1
270,51,822.52,430.91,128.11,492.19,0.8313,-1,-1,-1
270,53,1866.99,390.52,49.71,250.03,0.4013,-1,-1,-1
270,54,391.63,461.12,48.27,113.80,0.5708,-1,-1,-1
270,57,1056.11,433.34,89.32,168.46,0.4238,-1,-1,-1
270,59,575.50,456.83,25.93,62.44,0.3450,-1,-1,-1
270,60,1123.71,447.81,39.24,105.55,0.6098,-1,-1,-1
270,61,582.38,457.59,22.12,60.09,0.3434,-1,-1,-1
270,65,632.59,453.91,23.44,62.17,0.3882,-1,-1,-1
270,70,1839.73,467.99,67.77,185.21,0.3455,-1,-1,-1
271,7,1160.89,439.02,24.78,88.71,0.3437,-1,-1,-1
271,12,1379.12,425.30,161.04,411.73,0.8963,-1,-1,-1
271,25,505.62,454.80,42.34,104.39,0.6598,-1,-1,-1
271,30,1631.65,410.75,165.48,346.34,0.7974,-1,-1,-1
271,31,394.14,466.68,42.65,77.45,0.2539,-1,-1,-1
271,38,951.07,401.63,180.52,645.78,0.7679,-1,-1,-1
271,40,682.16,450.36,65.30,188.15,0.7103,-1,-1,-1
271,46,554.55,454.84,23.27,61.92,0.3900,-1,-1,-1
271,48,455.90,454.36,39.05,106.39,0.5961,-1,-1,-1
271,49,1308.44,438.84,38.83,110.28,0.4110,-1,-1,-1
271,51,822.69,430.33,130.86,493.04,0.7994,-1,-1,-1
271,53,1865.62,391.57,51.80,254.87,0.2704,-1,-1,-1
271,54,391.37,461.02,48.39,113.38,0.5223,-1,-1,-1
271,57,1058.94,433.90,91.45,168.84,0.4903,-1,-1,-1
271,59,576.43,456.76,25.90,62.71,0.3014,-1,-1,-1
271,60,1125.11,447.33,38.01,105.57,0.5283,-1,-1,-1
271,61,583.94,457.12,21.44,60.25,0.3115,-1,-1,-1
271,65,635.91,454.47,23.88,62.38,0.4207,-1,-1,-1
271,70,1842.57,466.39,65.13,185.57,0.3046,-1,-1,-1
272,12,1379.46,430.41,172.08,410.69,0.8852,-1,-1,-1
272,17,371.82,444.47,28.05,61.39,0.2577,-1,-1,-1
272,25,506.45,454.63,43.06,105.01,0.6406,-1,-1,-1
272,30,1627.35,408.68,150.14,345.89,0.7665,-1,-1,-1
272,31,393.88,462.05,41.99,69.60,0.2567,-1,-1,-1
272,38,951.87,402.38,177.54,645.49,0.7603,-1,-1,-1
272,40,685.58,450.58,65.40,189.79,0.7378,-1,-1,-1
272,46,554.83,454.04,23.87,62.89,0.4197,-1,-1,-1
272,48,456.00,454.68,39.12,106.23,0.6773,-1,-1,-1
272,51,824.38,429.71,132.15,493.59,0.8074,-1,-1,-1
272,53,1869.39,389.41,50.47,253.68,0.2631,-1,-1,-1
272,54,391.22,460.92,48.07,113.00,0.3695,-1,-1,-1
272,57,1062.20,431.56,92.52,172.13,0.4413,-1,-1,-1
272,60,1127.31,447.74,37.43,104.24,0.5677,-1,-1,-1
272,61,582.27,457.16,21.91,60.62,0.3510,-1,-1,-1
272,65,636.90,454.95,24.51,61.72,0.5297,-1,-1,-1
272,70,1844.21,463.67,65.60,188.69,0.3186,-1,-1,-1
272,71,787.65,448.00,34.22,82.62,0.3095,-1,-1,-1
273,12,1378.08,433.70,181.34,412.00,0.9083,-1,-1,-1
273,17,371.10,444.67,28.02,61.77,0.2604,-1,-1,-1
273,25,505.88,454.40,43.59,105.21,0.6288,-1,-1,-1
273,30,1621.41,408.68,135.18,345.97,0.7473,-1,-1,-1
273,38,954.58,400.88,174.10,646.23,0.8174,-1,-1,-1
273,40,689.46,450.08,65.72,190.65,0.7563,-1,-1,-1
273,46,554.63,453.53,24.39,63.49,0.4188,-1,-1,-1
273,48,455.11,454.62,39.56,106.18,0.6459,-1,-1,-1
273,49,1310.41,440.46,40.90,109.37,0.2974,-1,-1,-1
273,51,825.40,428.18,133.02,493.86,0.8116,-1,-1,-1
273,54,391.25,460.80,47.98,112.55,0.4264,-1,-1,-1
273,57,1064.15,433.05,92.80,173.06,0.4265,-1,-1,-1
273,58,737.61,473.28,44.50,115.60,0.3502,-1,-1,-1
273,60,1129.81,446.01,37.83,103.69,0.4177,-1,-1,-1
273,61,581.52,457.03,22.27,60.93,0.3262,-1,-1,-1
273,65,637.29,455.28,24.11,61.33,0.4968,-1,-1,-1
273,70,1844.49,466.47,65.25,187.95,0.3388,-1,-1,-1
274,12,1378.36,434.67,189.13,415.25,0.9188,-1,-1,-1
274,17,371.51,444.70,29.18,62.15,0.2617,-1,-1,-1
274,25,506.18,454.56,43.89,105.60,0.6642,-1,-1,-1
274,26,1700.11,430.41,81.25,152.87,0.3068,-1,-1,-1
274,30,1611.55,409.47,124.17,345.45,0.8240,-1,-1,-1
274,38,957.63,400.32,170.22,646.05,0.7711,-1,-1,-1
274,40,694.81,449.02,68.28,192.01,0.7536,-1,-1,-1
274,46,556.33,454.06,24.81,63.56,0.4132,-1,-1,-1
274,48,454.30,454.95,39.94,106.17,0.7366,-1,-1,-1
274,51,828.28,427.22,132.30,494.04,0.8172,-1,-1,-1
274,54,390.58,460.78,47.90,112.13,0.4849,-1,-1,-1
274,57,1069.29,439.77,90.94,168.87,0.4188,-1,-1,-1
274,60,1131.99,445.82,38.24,102.76,0.4451,-1,-1,-1
274,61,581.52,456.83,22.60,61.15,0.3549,-1,-1,-1
274,65,637.94,455.30,23.85,61.13,0.5381,-1,-1,-1
274,70,1844.52,465.44,65.99,189.08,0.3638,-1,-1,-1
274,71,790.51,450.71,31.29,79.32,0.3041,-1,-1,-1
275,12,1379.35,436.66,193.00,415.79,0.9235,-1,-1,-1
275,25,505.30,454.03,44.11,105.51,0.6520,-1,-1,-1
275,30,1589.76,411.03,127.49,343.73,0.8422,-1,-1,-1
275,38,960.58,400.14,166.76,646.87,0.7719,-1,-1,-1
275,40,696.82,449.09,67.42,192.20,0.7378,-1,-1,-1
275,46,555.77,453.93,24.36,63.25,0.4188,-1,-1,-1
275,48,453.83,454.13,40.38,106.71,0.6713,-1,-1,-1
275,49,1323.32,441.59,36.79,107.76,0.2683,-1,-1,-1
275,51,825.04,426.88,131.69,494.21,0.8014,-1,-1,-1
275,54,391.32,461.71,47.55,112.32,0.5847,-1,-1,-1
275,57,1071.74,436.62,89.87,170.40,0.3917,-1,-1,-1
275,58,740.52,473.60,40.71,118.77,0.2636,-1,-1,-1
275,60,1135.03,446.80,37.53,101.27,0.4156,-1,-1,-1
275,61,581.56,456.58,22.86,61.35,0.3674,-1,-1,-1
275,65,639.33,455.08,23.74,61.24,0.5043,-1,-1,-1
275,70,1845.58,467.02,64.51,187.75,0.3518,-1,-1,-1
275,71,790.37,452.78,29.81,77.48,0.3197,-1,-1,-1
276,12,1380.64,434.84,194.91,417.89,0.9120,-1,-1,-1
276,25,504.75,453.08,42.72,103.75,0.5822,-1,-1,-1
276,30,1571.72,412.27,135.43,342.92,0.8768,-1,-1,-1
276,38,964.55,398.46,164.68,647.01,0.8178,-1,-1,-1
276,40,701.35,447.99,68.56,193.05,0.7203,-1,-1,-1
276,46,555.93,454.11,23.94,63.18,0.4159,-1,-1,-1
276,48,453.35,454.43,40.20,106.23,0.6291,-1,-1,-1
276,49,1331.50,442.90,33.46,106.44,0.4836,-1,-1,-1
276,51,826.21,426.32,130.54,494.36,0.7910,-1,-1,-1
276,54,391.79,461.60,47.86,112.95,0.5279,-1,-1,-1
276,57,1073.34,431.35,89.74,173.63,0.3229,-1,-1,-1
276,58,741.54,476.96,39.38,124.95,0.3564,-1,-1,-1
276,60,1134.71,447.06,37.90,99.61,0.4229,-1,-1,-1
276,61,582.57,456.83,22.25,60.85,0.3600,-1,-1,-1
276,65,641.33,455.25,23.01,60.98,0.5088,-1,-1,-1
276,70,1846.56,463.78,63.02,189.05,0.3307,-1,-1,-1
276,71,790.20,453.39,29.15,77.23,0.2925,-1,-1,-1
277,12,1386.55,433.72,194.01,419.43,0.8765,-1,-1,-1
277,25,505.19,453.62,41.16,103.12,0.5963,-1,-1,-1
277,26,1702.38,431.43,80.95,151.42,0.2871,-1,-1,-1
277,30,1558.94,413.23,144.26,341.79,0.8695,-1,-1,-1
277,38,965.62,399.20,160.51,648.00,0.8559,-1,-1,-1
277,40,704.18,447.02,70.35,194.22,0.7745,-1,-1,-1
277,46,556.28,454.27,23.42,62.96,0.4059,-1,-1,-1
277,48,453.25,453.19,39.40,105.14,0.4889,-1,-1,-1
277,49,1335.03,444.10,31.89,105.54,0.5128,-1,-1,-1
277,51,828.02,425.70,130.27,494.57,0.7909,-1,-1,-1
277,54,391.54,460.84,48.55,113.76,0.4833,-1,-1,-1
277,57,1074.25,432.02,89.56,173.72,0.5221,-1,-1,-1
277,59,578.62,456.33,24.15,62.61,0.2642,-1,-1,-1
277,60,1137.68,447.08,36.34,98.28,0.4788,-1,-1,-1
277,61,583.12,456.51,21.46,60.36,0.2843,-1,-1,-1
277,64,1417.24,429.75,93.09,215.21,0.2521,-1,-1,-1
277,65,642.53,455.57,22.32,61.14,0.5752,-1,-1,-1
277,70,1846.45,459.46,62.71,192.05,0.3340,-1,-1,-1
277,71,790.89,453.13,29.65,77.56,0.2661,-1,-1,-1
278,12,1399.31,428.94,200.18,423.14,0.8360,-1,-1,-1
278,25,505.85,454.42,40.89,103.20,0.6093,-1,-1,-1
278,26,1701.86,431.44,81.46,151.23,0.3526,-1,-1,-1
278,30,1550.78,415.25,151.53,339.41,0.8709,-1,-1,-1
278,38,970.63,398.61,158.86,649.59,0.8392,-1,-1,-1
278,40,706.83,446.41,72.50,194.37,0.7359,-1,-1,-1
278,46,556.81,454.26,23.33,63.04,0.4055,-1,-1,-1
278,48,452.65,453.07,38.44,104.80,0.5093,-1,-1,-1
278,49,1336.16,444.45,32.03,104.77,0.6196,-1,-1,-1
278,51,830.54,425.00,129.86,494.93,0.8040,-1,-1,-1
278,54,390.91,460.63,49.81,114.49,0.5461,-1,-1,-1
278,57,1076.21,429.32,88.99,176.43,0.5008,-1,-1,-1
278,60,1139.98,446.86,34.76,97.53,0.5486,-1,-1,-1
278,65,643.91,455.12,21.58,61.28,0.5186,-1,-1,-1
278,70,1846.48,462.71,60.93,190.31,0.2735,-1,-1,-1
279,12,1402.01,427.17,195.99,424.83,0.7784,-1,-1,-1
279,25,505.56,452.65,40.11,100.54,0.5716,-1,-1,-1
279,26,1698.76,431.24,83.55,151.03,0.2998,-1,-1,-1
279,30,1544.62,416.64,157.07,336.85,0.8389,-1,-1,-1
279,38,973.70,399.34,156.98,650.67,0.8468,-1,-1,-1
279,40,710.40,446.13,74.21,195.32,0.8055,-1,-1,-1
279,46,556.78,454.13,22.85,62.77,0.4071,-1,-1,-1
279,48,451.63,453.69,37.35,103.88,0.5396,-1,-1,-1
279,49,1336.91,443.87,32.15,103.85,0.6611,-1,-1,-1
279,51,831.87,424.42,129.67,495.23,0.8032,-1,-1,-1
279,54,389.70,460.47,49.63,115.23,0.7052,-1,-1,-1
279,57,1076.61,424.63,89.07,179.35,0.4786,-1,-1,-1
279,60,1142.20,446.27,33.32,96.79,0.4529,-1,-1,-1
279,61,583.14,457.12,20.70,59.42,0.3558,-1,-1,-1
279,65,644.60,455.48,20.90,61.38,0.5529,-1,-1,-1
279,72,1304.90,431.70,30.52,109.70,0.4164,-1,-1,-1
280,7,1150.68,442.19,30.57,92.37,0.3314,-1,-1,-1
280,12,1424.93,425.22,176.72,426.68,0.8338,-1,-1,-1
280,25,505.77,452.77,39.24,99.13,0.5736,-1,-1,-1
280,30,1545.59,416.57,155.32,334.73,0.7964,-1,-1,-1
280,38,975.97,399.84,155.56,652.17,0.8011,-1,-1,-1
280,40,713.41,447.76,77.83,195.16,0.8563,-1,-1,-1
280,46,557.25,454.24,22.50,62.44,0.4162,-1,-1,-1
280,48,451.53,454.00,36.45,103.24,0.5517,-1,-1,-1
280,49,1338.42,443.67,31.24,102.96,0.7134,-1,-1,-1
280,51,833.08,424.33,129.95,495.43,0.8164,-1,-1,-1
280,53,1864.07,388.71,54.31,257.79,0.3163,-1,-1,-1
280,54,388.63,459.84,50.13,115.91,0.7421,-1,-1,-1
280,57,1077.90,422.35,88.99,181.70,0.4519,-1,-1,-1
280,60,1144.74,445.47,32.09,96.72,0.3462,-1,-1,-1
280,61,583.53,457.18,20.19,58.98,0.3687,-1,-1,-1
280,65,645.08,455.35,20.53,61.41,0.5277,-1,-1,-1
280,71,791.65,451.20,32.14,79.51,0.4042,-1,-1,-1
280,72,1304.91,431.71,31.26,110.23,0.3925,-1,-1,-1
281,12,1440.68,424.49,161.21,427.56,0.8197,-1,-1,-1
281,25,505.94,453.64,38.72,98.61,0.6122,-1,-1,-1
281,30,1533.51,401.43,136.74,318.04,0.7203,-1,-1,-1
281,38,977.39,397.78,155.66,650.70,0.8117,-1,-1,-1
281,40,714.68,448.92,81.72,194.50,0.8657,-1,-1,-1
281,46,557.31,454.44,21.91,62.06,0.4810,-1,-1,-1
281,47,1440.74,413.87,58.23,234.14,0.2620,-1,-1,-1
281,48,451.33,454.79,35.48,102.20,0.6062,-1,-1,-1
281,49,1341.64,444.19,30.88,102.58,0.7077,-1,-1,-1
281,51,833.42,424.22,131.62,495.68,0.8146,-1,-1,-1
281,54,387.68,459.26,50.60,116.72,0.7084,-1,-1,-1
281,57,1080.58,423.77,87.82,182.93,0.4449,-1,-1,-1
281,61,583.03,456.60,20.25,59.29,0.4205,-1,-1,-1
281,64,1441.73,422.38,97.75,218.12,0.3536,-1,-1,-1
281,65,646.81,456.05,20.30,61.06,0.4795,-1,-1,-1
281,70,1846.03,466.05,59.63,188.23,0.2866,-1,-1,-1
281,72,1304.76,431.69,31.53,110.03,0.3783,-1,-1,-1
282,12,1452.40,422.97,149.77,428.50,0.8197,-1,-1,-1
282,25,506.63,454.32,37.79,97.90,0.5702,-1,-1,-1
282,30,1538.15,414.18,132.64,318.89,0.6729,-1,-1,-1
282,38,980.31,397.14,156.64,649.98,0.8121,-1,-1,-1
282,40,716.09,450.41,84.28,193.92,0.8655,-1,-1,-1
282,46,557.69,453.92,21.88,62.38,0.5051,-1,-1,-1
282,47,1447.16,416.33,57.70,228.87,0.3917,-1,-1,-1
282,48,451.75,455.36,34.77,102.96,0.5226,-1,-1,-1
282,49,1343.72,444.04,31.13,102.74,0.7354,-1,-1,-1
282,51,835.99,424.70,136.63,496.85,0.8232,-1,-1,-1
282,54,387.16,459.20,50.80,116.95,0.6835,-1,-1,-1
282,57,1083.45,424.86,86.08,183.42,0.4672,-1,-1,-1
282,59,579.49,455.12,23.76,62.54,0.4604,-1,-1,-1
282,60,1149.10,444.36,35.05,99.32,0.3827,-1,-1,-1
282,61,579.30,456.58,20.13,59.23,0.2867,-1,-1,-1
282,64,1448.52,420.15,101.17,225.20,0.3262,-1,-1,-1
282,65,647.99,457.26,19.73,60.52,0.4143,-1,-1,-1
282,70,1845.46,463.39,61.82,190.87,0.3041,-1,-1,-1
282,72,1304.33,431.27,31.70,110.67,0.3594,-1,-1,-1
283,12,1464.71,420.60,143.93,430.86,0.7810,-1,-1,-1
283,25,506.78,455.34,37.32,98.32,0.6135,-1,-1,-1
283,30,1529.34,387.79,116.70,293.98,0.4223,-1,-1,-1
283,38,982.54,397.13,157.25,649.76,0.8132,-1,-1,-1
283,40,716.86,450.51,85.78,193.78,0.8702,-1,-1,-1
283,46,557.78,454.23,21.58,62.08,0.4967,-1,-1,-1
283,47,1452.76,429.64,55.14,215.68,0.2997,-1,-1,-1
283,48,451.62,455.31,33.72,103.03,0.4750,-1,-1,-1
283,49,1345.66,443.67,31.72,103.30,0.7340,-1,-1,-1
283,51,839.32,424.91,143.10,497.56,0.8444,-1,-1,-1
283,53,1851.55,396.51,63.65,258.04,0.2680,-1,-1,-1
283,54,386.21,460.06,51.01,116.74,0.6590,-1,-1,-1
283,57,1084.88,424.65,84.81,183.30,0.3834,-1,-1,-1
283,59,579.07,454.72,23.95,63.06,0.4902,-1,-1,-1
283,60,1149.52,443.67,37.03,101.61,0.6058,-1,-1,-1
283,64,1456.88,415.50,105.38,225.91,0.2897,-1,-1,-1
283,65,648.72,457.73,19.26,59.83,0.2984,-1,-1,-1
283,72,1304.06,430.96,31.92,111.63,0.3307,-1,-1,-1
284,12,1477.09,418.19,142.78,433.23,0.7707,-1,-1,-1
284,25,506.87,455.88,37.13,98.81,0.6200,-1,-1,-1
284,38,978.02,397.04,160.66,649.28,0.7391,-1,-1,-1
284,40,717.47,451.11,86.81,193.10,0.8801,-1,-1,-1
284,46,558.44,455.62,21.48,61.31,0.5393,-1,-1,-1
284,48,451.81,455.58,33.48,103.06,0.5400,-1,-1,-1
284,49,1347.30,444.09,31.71,103.54,0.7228,-1,-1,-1
284,51,840.82,425.31,151.70,498.09,0.8503,-1,-1,-1
284,53,1854.09,391.32,63.87,259.06,0.3607,-1,-1,-1
284,54,385.45,460.50,51.84,116.55,0.6534,-1,-1,-1
284,57,1092.90,440.84,80.46,174.41,0.3273,-1,-1,-1
284,59,579.19,454.57,23.55,63.56,0.5276,-1,-1,-1
284,60,1150.35,442.04,38.13,105.20,0.7416,-1,-1,-1
284,61,577.14,456.70,20.06,59.59,0.3650,-1,-1,-1
284,70,1843.39,460.15,64.56,193.74,0.2591,-1,-1,-1
284,72,1303.98,431.15,32.09,112.41,0.3117,-1,-1,-1
285,12,1484.28,418.67,141.62,432.85,0.8675,-1,-1,-1
285,25,506.69,456.81,36.76,100.27,0.6499,-1,-1,-1
285,38,984.16,400.41,160.31,647.76,0.7889,-1,-1,-1
285,40,717.67,450.43,87.43,193.33,0.8931,-1,-1,-1
285,46,558.46,456.25,21.50,60.97,0.5397,-1,-1,-1
285,47,1465.54,434.34,54.26,211.43,0.4520,-1,-1,-1
285,48,452.17,455.57,32.54,102.21,0.5263,-1,-1,-1
285,49,1348.70,443.61,31.57,104.35,0.7390,-1,-1,-1
285,51,844.79,425.17,158.03,497.91,0.8734,-1,-1,-1
285,53,1855.98,388.38,63.33,260.75,0.3429,-1,-1,-1
285,54,384.24,460.53,52.68,116.33,0.6303,-1,-1,-1
285,57,1096.67,448.03,77.15,168.32,0.2655,-1,-1,-1
285,59,577.87,454.53,23.99,63.72,0.5631,-1,-1,-1
285,60,1150.37,441.59,39.08,107.10,0.6165,-1,-1,-1
285,70,1838.32,460.56,68.44,194.35,0.2959,-1,-1,-1
285,72,1303.75,431.43,33.18,113.40,0.3792,-1,-1,-1
286,12,1497.70,418.52,146.60,433.35,0.8726,-1,-1,-1
286,25,506.54,456.23,36.32,100.80,0.6030,-1,-1,-1
286,38,988.95,401.17,158.98,646.97,0.7924,-1,-1,-1
286,40,719.39,448.94,87.34,194.39,0.8900,-1,-1,-1
286,46,558.29,456.81,21.62,60.73,0.5417,-1,-1,-1
286,47,1472.88,436.07,54.07,206.97,0.4849,-1,-1,-1
286,48,452.30,454.44,31.75,102.05,0.5089,-1,-1,-1
286,49,1350.66,443.89,32.55,104.69,0.6912,-1,-1,-1
286,51,845.82,425.64,163.55,497.87,0.8802,-1,-1,-1
286,53,1858.05,386.73,62.17,261.98,0.3129,-1,-1,-1
286,54,383.64,459.91,53.80,116.46,0.5975,-1,-1,-1
286,57,1098.81,451.99,74.87,163.37,0.3504,-1,-1,-1
286,59,577.18,454.42,24.42,63.89,0.5550,-1,-1,-1
286,60,1150.22,441.66,39.63,108.21,0.6231,-1,-1,-1
286,70,1839.94,466.01,66.23,190.73,0.3302,-1,-1,-1
286,72,1303.50,431.11,33.67,113.67,0.4044,-1,-1,-1
287,12,1506.46,422.02,153.61,432.23,0.9001,-1,-1,-1
287,25,505.79,454.24,36.07,98.91,0.5654,-1,-1,-1
287,38,991.40,401.16,158.22,646.41,0.8067,-1,-1,-1
287,40,720.60,449.25,87.51,194.52,0.8946,-1,-1,-1
287,46,558.39,455.79,21.33,60.83,0.5371,-1,-1,-1
287,47,1480.00,441.48,53.65,206.59,0.3449,-1,-1,-1
287,48,452.17,456.44,31.95,101.55,0.3776,-1,-1,-1
287,49,1352.15,443.27,32.37,104.06,0.6689,-1,-1,-1
287,51,845.00,426.50,168.20,497.47,0.8838,-1,-1,-1
287,53,1865.58,386.20,57.43,259.99,0.2973,-1,-1,-1
287,54,383.86,459.63,55.73,115.78,0.4112,-1,-1,-1
287,57,1099.40,449.53,73.30,162.48,0.2958,-1,-1,-1
287,59,576.41,453.92,24.52,64.16,0.5225,-1,-1,-1
287,60,1150.40,441.33,39.72,108.97,0.6861,-1,-1,-1
287,64,1470.10,465.21,91.03,264.52,0.2545,-1,-1,-1
287,70,1841.51,466.66,65.59,189.68,0.3898,-1,-1,-1
287,72,1303.32,431.42,33.84,113.94,0.3842,-1,-1,-1
288,12,1516.03,423.99,169.39,433.55,0.8894,-1,-1,-1
288,25,505.69,454.27,35.58,98.91,0.5841,-1,-1,-1
288,38,992.89,402.01,157.31,645.58,0.8191,-1,-1,-1
288,40,722.77,448.07,87.33,195.66,0.9025,-1,-1,-1
288,46,558.42,456.32,21.20,60.86,0.5901,-1,-1,-1
288,47,1486.40,434.49,55.31,214.70,0.3388,-1,-1,-1
288,48,451.55,458.13,32.32,101.64,0.4808,-1,-1,-1
288,49,1353.52,442.77,32.97,103.62,0.6812,-1,-1,-1
288,51,845.52,426.91,170.43,497.11,0.8799,-1,-1,-1
288,53,1868.37,387.88,54.58,260.41,0.3460,-1,-1,-1
288,54,383.33,459.72,56.64,114.94,0.3801,-1,-1,-1
288,57,1101.65,448.21,71.16,161.07,0.2503,-1,-1,-1
288,59,576.01,453.85,24.44,64.68,0.5275,-1,-1,-1
288,60,1151.47,442.13,39.51,109.28,0.6230,-1,-1,-1
288,70,1837.62,466.21,68.86,189.70,0.3533,-1,-1,-1
288,72,1303.37,431.08,33.84,114.20,0.4263,-1,-1,-1
289,12,1519.24,426.76,181.98,433.45,0.8869,-1,-1,-1
289,25,506.04,454.95,35.35,100.06,0.6233,-1,-1,-1
289,38,994.47,402.96,157.06,643.98,0.8000,-1,-1,-1
289,40,726.78,446.75,86.02,196.62,0.8712,-1,-1,-1
289,46,558.42,455.87,21.32,61.19,0.5784,-1,-1,-1
289,48,451.33,458.78,32.05,101.11,0.3720,-1,-1,-1
289,49,1356.01,443.24,36.75,105.01,0.6269,-1,-1,-1
289,51,848.68,426.91,170.18,496.95,0.8781,-1,-1,-1
289,54,383.03,459.01,56.74,114.65,0.4073,-1,-1,-1
289,59,576.00,453.54,24.19,64.83,0.5015,-1,-1,-1
289,60,1152.53,441.86,39.46,109.96,0.6162,-1,-1,-1
289,64,1469.60,454.34,89.23,299.14,0.5583,-1,-1,-1
289,72,1303.65,430.66,33.36,114.37,0.3385,-1,-1,-1
290,12,1521.60,428.99,194.62,434.18,0.8917,-1,-1,-1
290,25,505.72,453.54,35.50,98.36,0.6085,-1,-1,-1
290,31,384.48,466.50,59.28,100.65,0.2593,-1,-1,-1
290,38,996.54,402.31,155.93,643.53,0.7879,-1,-1,-1
290,40,730.31,447.10,84.14,196.46,0.8130,-1,-1,-1
290,46,558.33,456.23,21.65,61.38,0.5355,-1,-1,-1
290,48,451.60,459.56,32.39,100.68,0.3751,-1,-1,-1
290,49,1357.21,442.94,38.76,104.94,0.5873,-1,-1,-1
290,51,849.36,426.32,169.37,496.82,0.8848,-1,-1,-1
290,53,1864.32,385.04,55.69,257.34,0.2663,-1,-1,-1
290,54,397.09,460.62,52.10,112.86,0.3194,-1,-1,-1
290,59,575.92,453.71,24.09,64.64,0.4808,-1,-1,-1
290,60,1153.90,441.89,39.36,110.00,0.6356,-1,-1,-1
290,64,1454.95,435.51,99.69,310.82,0.6558,-1,-1,-1
290,73,671.22,476.90,59.29,111.77,0.5556,-1,-1,-1
290,74,617.62,459.61,25.07,58.52,0.3107,-1,-1,-1
290,75,536.95,456.48,21.24,57.34,0.3047,-1,-1,-1
291,12,1523.90,431.01,210.23,435.76,0.9021,-1,-1,-1
291,25,506.28,454.88,35.39,99.26,0.6000,-1,-1,-1
291,31,381.26,466.51,51.52,103.86,0.3634,-1,-1,-1
291,38,999.70,402.12,155.86,644.28,0.8008,-1,-1,-1
291,40,733.16,446.14,82.92,197.37,0.8219,-1,-1,-1
291,46,558.32,456.07,22.09,61.55,0.5856,-1,-1,-1
291,48,451.46,459.49,32.90,101.12,0.4821,-1,-1,-1
291,49,1356.97,443.45,40.97,104.95,0.6462,-1,-1,-1
291,51,852.03,426.68,168.73,496.09,0.8800,-1,-1,-1
291,53,1860.37,387.91,58.15,259.28,0.2594,-1,-1,-1
291,54,389.25,460.56,54.65,113.24,0.2604,-1,-1,-1
291,59,577.19,453.33,23.94,64.88,0.4302,-1,-1,-1
291,60,1155.39,440.54,39.54,110.56,0.6499,-1,-1,-1
291,64,1435.33,431.79,108.16,310.83,0.5436,-1,-1,-1
291,70,1843.01,463.29,68.20,191.50,0.2745,-1,-1,-1
291,73,673.68,474.63,58.98,113.75,0.5074,-1,-1,-1
291,74,617.91,460.47,24.47,56.06,0.3498,-1,-1,-1
291,75,536.92,456.02,21.01,57.29,0.3615,-1,-1,-1
292,12,1522.35,431.94,222.00,437.01,0.8888,-1,-1,-1
292,25,506.65,456.30,35.66,100.86,0.6231,-1,-1,-1
292,31,380.29,466.36,48.07,105.99,0.4464,-1,-1,-1
292,38,1002.89,402.54,155.00,645.85,0.8496,-1,-1,-1
292,40,740.40,446.27,79.44,198.25,0.7837,-1,-1,-1
292,46,557.82,455.46,22.26,61.44,0.5622,-1,-1,-1
292,48,450.98,458.34,33.72,101.95,0.4208,-1,-1,-1
292,49,1356.31,443.93,42.53,104.44,0.6543,-1,-1,-1
292,51,849.45,426.07,169.93,496.17,0.8867,-1,-1,-1
292,54,401.74,459.41,48.75,112.89,0.3172,-1,-1,-1
292,59,576.53,453.67,23.34,64.07,0.4071,-1,-1,-1
292,60,1156.74,439.82,39.32,110.81,0.6443,-1,-1,-1
292,64,1423.37,431.91,122.02,327.21,0.3292,-1,-1,-1
292,73,675.38,478.01,57.57,111.46,0.5122,-1,-1,-1
292,75,536.74,456.04,21.35,57.57,0.3688,-1,-1,-1
293,12,1518.71,434.34,231.88,439.33,0.9000,-1,-1,-1
293,25,506.45,456.34,35.59,102.01,0.6054,-1,-1,-1
293,31,379.48,465.42,45.63,107.90,0.5564,-1,-1,-1
293,38,1004.66,402.68,155.36,647.25,0.7963,-1,-1,-1
293,40,745.33,445.01,77.84,199.64,0.7717,-1,-1,-1
293,46,557.52,455.33,22.45,61.33,0.5486,-1,-1,-1
293,47,1505.09,450.51,76.13,289.05,0.2647,-1,-1,-1
293,48,450.60,458.32,34.25,102.05,0.4509,-1,-1,-1
293,49,1357.05,444.08,42.79,103.78,0.6228,-1,-1,-1
293,51,847.85,425.31,171.44,496.75,0.8892,-1,-1,-1
293,54,407.00,463.18,46.56,109.68,0.3693,-1,-1,-1
293,59,576.53,454.03,22.89,63.51,0.4417,-1,-1,-1
293,60,1157.76,440.09,39.53,110.53,0.6687,-1,-1,-1
293,64,1410.80,421.35,126.37,313.61,0.6114,-1,-1,-1
293,65,655.70,458.42,24.31,74.67,0.3121,-1,-1,-1
293,72,1303.17,429.38,32.96,115.43,0.2661,-1,-1,-1
293,73,676.10,479.33,56.98,112.16,0.5036,-1,-1,-1
293,74,618.07,460.20,23.24,54.07,0.2711,-1,-1,-1
293,75,536.37,455.88,21.59,58.17,0.4362,-1,-1,-1
294,12,1516.05,433.57,239.36,442.84,0.9007,-1,-1,-1
294,25,506.31,456.12,35.55,102.73,0.6499,-1,-1,-1
294,31,379.72,464.85,43.97,109.22,0.5555,-1,-1,-1
294,38,1005.92,400.81,155.33,647.61,0.8246,-1,-1,-1
294,40,745.58,446.16,79.08,199.92,0.7509,-1,-1,-1
294,46,557.50,454.94,22.50,61.45,0.5819,-1,-1,-1
294,47,1505.94,442.42,85.97,314.83,0.2939,-1,-1,-1
294,48,449.58,456.04,34.83,101.97,0.2751,-1,-1,-1
294,49,1358.45,444.26,42.85,103.98,0.5379,-1,-1,-1
294,51,847.38,424.70,172.21,497.44,0.8938,-1,-1,-1
294,54,409.60,462.42,43.71,109.15,0.3278,-1,-1,-1
294,59,576.18,454.41,22.47,63.04,0.5082,-1,-1,-1
294,60,1158.03,441.39,39.95,109.61,0.6529,-1,-1,-1
294,64,1404.56,418.40,129.81,305.07,0.8436,-1,-1,-1
294,73,677.24,483.39,55.56,109.83,0.5913,-1,-1,-1
294,75,536.93,455.90,21.38,58.32,0.3201,-1,-1,-1
295,12,1516.73,432.01,243.81,445.64,0.8899,-1,-1,-1
295,25,506.57,455.91,35.61,103.22,0.6599,-1,-1,-1
295,31,380.25,464.04,43.18,110.48,0.5331,-1,-1,-1
295,38,1006.72,399.44,155.14,647.67,0.7971,-1,-1,-1
295,40,748.81,446.62,78.14,200.37,0.8003,-1,-1,-1
295,46,557.33,454.81,22.43,61.50,0.6014,-1,-1,-1
295,47,1523.87,427.97,84.11,281.97,0.5494,-1,-1,-1
295,48,448.31,454.82,34.78,101.82,0.3556,-1,-1,-1
295,49,1361.90,443.58,45.63,105.08,0.6346,-1,-1,-1
295,51,848.11,423.59,172.45,498.54,0.8898,-1,-1,-1
295,54,413.29,465.07,42.62,107.50,0.3249,-1,-1,-1
295,59,576.66,454.49,22.41,62.91,0.4661,-1,-1,-1
295,60,1159.83,442.14,40.15,108.87,0.6473,-1,-1,-1
295,64,1403.12,418.71,135.23,298.98,0.8632,-1,-1,-1
295,70,1843.54,460.94,68.10,193.93,0.3327,-1,-1,-1
295,73,679.07,483.74,55.14,109.02,0.5652,-1,-1,-1
295,75,536.85,455.42,21.26,58.58,0.3064,-1,-1,-1
296,12,1522.48,429.25,243.24,448.12,0.8556,-1,-1,-1
296,25,506.22,455.56,35.98,103.22,0.6427,-1,-1,-1
296,31,380.65,463.45,42.59,111.49,0.5483,-1,-1,-1
296,38,1007.40,399.51,154.88,647.51,0.8185,-1,-1,-1
296,40,751.92,446.99,77.61,200.83,0.8052,-1,-1,-1
296,46,557.33,454.53,22.49,61.69,0.6255,-1,-1,-1
296,47,1540.75,415.48,86.58,266.72,0.3400,-1,-1,-1
296,48,447.98,456.50,35.51,102.46,0.5004,-1,-1,-1
296,51,850.90,422.55,171.78,499.93,0.8851,-1,-1,-1
296,57,1111.57,442.51,63.31,155.07,0.2765,-1,-1,-1
296,59,576.78,454.31,22.29,62.76,0.5100,-1,-1,-1
296,60,1161.29,442.28,40.55,108.86,0.6539,-1,-1,-1
296,64,1401.36,420.32,140.67,294.60,0.8227,-1,-1,-1
296,70,1842.47,463.83,67.00,191.88,0.2940,-1,-1,-1
296,73,679.59,484.33,54.51,108.25,0.6378,-1,-1,-1
296,75,536.58,454.98,21.27,59.14,0.2958,-1,-1,-1
297,12,1518.16,426.48,247.42,450.44,0.5331,-1,-1,-1
297,25,506.31,455.36,35.57,103.46,0.5766,-1,-1,-1
297,31,380.64,463.24,42.13,112.07,0.6236,-1,-1,-1
297,38,1007.79,400.39,154.92,646.71,0.8391,-1,-1,-1
297,40,756.19,445.25,76.26,202.58,0.8189,-1,-1,-1
297,46,557.25,454.68,22.69,61.69,0.5664,-1,-1,-1
297,47,1551.40,419.63,84.15,255.10,0.3962,-1,-1,-1
297,48,446.71,456.86,36.09,102.08,0.4118,-1,-1,-1
297,49,1371.54,443.60,45.04,104.95,0.2767,-1,-1,-1
297,51,854.12,422.05,169.79,500.91,0.8873,-1,-1,-1
297,54,413.15,462.77,41.06,107.46,0.2787,-1,-1,-1
297,59,576.79,454.96,22.17,62.24,0.4863,-1,-1,-1
297,60,1161.95,441.90,41.66,109.17,0.5903,-1,-1,-1
297,64,1396.07,422.05,140.45,291.76,0.8144,-1,-1,-1
297,73,679.38,484.41,54.74,108.24,0.6770,-1,-1,-1
297,75,536.68,454.94,21.39,59.82,0.3914,-1,-1,-1
298,25,505.91,455.47,35.97,104.23,0.6155,-1,-1,-1
298,31,380.85,462.84,41.87,112.46,0.6562,-1,-1,-1
298,38,1009.16,400.46,155.79,644.82,0.8435,-1,-1,-1
298,40,758.90,445.00,75.08,203.19,0.8083,-1,-1,-1
298,46,557.22,454.43,22.82,61.72,0.5844,-1,-1,-1
298,47,1560.91,425.02,82.79,244.84,0.5221,-1,-1,-1
298,48,446.39,458.05,36.67,102.10,0.3455,-1,-1,-1
298,49,1376.84,443.60,40.78,104.91,0.2632,-1,-1,-1
298,51,858.03,422.21,167.14,502.21,0.8822,-1,-1,-1
298,59,576.84,455.29,21.93,61.67,0.5095,-1,-1,-1
298,60,1165.28,443.82,42.65,107.41,0.6083,-1,-1,-1
298,64,1391.80,424.69,137.20,288.62,0.8618,-1,-1,-1
298,70,1844.81,479.88,61.25,181.03,0.2638,-1,-1,-1
298,73,678.73,485.28,54.29,108.20,0.6610,-1,-1,-1
298,74,620.88,462.06,21.87,52.19,0.3056,-1,-1,-1
298,75,536.51,454.91,21.26,60.35,0.3457,-1,-1,-1
299,12,1545.09,423.97,233.10,453.28,0.6740,-1,-1,-1
299,25,505.57,455.01,36.09,104.25,0.6247,-1,-1,-1
299,31,381.07,461.99,41.73,113.05,0.6091,-1,-1,-1
299,38,1012.30,400.63,158.37,643.25,0.8242,-1,-1,-1
299,40,762.77,445.82,73.48,204.11,0.7838,-1,-1,-1
299,46,557.81,454.50,22.60,61.77,0.5944,-1,-1,-1
299,47,1568.46,417.88,84.64,243.76,0.5526,-1,-1,-1
299,49,1380.02,441.79,37.13,103.73,0.4708,-1,-1,-1
299,51,861.60,422.37,163.65,503.81,0.8609,-1,-1,-1
299,59,576.88,455.75,21.60,60.96,0.4839,-1,-1,-1
299,60,1168.75,446.42,42.50,105.14,0.5702,-1,-1,-1
299,64,1387.80,423.80,129.72,287.66,0.8173,-1,-1,-1
299,70,1846.95,476.62,58.98,180.20,0.3496,-1,-1,-1
299,73,679.04,484.42,53.96,108.34,0.6871,-1,-1,-1
299,74,621.15,461.49,22.13,53.13,0.2893,-1,-1,-1
299,75,536.87,455.19,20.90,60.34,0.3224,-1,-1,-1
299,78,707.18,481.85,27.95,107.87,0.2560,-1,-1,-1
300,25,505.97,455.28,36.37,104.29,0.6531,-1,-1,-1
300,31,381.24,462.61,42.76,113.44,0.6377,-1,-1,-1
300,38,1014.36,401.38,162.05,642.18,0.8165,-1,-1,-1
300,40,766.19,445.55,73.33,204.87,0.8332,-1,-1,-1
300,46,558.30,454.32,22.28,61.79,0.5838,-1,-1,-1
300,47,1577.87,415.45,84.55,242.22,0.6414,-1,-1,-1
300,48,444.87,457.34,38.06,102.57,0.2607,-1,-1,-1
300,51,868.83,423.81,159.09,505.47,0.8548,-1,-1,-1
300,59,577.38,455.76,22.00,60.71,0.5143,-1,-1,-1
300,60,1169.97,447.31,42.50,103.77,0.6609,-1,-1,-1
300,64,1382.86,420.38,120.89,288.04,0.8328,-1,-1,-1
300,68,735.14,475.56,37.73,120.80,0.3287,-1,-1,-1
300,70,1848.36,473.93,56.94,180.54,0.3496,-1,-1,-1
300,73,678.84,484.15,53.43,108.51,0.6563,-1,-1,-1
300,75,537.28,454.80,20.80,60.58,0.3157,-1,-1,-1
300,77,1619.07,433.01,147.36,437.42,0.6423,-1,-1,-1
300,78,707.82,480.57,27.50,107.60,0.3132,-1,-1,-1
301,12,1540.91,393.52,187.12,437.68,0.2816,-1,-1,-1
301,25,505.77,455.32,36.13,104.13,0.6581,-1,-1,-1
301,26,1722.26,437.75,65.69,140.96,0.2527,-1,-1,-1
301,31,381.28,462.81,43.37,113.60,0.6882,-1,-1,-1
301,38,1012.93,399.42,161.38,638.95,0.8693,-1,-1,-1
301,40,768.90,445.57,74.03,206.11,0.8475,-1,-1,-1
301,46,558.48,454.39,21.95,61.85,0.5564,-1,-1,-1
301,47,1585.34,414.47,84.63,240.71,0.5688,-1,-1,-1
301,51,874.12,423.06,153.96,507.39,0.8136,-1,-1,-1
301,59,577.28,455.81,22.24,60.70,0.4967,-1,-1,-1
301,60,1171.50,448.10,42.93,102.72,0.4922,-1,-1,-1
301,64,1375.70,417.04,110.74,289.10,0.8645,-1,-1,-1
301,68,734.18,476.17,41.60,121.00,0.6307,-1,-1,-1
301,70,1849.18,486.64,55.18,172.41,0.3331,-1,-1,-1
301,73,678.80,484.69,52.38,108.01,0.6135,-1,-1,-1
301,75,537.54,455.02,20.21,60.21,0.2521,-1,-1,-1
301,77,1614.33,423.49,152.01,450.73,0.8332,-1,-1,-1
301,78,708.26,479.89,27.11,107.30,0.3812,-1,-1,-1
302,12,1556.21,392.13,160.87,427.05,0.2667,-1,-1,-1
302,25,506.15,455.75,35.59,104.30,0.6790,-1,-1,-1
302,31,381.02,462.70,44.04,113.81,0.6603,-1,-1,-1
302,38,1012.85,398.18,160.80,637.20,0.8439,-1,-1,-1
302,40,771.43,445.17,74.86,207.29,0.8411,-1,-1,-1
302,46,558.54,455.40,21.74,61.39,0.5875,-1,-1,-1
302,47,1593.72,411.66,88.21,242.65,0.6824,-1,-1,-1
302,48,433.12,457.11,45.94,104.92,0.2716,-1,-1,-1
302,51,882.18,423.11,147.58,511.97,0.8291,-1,-1,-1
302,59,577.63,456.86,22.03,59.98,0.4299,-1,-1,-1
302,60,1172.44,448.55,43.74,101.75,0.6150,-1,-1,-1
302,64,1365.30,417.97,102.87,289.26,0.8171,-1,-1,-1
302,68,733.97,476.31,42.42,120.28,0.6010,-1,-1,-1
302,70,1849.07,498.13,54.15,162.91,0.3177,-1,-1,-1
302,73,678.39,486.46,50.59,106.74,0.6499,-1,-1,-1
302,75,537.60,455.38,19.88,59.79,0.2714,-1,-1,-1
302,77,1622.71,419.49,153.16,454.51,0.7476,-1,-1,-1
302,78,708.39,478.81,26.99,107.59,0.4211,-1,-1,-1
302,79,-4.98,633.66,125.84,219.17,0.7682,-1,-1,-1
303,25,505.77,455.74,35.44,104.88,0.6889,-1,-1,-1
303,31,380.97,461.66,43.99,114.03,0.6801,-1,-1,-1
303,38,1013.24,396.23,163.69,634.26,0.8597,-1,-1,-1
303,40,773.21,447.41,74.71,207.40,0.8351,-1,-1,-1
303,46,558.66,456.48,21.67,60.76,0.5982,-1,-1,-1
303,47,1599.91,408.60,90.71,246.23,0.6725,-1,-1,-1
303,51,886.52,422.52,142.57,516.27,0.8125,-1,-1,-1
303,53,1861.78,383.09,58.23,256.79,0.3041,-1,-1,-1
303,59,577.45,457.97,21.94,59.23,0.4276,-1,-1,-1
303,60,1173.38,448.48,43.86,101.88,0.6374,-1,-1,-1
303,64,1355.41,417.70,98.26,289.43,0.8340,-1,-1,-1
303,68,734.18,477.13,43.09,120.16,0.6912,-1,-1,-1
303,70,1847.97,504.51,53.94,156.17,0.4106,-1,-1,-1
303,72,1304.67,427.85,34.57,118.58,0.3576,-1,-1,-1
303,73,678.25,487.01,49.04,105.79,0.6524,-1,-1,-1
303,75,537.71,455.26,19.77,59.72,0.3463,-1,-1,-1
303,77,1641.05,421.24,146.28,456.75,0.8125,-1,-1,-1
303,78,708.49,479.06,26.95,107.89,0.4238,-1,-1,-1
303,79,-3.10,638.66,125.34,220.48,0.7552,-1,-1,-1
304,12,1580.78,397.40,140.20,422.54,0.3412,-1,-1,-1
304,25,505.73,455.82,35.46,105.26,0.7047,-1,-1,-1
304,31,380.71,462.41,44.14,113.32,0.6079,-1,-1,-1
304,38,1014.90,395.40,165.78,630.15,0.8663,-1,-1,-1
304,40,776.10,446.88,75.09,208.21,0.8633,-1,-1,-1
304,46,558.71,456.94,21.43,60.35,0.6085,-1,-1,-1
304,47,1606.42,408.05,92.52,248.05,0.7190,-1,-1,-1
304,48,430.16,456.58,49.92,106.80,0.3304,-1,-1,-1
304,51,883.36,420.99,142.61,519.17,0.7968,-1,-1,-1
304,53,1863.27,385.54,57.06,258.11,0.2564,-1,-1,-1
304,59,577.30,459.07,21.95,58.64,0.4093,-1,-1,-1
304,60,1175.12,447.49,43.48,102.23,0.6674,-1,-1,-1
304,64,1344.64,417.95,99.33,289.67,0.8917,-1,-1,-1
304,68,734.25,477.29,43.80,118.36,0.6028,-1,-1,-1
304,70,1847.85,500.48,53.57,156.04,0.3592,-1,-1,-1
304,72,1304.64,427.67,35.06,118.91,0.2750,-1,-1,-1
304,73,678.99,486.66,48.93,105.84,0.6694,-1,-1,-1
304,75,537.86,454.99,19.97,59.97,0.4691,-1,-1,-1
304,77,1653.75,421.50,143.93,463.84,0.8270,-1,-1,-1
304,78,708.91,478.48,26.71,108.00,0.3699,-1,-1,-1
304,79,-3.57,617.13,129.38,237.92,0.6662,-1,-1,-1
305,12,1591.28,399.81,131.46,419.14,0.5713,-1,-1,-1
305,25,506.21,455.79,35.62,105.24,0.7279,-1,-1,-1
305,31,380.58,461.56,43.88,113.62,0.7033,-1,-1,-1
305,38,1018.56,396.07,172.42,628.60,0.8565,-1,-1,-1
305,40,777.42,447.07,75.97,209.33,0.8672,-1,-1,-1
305,46,558.37,457.19,21.42,60.11,0.6508,-1,-1,-1
305,47,1613.45,407.54,95.52,250.30,0.7108,-1,-1,-1
305,48,429.63,455.93,51.49,108.09,0.3513,-1,-1,-1
305,51,883.37,420.16,142.06,521.71,0.7956,-1,-1,-1
305,54,424.11,456.95,45.17,110.44,0.3688,-1,-1,-1
305,59,577.35,459.15,21.95,57.91,0.4444,-1,-1,-1
305,60,1177.98,446.68,43.29,102.03,0.6916,-1,-1,-1
305,64,1335.10,419.60,103.30,288.75,0.8617,-1,-1,-1
305,65,676.80,459.87,27.51,64.45,0.2508,-1,-1,-1
305,68,734.13,476.88,45.20,116.71,0.6802,-1,-1,-1
305,70,1847.89,502.49,53.24,153.49,0.3150,-1,-1,-1
305,72,1304.93,427.04,35.94,120.22,0.4700,-1,-1,-1
305,73,678.99,486.64,49.10,107.19,0.6997,-1,-1,-1
305,75,537.44,454.83,20.21,60.20,0.5041,-1,-1,-1
305,77,1664.52,420.92,143.40,472.13,0.8329,-1,-1,-1
305,78,709.17,478.29,26.24,107.93,0.3096,-1,-1,-1
305,79,-11.72,500.61,145.79,313.99,0.6252,-1,-1,-1
306,12,1598.27,401.53,126.20,414.24,0.4712,-1,-1,-1
306,25,505.67,455.63,35.35,105.24,0.6974,-1,-1,-1
306,31,380.37,461.86,43.75,114.05,0.6541,-1,-1,-1
306,38,1017.91,394.46,174.67,623.13,0.8533,-1,-1,-1
306,40,779.43,445.47,77.78,209.81,0.8591,-1,-1,-1
306,46,558.56,456.96,21.23,59.92,0.6184,-1,-1,-1
306,47,1619.26,407.18,97.58,250.08,0.5567,-1,-1,-1
306,48,428.74,454.67,52.29,109.30,0.2684,-1,-1,-1
306,51,883.83,419.83,141.80,523.19,0.7898,-1,-1,-1
306,54,421.38,458.19,45.30,110.22,0.3231,-1,-1,-1
306,59,577.68,459.15,21.91,57.47,0.4959,-1,-1,-1
306,60,1182.12,446.35,42.52,102.13,0.7240,-1,-1,-1
306,64,1324.59,420.96,109.50,287.55,0.8883,-1,-1,-1
306,65,677.62,459.47,27.10,62.49,0.2929,-1,-1,-1
306,68,734.53,476.23,46.94,114.76,0.7124,-1,-1,-1
306,70,1847.88,509.39,52.98,147.51,0.3192,-1,-1,-1
306,72,1305.12,427.52,35.77,120.17,0.4542,-1,-1,-1
306,73,679.54,485.42,49.88,107.85,0.6960,-1,-1,-1
306,75,537.52,455.18,20.33,60.07,0.4895,-1,-1,-1
306,77,1673.75,415.82,154.44,488.46,0.8325,-1,-1,-1
306,78,709.42,478.31,26.04,107.43,0.3534,-1,-1,-1
306,79,-13.18,448.17,147.67,362.57,0.7538,-1,-1,-1
306,80,1163.17,438.45,25.43,87.69,0.4559,-1,-1,-1
307,12,1615.09,403.69,123.48,412.24,0.4206,-1,-1,-1
307,25,505.31,455.67,35.35,105.19,0.7232,-1,-1,-1
307,31,380.52,461.67,43.89,114.48,0.6472,-1,-1,-1
307,38,1019.05,394.82,176.65,619.41,0.8163,-1,-1,-1
307,40,782.34,444.12,78.33,210.48,0.8463,-1,-1,-1
307,46,558.77,456.67,21.06,59.56,0.5693,-1,-1,-1
307,47,1628.76,407.20,101.79,250.60,0.4341,-1,-1,-1
307,51,884.69,419.34,141.24,523.90,0.8156,-1,-1,-1
307,54,419.30,457.56,44.06,110.87,0.4084,-1,-1,-1
307,59,578.80,457.39,21.43,58.04,0.3983,-1,-1,-1
307,60,1184.92,444.59,41.95,103.10,0.7616,-1,-1,-1
307,64,1315.29,423.43,116.65,285.32,0.8810,-1,-1,-1
307,65,678.41,459.61,27.37,61.96,0.2931,-1,-1,-1
307,68,734.35,474.94,48.09,112.49,0.7146,-1,-1,-1
307,70,1843.86,494.10,56.06,155.83,0.3948,-1,-1,-1
307,73,679.58,484.84,50.27,108.13,0.6729,-1,-1,-1
307,75,537.81,454.54,20.44,60.54,0.5076,-1,-1,-1
307,77,1685.26,411.39,170.25,501.94,0.8431,-1,-1,-1
307,78,710.16,479.97,25.51,106.05,0.3826,-1,-1,-1
307,79,-12.53,420.77,145.32,397.53,0.7656,-1,-1,-1
307,80,1164.15,439.18,24.92,86.21,0.4109,-1,-1,-1
307,81,597.17,458.13,21.85,54.42,0.4232,-1,-1,-1
308,12,1623.28,403.71,123.65,407.54,0.5052,-1,-1,-1
308,25,503.51,455.68,36.48,104.97,0.7268,-1,-1,-1
308,31,380.76,461.57,43.97,114.78,0.6172,-1,-1,-1
308,38,1024.94,396.43,186.52,618.55,0.8247,-1,-1,-1
308,40,784.11,443.67,77.21,210.87,0.8049,-1,-1,-1
308,46,559.40,457.02,20.88,59.18,0.5841,-1,-1,-1
308,51,882.96,419.09,141.94,524.74,0.8374,-1,-1,-1
308,54,417.05,458.64,43.59,110.43,0.4349,-1,-1,-1
308,59,579.93,456.55,21.36,58.50,0.4264,-1,-1,-1
308,60,1186.62,443.30,42.19,104.03,0.7544,-1,-1,-1
308,64,1304.71,424.14,124.37,283.74,0.8802,-1,-1,-1
308,68,734.10,475.30,48.69,111.96,0.7343,-1,-1,-1
308,70,1842.32,496.16,57.46,155.93,0.4141,-1,-1,-1
308,72,1304.99,425.29,35.62,118.59,0.2860,-1,-1,-1
308,73,679.69,484.55,50.42,108.31,0.6123,-1,-1,-1
308,75,538.46,454.14,20.52,60.89,0.3608,-1,-1,-1
308,77,1692.81,407.79,192.77,513.66,0.8594,-1,-1,-1
308,78,710.67,480.53,25.11,105.13,0.3631,-1,-1,-1
308,79,-10.99,405.57,142.38,423.55,0.8348,-1,-1,-1
308,80,1164.26,439.46,24.79,85.62,0.4302,-1,-1,-1
308,81,598.22,458.13,20.65,52.93,0.3759,-1,-1,-1
309,12,1621.62,405.88,126.25,404.56,0.6300,-1,-1,-1
309,25,501.80,455.51,37.85,104.88,0.7162,-1,-1,-1
309,31,380.85,461.61,43.78,114.89,0.6605,-1,-1,-1
309,38,1027.65,396.27,196.42,617.73,0.8371,-1,-1,-1
309,40,787.09,443.55,74.32,211.24,0.8374,-1,-1,-1
309,46,559.73,457.45,20.82,58.73,0.6063,-1,-1,-1
309,51,880.26,418.80,143.92,525.40,0.8550,-1,-1,-1
309,54,417.29,458.85,41.30,110.48,0.4654,-1,-1,-1
309,59,580.43,457.28,21.07,58.07,0.4164,-1,-1,-1
309,60,1190.06,443.48,42.31,104.14,0.7921,-1,-1,-1
309,64,1296.17,425.19,129.94,281.85,0.8652,-1,-1,-1
309,68,733.81,475.59,48.94,111.52,0.7225,-1,-1,-1
309,70,1841.20,486.65,60.40,162.24,0.3051,-1,-1,-1
309,72,1304.37,425.74,34.52,115.42,0.3156,-1,-1,-1
309,73,679.18,484.66,50.61,108.47,0.6281,-1,-1,-1
309,75,538.32,453.92,20.85,61.12,0.3687,-1,-1,-1
309,77,1692.14,409.25,210.72,520.25,0.8886,-1,-1,-1
309,78,710.65,480.95,25.08,105.56,0.3629,-1,-1,-1
309,79,-9.64,397.23,138.84,441.67,0.8527,-1,-1,-1
309,80,1164.28,439.65,24.55,84.64,0.3747,-1,-1,-1
309,81,598.40,459.19,19.84,51.61,0.2981,-1,-1,-1
310,12,1628.07,406.43,129.48,401.61,0.5606,-1,-1,-1
310,25,499.89,455.68,38.92,105.24,0.7235,-1,-1,-1
310,31,380.42,461.08,43.31,114.73,0.6824,-1,-1,-1
310,38,1027.51,396.82,204.80,616.53,0.8304,-1,-1,-1
310,40,790.97,442.75,71.18,211.70,0.8114,-1,-1,-1
310,46,559.61,457.47,20.76,58.26,0.6156,-1,-1,-1
310,51,880.44,418.14,144.27,525.10,0.8388,-1,-1,-1
310,54,418.17,458.99,38.79,109.86,0.4516,-1,-1,-1
310,59,580.47,457.73,20.89,57.39,0.4582,-1,-1,-1
310,60,1191.57,443.16,42.45,104.48,0.8043,-1,-1,-1
310,64,1286.11,425.93,134.50,279.82,0.8747,-1,-1,-1
310,68,733.20,475.82,48.99,111.29,0.7048,-1,-1,-1
310,73,678.86,485.49,50.19,108.03,0.5948,-1,-1,-1
310,75,537.49,453.66,21.17,61.34,0.4504,-1,-1,-1
310,77,1689.01,413.11,223.15,524.59,0.8895,-1,-1,-1
310,78,710.53,481.09,25.13,105.91,0.3144,-1,-1,-1
310,79,-8.15,391.60,136.00,454.69,0.8518,-1,-1,-1
310,80,1163.73,439.05,24.93,85.11,0.4305,-1,-1,-1
310,81,598.80,459.20,18.84,48.42,0.2999,-1,-1,-1
311,12,1640.93,408.76,127.90,402.27,0.5248,-1,-1,-1
311,25,499.10,456.09,39.96,105.12,0.6679,-1,-1,-1
311,31,379.66,461.72,42.73,114.97,0.6487,-1,-1,-1
311,38,1026.49,397.27,211.17,615.45,0.8324,-1,-1,-1
311,40,793.37,443.23,69.02,211.60,0.8196,-1,-1,-1
311,46,558.75,456.74,21.37,58.43,0.6095,-1,-1,-1
311,48,410.12,457.26,45.39,111.70,0.4259,-1,-1,-1
311,51,880.65,419.08,144.33,526.65,0.8335,-1,-1,-1
311,54,418.80,460.57,37.95,109.68,0.3780,-1,-1,-1
311,59,580.40,457.39,20.72,57.20,0.5090,-1,-1,-1
311,60,1193.27,443.14,41.97,104.61,0.7998,-1,-1,-1
311,64,1277.72,425.19,136.72,276.72,0.8649,-1,-1,-1
311,68,731.94,476.66,49.64,111.04,0.7059,-1,-1,-1
311,73,678.86,485.27,50.16,108.48,0.5861,-1,-1,-1
311,75,537.37,453.65,21.34,60.87,0.4149,-1,-1,-1
311,77,1685.26,415.11,230.76,525.69,0.8817,-1,-1,-1
311,79,-7.19,388.12,133.09,463.06,0.8787,-1,-1,-1
311,80,1163.36,439.29,24.67,85.11,0.3826,-1,-1,-1
311,81,597.94,458.83,19.56,49.05,0.4140,-1,-1,-1
312,12,1657.61,425.10,128.57,420.01,0.4852,-1,-1,-1
312,25,498.35,457.02,40.43,104.47,0.6405,-1,-1,-1
312,31,378.69,462.07,42.59,114.98,0.6300,-1,-1,-1
312,38,1025.07,397.08,215.75,615.31,0.8596,-1,-1,-1
312,40,795.52,443.22,67.69,211.44,0.8151,-1,-1,-1
312,46,558.52,457.94,21.37,57.76,0.5499,-1,-1,-1
312,48,410.81,458.80,44.19,111.14,0.5185,-1,-1,-1
312,51,879.62,419.03,144.79,527.71,0.8349,-1,-1,-1
312,59,580.70,460.14,20.51,55.38,0.4840,-1,-1,-1
312,60,1194.11,443.71,41.59,104.39,0.7852,-1,-1,-1
312,64,1268.40,424.50,134.25,273.36,0.8803,-1,-1,-1
312,68,732.14,477.41,49.67,110.39,0.6736,-1,-1,-1
312,73,678.86,484.73,50.39,108.58,0.5880,-1,-1,-1
312,75,537.20,454.74,21.19,60.32,0.4566,-1,-1,-1
312,77,1682.74,416.99,237.30,526.92,0.8277,-1,-1,-1
312,79,-4.65,385.09,133.61,469.28,0.8872,-1,-1,-1
312,80,1163.08,439.27,24.62,85.46,0.3540,-1,-1,-1
312,81,597.82,458.86,19.63,49.27,0.3710,-1,-1,-1
313,12,1667.52,426.89,127.91,431.62,0.7101,-1,-1,-1
313,25,497.77,457.31,40.68,104.31,0.6537,-1,-1,-1
313,31,378.79,462.17,42.31,115.17,0.5685,-1,-1,-1
313,38,1023.18,396.99,219.29,615.43,0.8489,-1,-1,-1
313,40,799.91,443.66,71.10,211.98,0.7394,-1,-1,-1
313,46,558.42,457.95,21.58,57.60,0.5880,-1,-1,-1
313,48,411.05,459.76,43.84,110.47,0.5352,-1,-1,-1
313,51,878.97,418.68,145.73,528.14,0.8282,-1,-1,-1
313,59,580.61,461.09,20.15,54.40,0.5043,-1,-1,-1
313,60,1195.45,444.21,41.52,105.37,0.8012,-1,-1,-1
313,64,1262.49,424.19,128.66,271.15,0.8608,-1,-1,-1
313,68,731.65,478.15,50.09,110.36,0.6594,-1,-1,-1
313,73,679.04,483.46,51.56,108.61,0.5512,-1,-1,-1
313,75,537.17,455.17,20.97,60.00,0.4871,-1,-1,-1
313,77,1715.88,419.70,219.32,523.43,0.6943,-1,-1,-1
313,79,-0.41,383.60,138.90,476.85,0.8943,-1,-1,-1
313,80,1162.83,439.16,24.90,86.07,0.3060,-1,-1,-1
313,81,597.41,458.74,20.05,50.06,0.3711,-1,-1,-1
314,12,1672.81,421.56,130.36,440.39,0.7178,-1,-1,-1
314,25,494.09,457.04,43.07,104.92,0.6977,-1,-1,-1
314,31,379.07,462.30,42.14,115.14,0.6356,-1,-1,-1
314,38,1021.65,396.39,222.73,616.15,0.8454,-1,-1,-1
314,40,804.35,443.36,73.08,213.25,0.8224,-1,-1,-1
314,46,557.97,458.36,21.86,57.35,0.6174,-1,-1,-1
314,51,877.62,418.81,147.44,528.64,0.8236,-1,-1,-1
314,53,1870.36,380.80,51.35,234.07,0.3777,-1,-1,-1
314,54,415.97,458.42,39.55,110.49,0.4622,-1,-1,-1
314,59,580.73,461.14,19.80,53.85,0.4790,-1,-1,-1
314,60,1196.23,444.19,41.62,106.38,0.8016,-1,-1,-1
314,64,1259.05,420.26,120.08,271.32,0.8635,-1,-1,-1
314,68,731.09,478.70,50.49,110.10,0.6471,-1,-1,-1
314,73,678.74,482.72,52.22,108.40,0.5110,-1,-1,-1
314,75,537.52,454.79,20.58,59.74,0.4131,-1,-1,-1
314,77,1739.56,421.34,201.47,519.95,0.7160,-1,-1,-1
314,79,7.72,382.78,145.83,480.55,0.8961,-1,-1,-1
314,80,1162.72,438.58,25.43,86.67,0.3014,-1,-1,-1
314,81,597.87,458.64,19.85,50.29,0.3461,-1,-1,-1
315,12,1685.32,420.17,134.39,448.06,0.4695,-1,-1,-1
315,25,492.87,456.42,44.26,105.25,0.6876,-1,-1,-1
315,31,379.61,462.10,42.17,115.42,0.6292,-1,-1,-1
315,38,1027.11,395.66,222.85,617.56,0.8515,-1,-1,-1
315,40,807.10,442.85,75.08,214.52,0.8193,-1,-1,-1
315,46,557.62,457.78,21.92,57.47,0.5738,-1,-1,-1
315,48,419.15,455.51,40.59,111.49,0.2921,-1,-1,-1
315,49,1418.73,439.90,39.48,106.24,0.6333,-1,-1,-1
315,51,879.90,418.57,147.67,528.82,0.7894,-1,-1,-1
315,54,415.26,458.44,40.40,111.23,0.4445,-1,-1,-1
315,59,581.02,462.00,19.48,52.91,0.4830,-1,-1,-1
315,60,1196.81,444.10,41.96,107.41,0.7669,-1,-1,-1
315,64,1256.89,419.95,109.67,270.38,0.8316,-1,-1,-1
315,68,731.33,478.94,50.40,110.18,0.6951,-1,-1,-1
315,73,678.65,484.16,51.39,108.29,0.6142,-1,-1,-1
315,75,538.26,454.67,20.41,59.35,0.4108,-1,-1,-1
315,77,1757.36,421.55,184.65,517.87,0.7885,-1,-1,-1
315,78,711.18,481.11,23.82,101.74,0.2756,-1,-1,-1
315,79,21.92,382.15,158.26,483.97,0.8800,-1,-1,-1
315,80,1162.73,438.59,25.48,86.36,0.2807,-1,-1,-1
315,81,597.78,457.22,20.25,52.23,0.3941,-1,-1,-1
316,12,1677.76,416.46,153.91,457.69,0.5054,-1,-1,-1
316,25,492.10,456.79,44.65,105.28,0.6333,-1,-1,-1
316,31,379.66,462.22,42.25,115.61,0.6091,-1,-1,-1
316,38,1031.04,395.16,222.41,617.91,0.8618,-1,-1,-1
316,40,807.60,442.32,77.54,215.54,0.8218,-1,-1,-1
316,46,557.47,457.49,22.07,57.56,0.5620,-1,-1,-1
316,47,1692.96,446.41,131.49,370.25,0.3422,-1,-1,-1
316,48,421.47,454.36,38.77,112.00,0.2665,-1,-1,-1
316,49,1423.12,440.42,39.07,106.83,0.6446,-1,-1,-1
316,51,880.81,417.95,148.75,529.15,0.7860,-1,-1,-1
316,53,1871.07,372.98,50.39,193.52,0.3051,-1,-1,-1
316,54,414.84,458.86,40.75,111.26,0.4510,-1,-1,-1
316,59,580.93,462.64,19.15,52.26,0.4714,-1,-1,-1
316,60,1197.44,445.35,41.87,107.22,0.7526,-1,-1,-1
316,64,1257.29,419.87,100.04,269.73,0.8298,-1,-1,-1
316,68,731.39,478.53,50.46,110.09,0.6838,-1,-1,-1
316,73,678.15,485.62,50.52,107.53,0.6401,-1,-1,-1
316,75,538.35,454.49,20.35,59.27,0.4615,-1,-1,-1
316,77,1772.52,421.63,168.79,515.62,0.8764,-1,-1,-1
316,78,711.36,481.68,23.56,100.99,0.3294,-1,-1,-1
316,79,32.20,381.83,178.64,486.44,0.8806,-1,-1,-1
316,81,597.29,456.77,20.76,53.42,0.4136,-1,-1,-1
317,12,1668.06,401.04,163.74,442.41,0.3028,-1,-1,-1
317,25,489.85,456.51,46.01,105.81,0.6598,-1,-1,-1
317,31,379.10,461.65,42.51,115.12,0.6628,-1,-1,-1
317,38,1033.33,395.37,221.94,617.61,0.8618,-1,-1,-1
317,40,807.98,442.40,78.49,216.02,0.8107,-1,-1,-1
317,46,557.65,457.65,21.96,57.43,0.5173,-1,-1,-1
317,47,1704.46,421.64,132.14,381.35,0.7124,-1,-1,-1
317,49,1427.42,439.53,38.64,108.05,0.6934,-1,-1,-1
317,51,881.30,418.49,149.10,529.49,0.7923,-1,-1,-1
317,54,414.29,459.37,40.93,111.44,0.4720,-1,-1,-1
317,59,581.10,463.77,18.78,51.27,0.4434,-1,-1,-1
317,60,1199.06,446.89,41.24,107.29,0.7714,-1,-1,-1
317,64,1256.29,420.48,92.37,268.69,0.8352,-1,-1,-1
317,68,731.66,478.45,50.36,110.11,0.6345,-1,-1,-1
317,73,677.55,484.62,50.82,107.46,0.5242,-1,-1,-1
317,75,538.57,455.26,20.14,58.64,0.4021,-1,-1,-1
317,77,1753.44,417.99,174.47,519.93,0.7315,-1,-1,-1
317,79,37.63,381.97,200.04,487.04,0.8913,-1,-1,-1
317,81,597.31,457.13,20.91,53.67,0.3525,-1,-1,-1
318,25,489.24,456.33,46.91,106.05,0.6566,-1,-1,-1
318,31,379.81,462.12,42.91,115.34,0.6410,-1,-1,-1
318,38,1035.43,396.12,220.44,617.28,0.8540,-1,-1,-1
318,40,807.56,442.39,75.79,215.75,0.7877,-1,-1,-1
318,46,557.92,458.05,21.78,57.20,0.5328,-1,-1,-1
318,47,1711.25,417.34,132.80,397.11,0.7488,-1,-1,-1
318,49,1431.96,437.39,38.37,109.54,0.6479,-1,-1,-1
318,51,879.21,418.37,151.87,529.67,0.7999,-1,-1,-1
318,54,413.86,459.47,41.03,111.38,0.4817,-1,-1,-1
318,59,581.08,465.12,18.50,50.11,0.4794,-1,-1,-1
318,60,1199.79,447.48,40.65,105.83,0.7974,-1,-1,-1
318,64,1253.09,421.06,89.06,267.48,0.8422,-1,-1,-1
318,68,730.01,477.86,50.98,109.79,0.7031,-1,-1,-1
318,73,677.83,484.23,50.73,108.15,0.6151,-1,-1,-1
318,75,537.57,455.87,20.41,58.64,0.4065,-1,-1,-1
318,77,1781.83,419.87,155.67,516.94,0.7441,-1,-1,-1
318,79,40.36,382.87,222.33,487.18,0.9048,-1,-1,-1
318,81,597.19,456.34,21.16,54.56,0.3825,-1,-1,-1
319,25,488.48,456.21,47.33,106.23,0.6624,-1,-1,-1
319,31,379.97,462.20,43.24,115.52,0.6487,-1,-1,-1
319,38,1037.58,397.11,217.98,616.59,0.8558,-1,-1,-1
319,40,813.47,443.01,73.31,215.49,0.8191,-1,-1,-1
319,46,557.63,458.32,21.87,57.08,0.5646,-1,-1,-1
319,47,1717.42,412.80,131.20,408.13,0.8334,-1,-1,-1
319,49,1434.59,437.12,39.34,110.13,0.6473,-1,-1,-1
319,51,878.46,418.35,154.08,529.82,0.7975,-1,-1,-1
319,54,413.85,459.41,40.84,111.20,0.4517,-1,-1,-1
319,59,581.11,465.51,18.25,49.49,0.4785,-1,-1,-1
319,60,1201.38,448.15,39.99,104.44,0.7930,-1,-1,-1
319,64,1246.66,425.68,89.46,264.14,0.8554,-1,-1,-1
319,68,729.76,476.27,51.38,109.96,0.6592,-1,-1,-1
319,73,677.75,484.02,50.27,108.47,0.6343,-1,-1,-1
319,75,537.44,455.92,20.75,58.52,0.4538,-1,-1,-1
319,77,1798.51,420.35,140.24,513.78,0.6839,-1,-1,-1
319,79,40.61,385.87,242.72,485.12,0.9187,-1,-1,-1
319,81,597.09,456.00,21.26,55.02,0.3722,-1,-1,-1
320,25,488.39,455.46,47.80,106.62,0.6775,-1,-1,-1
320,31,380.00,462.11,43.42,115.59,0.6416,-1,-1,-1
320,38,1040.96,397.97,215.47,615.78,0.8607,-1,-1,-1
320,40,815.59,444.23,71.12,214.62,0.7815,-1,-1,-1
320,46,557.95,458.18,21.89,57.13,0.5503,-1,-1,-1
320,47,1721.48,408.96,132.27,418.48,0.8243,-1,-1,-1
320,49,1438.35,436.34,40.22,110.65,0.7548,-1,-1,-1
320,51,877.02,417.88,155.24,529.38,0.7837,-1,-1,-1
320,54,413.93,458.98,40.72,111.32,0.4322,-1,-1,-1
320,59,581.23,465.20,18.09,49.41,0.4612,-1,-1,-1
320,60,1203.99,448.63,38.98,103.41,0.7161,-1,-1,-1
320,64,1239.98,428.75,92.86,261.40,0.8440,-1,-1,-1
320,68,729.53,476.30,51.29,110.66,0.6489,-1,-1,-1
320,73,678.37,483.13,50.75,109.44,0.6292,-1,-1,-1
320,75,537.20,455.84,21.01,58.74,0.4590,-1,-1,-1
320,77,1815.78,422.78,123.81,511.04,0.8443,-1,-1,-1
320,79,37.38,388.70,258.68,482.24,0.9330,-1,-1,-1
320,81,597.06,456.23,21.24,54.89,0.3140,-1,-1,-1
321,25,489.95,455.41,46.36,106.19,0.6719,-1,-1,-1
321,31,380.08,461.96,43.53,115.71,0.6573,-1,-1,-1
321,38,1043.65,399.25,212.88,614.75,0.8625,-1,-1,-1
321,40,818.86,445.63,69.75,213.23,0.7563,-1,-1,-1
321,46,558.95,459.42,21.37,56.31,0.5103,-1,-1,-1
321,47,1727.68,409.88,133.63,429.22,0.8087,-1,-1,-1
321,49,1440.95,437.08,41.46,110.08,0.7345,-1,-1,-1
321,51,878.32,418.27,156.87,529.11,0.7745,-1,-1,-1
321,54,414.53,458.32,40.65,111.86,0.4553,-1,-1,-1
321,57,1146.33,454.74,78.22,182.57,0.2540,-1,-1,-1
321,59,581.10,464.56,18.14,49.80,0.4633,-1,-1,-1
321,60,1207.26,449.95,37.46,103.26,0.6332,-1,-1,-1
321,64,1234.00,429.23,97.20,259.38,0.8381,-1,-1,-1
321,68,730.53,478.76,50.62,113.10,0.6843,-1,-1,-1
321,72,1302.59,428.64,36.37,117.04,0.3288,-1,-1,-1
321,73,678.34,482.79,50.51,109.96,0.6103,-1,-1,-1
321,75,537.78,455.35,20.57,58.72,0.4267,-1,-1,-1
321,77,1829.14,422.24,109.29,506.86,0.7942,-1,-1,-1
321,79,34.07,390.82,270.63,479.25,0.9226,-1,-1,-1
321,81,596.85,456.25,21.35,54.80,0.3044,-1,-1,-1
321,83,1668.35,435.53,43.99,139.68,0.2911,-1,-1,-1
322,25,489.79,455.38,45.74,106.29,0.6449,-1,-1,-1
322,31,380.21,461.76,43.46,115.94,0.6155,-1,-1,-1
322,38,1045.93,398.77,209.94,613.75,0.8685,-1,-1,-1
322,40,822.21,447.14,68.96,211.78,0.7849,-1,-1,-1
322,46,559.59,460.65,21.00,55.31,0.4999,-1,-1,-1
322,47,1734.28,408.15,136.37,438.23,0.8144,-1,-1,-1
322,49,1441.02,437.46,43.73,109.07,0.7208,-1,-1,-1
322,51,877.78,418.48,157.97,529.02,0.7623,-1,-1,-1
322,54,415.54,458.48,40.45,112.22,0.4132,-1,-1,-1
322,59,581.30,462.97,18.43,50.90,0.4417,-1,-1,-1
322,60,1209.21,450.28,37.35,103.08,0.6272,-1,-1,-1
322,64,1230.84,430.06,100.04,258.00,0.8350,-1,-1,-1
322,68,731.29,478.11,49.58,113.29,0.6747,-1,-1,-1
322,72,1302.78,426.56,36.85,118.52,0.3066,-1,-1,-1
322,73,677.83,483.75,49.72,109.90,0.6475,-1,-1,-1
322,75,536.71,455.53,19.99,58.47,0.2729,-1,-1,-1
322,77,1842.79,429.23,94.87,500.75,0.6902,-1,-1,-1
322,78,711.55,483.26,24.73,101.54,0.3252,-1,-1,-1
322,79,31.67,391.13,279.81,475.64,0.9117,-1,-1,-1
322,81,597.10,456.51,21.05,54.18,0.2954,-1,-1,-1
322,83,1668.97,435.96,44.26,139.33,0.3273,-1,-1,-1
323,25,491.16,455.93,44.94,106.10,0.6929,-1,-1,-1
323,31,379.15,461.49,43.93,116.07,0.6499,-1,-1,-1
323,38,1047.86,398.32,207.08,613.35,0.8635,-1,-1,-1
323,40,823.29,447.17,70.04,211.38,0.7673,-1,-1,-1
323,46,559.43,459.93,20.65,55.41,0.4948,-1,-1,-1
323,47,1739.54,403.79,138.24,443.25,0.8442,-1,-1,-1
323,49,1441.33,438.16,46.26,108.44,0.7644,-1,-1,-1
323,51,879.40,419.00,157.94,529.17,0.7683,-1,-1,-1
323,54,414.94,462.56,40.73,109.51,0.4094,-1,-1,-1
323,59,580.91,460.87,18.83,52.74,0.4744,-1,-1,-1
323,60,1210.44,450.14,36.15,102.01,0.6006,-1,-1,-1
323,64,1229.89,432.24,100.39,256.03,0.8103,-1,-1,-1
323,68,731.50,478.78,48.74,115.04,0.6880,-1,-1,-1
323,73,677.63,483.54,49.98,109.12,0.5626,-1,-1,-1
323,75,538.41,455.45,19.80,58.03,0.2783,-1,-1,-1
323,77,1852.46,439.72,83.02,491.72,0.5841,-1,-1,-1
323,79,30.94,391.26,286.81,471.76,0.9121,-1,-1,-1
323,81,597.03,456.37,20.83,54.38,0.2710,-1,-1,-1
323,83,1667.16,434.61,45.00,141.95,0.3499,-1,-1,-1
324,25,491.58,455.87,44.23,106.09,0.6884,-1,-1,-1
324,26,1704.47,431.72,65.29,148.24,0.2672,-1,-1,-1
324,31,379.19,461.68,43.93,116.08,0.6348,-1,-1,-1
324,38,1050.00,397.84,204.44,612.98,0.8699,-1,-1,-1
324,40,824.41,447.01,71.31,210.97,0.7323,-1,-1,-1
324,46,559.52,459.62,20.44,55.56,0.5059,-1,-1,-1
324,47,1748.95,401.07,140.08,445.87,0.7667,-1,-1,-1
324,49,1442.17,439.24,49.63,108.82,0.8158,-1,-1,-1
324,51,880.22,419.16,157.32,529.37,0.7837,-1,-1,-1
324,54,415.13,465.50,40.11,106.94,0.4841,-1,-1,-1
324,59,580.97,460.39,19.10,53.72,0.4890,-1,-1,-1
324,60,1210.85,448.15,33.55,101.04,0.5265,-1,-1,-1
324,64,1225.67,433.12,101.28,254.80,0.8094,-1,-1,-1
324,68,731.89,479.27,48.08,117.35,0.7245,-1,-1,-1
324,73,677.86,483.61,50.19,108.34,0.5201,-1,-1,-1
324,75,538.49,455.24,19.71,58.26,0.4364,-1,-1,-1
324,77,1857.56,436.30,74.68,488.93,0.5432,-1,-1,-1
324,79,32.66,392.12,289.44,467.10,0.9087,-1,-1,-1
324,81,596.87,456.24,20.91,54.38,0.3227,-1,-1,-1
324,83,1667.09,434.16,45.47,142.89,0.3064,-1,-1,-1
325,25,491.72,455.79,43.71,106.10,0.7144,-1,-1,-1
325,31,379.66,461.68,43.82,116.12,0.6318,-1,-1,-1
325,38,1052.53,398.12,202.63,612.01,0.8730,-1,-1,-1
325,40,826.32,446.98,72.59,210.34,0.6896,-1,-1,-1
325,46,559.37,458.91,20.26,55.99,0.5127,-1,-1,-1
325,47,1758.97,399.83,141.19,448.46,0.7575,-1,-1,-1
325,49,1443.80,439.99,51.44,108.67,0.7755,-1,-1,-1
325,51,881.14,419.34,156.98,529.73,0.7898,-1,-1,-1
325,54,415.34,467.05,39.71,105.19,0.4790,-1,-1,-1
325,57,1152.34,437.28,76.77,169.19,0.4620,-1,-1,-1
325,59,581.16,459.70,19.39,54.66,0.5111,-1,-1,-1
325,64,1221.91,432.31,102.33,253.98,0.7846,-1,-1,-1
325,68,732.58,478.97,47.34,118.97,0.7301,-1,-1,-1
325,73,677.73,483.97,49.78,108.28,0.5619,-1,-1,-1
325,75,538.73,454.92,19.77,58.49,0.4941,-1,-1,-1
325,77,1862.30,429.89,67.70,488.77,0.3913,-1,-1,-1
325,78,710.24,482.67,26.28,104.24,0.3405,-1,-1,-1
325,79,37.76,390.86,288.08,461.64,0.8972,-1,-1,-1
325,83,1667.43,435.13,44.07,139.43,0.2945,-1,-1,-1
326,25,491.91,455.55,43.03,106.29,0.7068,-1,-1,-1
326,31,380.07,461.81,44.02,115.24,0.5944,-1,-1,-1
326,38,1054.34,398.01,200.79,611.59,0.8608,-1,-1,-1
326,40,828.43,445.77,74.43,212.13,0.6214,-1,-1,-1
326,46,559.58,458.74,20.16,56.25,0.5154,-1,-1,-1
326,47,1768.19,402.84,144.75,457.25,0.7886,-1,-1,-1
326,49,1444.06,439.70,52.11,108.77,0.7787,-1,-1,-1
326,51,884.20,419.25,154.87,529.43,0.8336,-1,-1,-1
326,54,415.55,467.45,39.84,104.28,0.5178,-1,-1,-1
326,59,581.53,458.79,20.20,55.68,0.4961,-1,-1,-1
326,64,1214.68,431.11,101.44,252.46,0.6026,-1,-1,-1
326,68,732.94,477.69,47.15,118.58,0.7320,-1,-1,-1
326,72,1304.03,425.74,35.54,118.86,0.2854,-1,-1,-1
326,73,677.95,485.26,49.39,107.84,0.6220,-1,-1,-1
326,75,538.96,454.77,19.94,58.71,0.4572,-1,-1,-1
326,77,1862.02,425.61,64.53,491.45,0.4223,-1,-1,-1
326,78,709.18,481.98,27.46,105.54,0.3536,-1,-1,-1
326,79,48.17,391.60,281.90,457.91,0.8946,-1,-1,-1
326,81,597.12,455.81,20.38,52.79,0.2500,-1,-1,-1
326,83,1667.42,434.88,44.15,139.51,0.3387,-1,-1,-1
326,84,1012.43,453.30,28.09,73.35,0.4292,-1,-1,-1
327,25,491.36,455.65,42.11,105.97,0.6709,-1,-1,-1
327,26,1705.74,431.11,70.10,148.74,0.3700,-1,-1,-1
327,31,379.96,461.73,44.17,114.76,0.5364,-1,-1,-1
327,38,1056.17,397.94,198.83,611.62,0.8666,-1,-1,-1
327,40,840.40,429.88,70.46,189.61,0.4818,-1,-1,-1
327,46,558.78,458.84,20.45,56.27,0.4996,-1,-1,-1
327,47,1770.36,401.24,148.14,466.64,0.7740,-1,-1,-1
327,49,1445.22,439.21,53.12,109.20,0.7676,-1,-1,-1
327,51,885.98,419.68,153.41,528.88,0.8391,-1,-1,-1
327,54,415.50,467.38,39.97,103.69,0.4801,-1,-1,-1
327,59,581.34,458.49,20.13,56.10,0.4461,-1,-1,-1
327,64,1202.05,417.54,89.50,239.58,0.4273,-1,-1,-1
327,68,733.18,477.13,47.01,118.36,0.7340,-1,-1,-1
327,72,1304.39,425.57,34.66,117.89,0.2582,-1,-1,-1
327,73,678.59,484.82,49.19,107.99,0.6285,-1,-1,-1
327,75,538.88,454.73,20.11,59.00,0.5000,-1,-1,-1
327,78,708.43,480.85,27.93,106.84,0.3062,-1,-1,-1
327,79,63.28,391.96,271.07,455.24,0.8893,-1,-1,-1
327,83,1667.65,435.13,43.72,137.60,0.3221,-1,-1,-1
327,84,1012.73,452.79,28.68,73.96,0.4267,-1,-1,-1
328,25,491.05,456.06,41.14,105.71,0.6367,-1,-1,-1
328,26,1702.90,431.05,70.66,148.62,0.2959,-1,-1,-1
328,31,380.47,462.07,43.93,114.25,0.6003,-1,-1,-1
328,38,1056.87,397.69,197.96,611.73,0.8726,-1,-1,-1
328,40,849.01,427.87,65.97,175.37,0.5878,-1,-1,-1
328,46,558.15,458.88,20.57,56.27,0.4921,-1,-1,-1
328,47,1770.52,390.52,150.53,465.77,0.8695,-1,-1,-1
328,49,1448.15,439.48,52.43,109.54,0.7286,-1,-1,-1
328,51,888.95,419.71,151.27,528.11,0.8343,-1,-1,-1
328,54,416.13,467.34,40.01,103.57,0.4961,-1,-1,-1
328,57,1160.63,421.25,75.04,170.54,0.2781,-1,-1,-1
328,59,581.05,459.41,19.88,55.71,0.3969,-1,-1,-1
328,64,1199.73,426.15,88.89,238.21,0.4136,-1,-1,-1
328,68,733.32,477.14,46.88,117.99,0.7352,-1,-1,-1
328,73,678.67,485.50,48.61,107.70,0.6356,-1,-1,-1
328,75,538.55,454.75,20.18,59.16,0.5450,-1,-1,-1
328,78,708.45,481.44,28.10,106.88,0.3181,-1,-1,-1
328,79,82.91,389.22,255.86,451.66,0.8877,-1,-1,-1
328,83,1667.21,436.08,43.25,135.56,0.3403,-1,-1,-1
328,84,1012.91,453.00,28.56,73.58,0.4181,-1,-1,-1
329,25,489.98,455.70,41.49,106.00,0.6152,-1,-1,-1
329,26,1700.48,431.00,75.52,149.61,0.3136,-1,-1,-1
329,31,379.65,462.27,44.44,113.79,0.4658,-1,-1,-1
329,38,1057.04,397.47,197.23,612.13,0.8926,-1,-1,-1
329,40,855.61,430.66,62.83,164.00,0.5317,-1,-1,-1
329,46,558.27,458.84,20.51,56.32,0.5204,-1,-1,-1
329,47,1771.14,387.07,151.51,466.33,0.8644,-1,-1,-1
329,49,1451.68,439.43,50.64,109.18,0.7064,-1,-1,-1
329,51,891.43,419.18,149.39,527.15,0.8380,-1,-1,-1
329,54,415.94,467.11,39.92,103.38,0.5046,-1,-1,-1
329,59,580.87,460.48,19.47,54.99,0.3615,-1,-1,-1
329,64,1192.17,415.46,80.55,225.32,0.3958,-1,-1,-1
329,68,733.24,478.29,46.84,118.67,0.7280,-1,-1,-1
329,72,1304.51,423.81,34.33,119.03,0.2655,-1,-1,-1
329,73,678.74,486.37,48.19,107.35,0.5964,-1,-1,-1
329,75,538.39,454.96,19.98,59.13,0.4842,-1,-1,-1
329,78,708.86,481.86,27.84,106.38,0.4370,-1,-1,-1
329,79,101.12,387.69,240.05,448.09,0.8795,-1,-1,-1
329,83,1666.70,435.99,42.83,134.82,0.2886,-1,-1,-1
329,84,1012.77,453.35,28.51,73.80,0.4002,-1,-1,-1
330,25,489.76,455.43,41.20,105.66,0.5085,-1,-1,-1
330,31,379.82,462.61,44.20,114.61,0.3249,-1,-1,-1
330,38,1057.42,397.11,196.33,612.45,0.9024,-1,-1,-1
330,40,860.49,432.40,59.48,155.72,0.6027,-1,-1,-1
330,46,558.45,459.13,20.46,56.14,0.5534,-1,-1,-1
330,47,1771.88,387.20,151.62,467.84,0.8240,-1,-1,-1
330,49,1454.80,439.30,48.22,108.76,0.7054,-1,-1,-1
330,51,892.73,419.37,146.91,526.69,0.8232,-1,-1,-1
330,54,415.92,466.83,39.40,103.20,0.5027,-1,-1,-1
330,57,1168.35,423.88,79.52,174.49,0.2927,-1,-1,-1
330,59,580.63,461.37,19.26,54.12,0.3599,-1,-1,-1
330,60,1205.26,433.41,43.63,115.52,0.3811,-1,-1,-1
330,68,733.39,478.73,46.88,118.63,0.7240,-1,-1,-1
330,72,1304.59,423.70,34.15,119.17,0.3213,-1,-1,-1
330,73,677.81,486.03,48.05,105.99,0.5779,-1,-1,-1
330,75,538.36,456.05,19.89,58.48,0.4974,-1,-1,-1
330,78,709.30,482.63,27.60,105.78,0.4046,-1,-1,-1
330,79,124.10,387.45,220.12,445.39,0.8666,-1,-1,-1
330,83,1666.27,435.86,42.27,134.10,0.2913,-1,-1,-1
330,84,1013.39,453.99,27.74,73.28,0.4096,-1,-1,-1
331,12,1766.02,388.79,156.46,456.03,0.8653,-1,-1,-1
331,25,489.76,454.26,40.73,104.16,0.3875,-1,-1,-1
331,31,380.06,462.29,44.00,115.50,0.4172,-1,-1,-1
331,38,1057.82,397.61,195.85,612.52,0.9006,-1,-1,-1
331,40,863.69,431.86,57.80,148.75,0.6472,-1,-1,-1
331,46,558.04,458.71,20.72,56.40,0.5325,-1,-1,-1
331,49,1459.21,438.64,45.18,108.50,0.7541,-1,-1,-1
331,51,895.28,419.29,146.25,525.60,0.8255,-1,-1,-1
331,54,416.47,466.44,38.99,103.20,0.4674,-1,-1,-1
331,57,1172.57,423.52,81.49,178.98,0.3407,-1,-1,-1
331,59,580.58,460.48,19.23,54.39,0.3803,-1,-1,-1
331,68,733.45,479.16,46.95,118.71,0.7153,-1,-1,-1
331,73,677.64,485.43,48.15,105.12,0.5283,-1,-1,-1
331,74,632.36,460.88,23.78,61.69,0.2840,-1,-1,-1
331,75,538.42,456.11,20.00,58.21,0.5053,-1,-1,-1
331,78,708.98,482.83,27.83,105.34,0.3938,-1,-1,-1
331,79,148.75,389.04,198.48,443.03,0.8571,-1,-1,-1
331,83,1666.79,436.04,41.75,133.61,0.2871,-1,-1,-1
331,84,1014.31,454.65,26.68,72.42,0.3978,-1,-1,-1
332,12,1769.74,396.83,153.64,451.83,0.8453,-1,-1,-1
332,25,489.71,454.29,40.38,102.98,0.3961,-1,-1,-1
332,26,1703.50,430.23,76.55,150.52,0.4022,-1,-1,-1
332,31,380.51,462.74,43.85,115.72,0.4291,-1,-1,-1
332,38,1058.38,397.92,195.58,612.34,0.8875,-1,-1,-1
332,40,866.65,433.26,56.78,142.46,0.5573,-1,-1,-1
332,46,557.83,458.94,21.00,56.38,0.5725,-1,-1,-1
332,48,425.21,453.24,54.65,111.98,0.2644,-1,-1,-1
332,49,1462.60,438.17,43.16,108.47,0.7003,-1,-1,-1
332,51,897.57,419.13,146.42,525.19,0.8426,-1,-1,-1
332,54,417.12,464.68,39.65,103.86,0.4667,-1,-1,-1
332,57,1172.12,423.37,85.40,181.75,0.3042,-1,-1,-1
332,59,579.79,458.08,19.42,55.68,0.3752,-1,-1,-1
332,68,733.64,477.50,47.53,116.45,0.5962,-1,-1,-1
332,73,679.10,484.81,49.75,104.05,0.4892,-1,-1,-1
332,74,632.30,460.46,23.36,62.76,0.3333,-1,-1,-1
332,75,538.59,456.43,20.30,58.01,0.5194,-1,-1,-1
332,78,708.97,482.97,28.37,105.17,0.4212,-1,-1,-1
332,79,176.53,390.48,180.63,440.57,0.8500,-1,-1,-1
332,81,596.52,455.21,19.59,53.93,0.3039,-1,-1,-1
332,83,1668.23,435.28,44.55,137.27,0.3728,-1,-1,-1
332,84,1014.76,455.99,26.25,71.52,0.3628,-1,-1,-1
333,12,1771.72,397.99,152.25,452.60,0.7576,-1,-1,-1
333,25,489.73,454.33,40.78,102.40,0.4196,-1,-1,-1
333,31,381.42,461.87,43.91,115.03,0.6331,-1,-1,-1
333,38,1059.24,399.02,195.13,611.68,0.8876,-1,-1,-1
333,40,869.98,433.66,56.48,138.47,0.6016,-1,-1,-1
333,46,558.63,459.29,20.72,56.08,0.6242,-1,-1,-1
333,49,1467.75,438.50,43.35,108.00,0.6355,-1,-1,-1
333,51,896.61,419.66,146.20,524.93,0.8181,-1,-1,-1
333,54,417.98,464.95,39.09,103.30,0.3983,-1,-1,-1
333,57,1181.64,439.52,83.40,172.34,0.2868,-1,-1,-1
333,59,580.16,457.50,19.29,56.05,0.3259,-1,-1,-1
333,68,733.44,477.07,47.91,114.70,0.5616,-1,-1,-1
333,73,679.19,486.57,49.01,104.58,0.6281,-1,-1,-1
333,74,634.12,460.49,22.61,63.56,0.2502,-1,-1,-1
333,75,539.66,457.00,20.19,57.33,0.4532,-1,-1,-1
333,78,709.51,483.13,28.29,104.72,0.4513,-1,-1,-1
333,79,199.10,391.45,168.97,439.03,0.8004,-1,-1,-1
333,83,1670.53,435.55,44.78,137.40,0.2552,-1,-1,-1
333,84,1014.18,454.19,27.40,73.51,0.3981,-1,-1,-1
333,85,1.98,454.81,108.53,333.58,0.5196,-1,-1,-1
334,12,1774.14,395.19,150.36,454.42,0.7227,-1,-1,-1
334,25,490.48,455.19,40.16,102.77,0.5157,-1,-1,-1
334,31,381.65,462.25,44.05,114.57,0.6379,-1,-1,-1
334,38,1060.25,399.12,194.49,611.22,0.8936,-1,-1,-1
334,40,872.73,434.95,55.92,136.38,0.6239,-1,-1,-1
334,46,559.17,459.35,20.31,55.83,0.5667,-1,-1,-1
334,49,1471.77,438.81,42.23,107.36,0.5619,-1,-1,-1
334,51,895.11,419.56,145.93,524.70,0.8149,-1,-1,-1
334,54,419.70,466.09,38.41,102.32,0.3667,-1,-1,-1
334,59,580.14,456.53,19.48,56.71,0.3444,-1,-1,-1
334,60,1221.94,442.60,39.14,106.73,0.5106,-1,-1,-1
334,68,733.41,477.61,48.28,113.16,0.5870,-1,-1,-1
334,72,1305.92,424.12,34.49,119.10,0.2525,-1,-1,-1
334,73,679.24,486.82,48.42,105.11,0.6120,-1,-1,-1
334,75,539.61,457.64,20.35,56.63,0.3804,-1,-1,-1
334,78,709.59,483.25,28.38,104.47,0.4535,-1,-1,-1
334,79,214.33,391.83,164.11,437.89,0.8524,-1,-1,-1
334,83,1669.87,435.53,45.86,140.00,0.3217,-1,-1,-1
334,84,1012.89,453.78,28.23,74.23,0.3407,-1,-1,-1
334,85,3.51,427.52,125.72,363.25,0.8119,-1,-1,-1
335,12,1778.43,393.86,147.09,456.39,0.7296,-1,-1,-1
335,25,490.43,454.38,39.72,101.52,0.3904,-1,-1,-1
335,31,381.39,461.51,43.69,114.64,0.6957,-1,-1,-1
335,38,1061.01,399.82,194.50,610.78,0.8930,-1,-1,-1
335,40,874.51,435.99,55.58,133.96,0.6266,-1,-1,-1
335,46,559.52,459.56,20.18,55.65,0.5880,-1,-1,-1
335,49,1474.29,438.71,41.58,107.99,0.6857,-1,-1,-1
335,51,895.92,419.74,145.39,524.27,0.8222,-1,-1,-1
335,54,417.92,465.20,38.14,102.68,0.3495,-1,-1,-1
335,59,579.58,456.10,19.71,57.37,0.3274,-1,-1,-1
335,60,1224.36,443.21,39.69,96.59,0.3627,-1,-1,-1
335,68,732.42,478.73,48.67,113.54,0.6410,-1,-1,-1
335,70,1824.03,481.25,51.93,155.65,0.4099,-1,-1,-1
335,73,679.66,487.04,47.80,105.32,0.5826,-1,-1,-1
335,75,539.01,458.08,20.58,56.00,0.3476,-1,-1,-1
335,78,709.83,482.98,27.99,104.62,0.3197,-1,-1,-1
335,79,226.62,392.73,162.66,436.65,0.8586,-1,-1,-1
335,83,1669.94,434.96,45.69,140.24,0.3017,-1,-1,-1
335,84,1012.60,454.42,28.74,73.35,0.3310,-1,-1,-1
335,85,3.68,420.26,136.97,373.41,0.7389,-1,-1,-1
336,12,1785.31,394.80,141.88,457.85,0.2790,-1,-1,-1
336,25,489.71,453.19,39.01,99.05,0.4445,-1,-1,-1
336,26,1702.91,430.60,78.99,150.60,0.2915,-1,-1,-1
336,31,381.01,462.18,43.85,114.43,0.6010,-1,-1,-1
336,38,1061.06,399.75,194.51,610.93,0.8849,-1,-1,-1
336,40,877.38,436.41,54.68,131.85,0.4832,-1,-1,-1
336,46,559.33,459.49,20.19,55.50,0.5315,-1,-1,-1
336,49,1475.92,439.97,40.92,107.92,0.6997,-1,-1,-1
336,51,897.40,419.54,146.60,523.50,0.8506,-1,-1,-1
336,54,417.68,462.19,39.42,105.62,0.4330,-1,-1,-1
336,59,579.32,456.70,19.78,57.37,0.3096,-1,-1,-1
336,60,1226.29,443.41,39.87,90.37,0.4617,-1,-1,-1
336,68,730.94,478.65,49.44,112.53,0.5913,-1,-1,-1
336,73,679.43,486.51,48.08,105.76,0.6662,-1,-1,-1
336,75,539.46,458.32,20.44,55.69,0.4209,-1,-1,-1
336,79,236.99,393.07,163.81,436.37,0.8804,-1,-1,-1
336,81,596.88,455.64,20.05,54.46,0.3765,-1,-1,-1
336,84,1012.81,455.57,28.22,72.06,0.2990,-1,-1,-1
336,85,2.52,421.92,143.56,374.18,0.8268,-1,-1,-1
337,12,1794.08,394.73,134.90,458.45,0.3676,-1,-1,-1
337,25,489.39,453.07,38.33,96.46,0.4299,-1,-1,-1
337,26,1703.83,430.31,78.17,150.86,0.3629,-1,-1,-1
337,31,379.81,462.78,44.37,114.30,0.6196,-1,-1,-1
337,38,1060.84,400.62,194.53,610.49,0.8868,-1,-1,-1
337,40,879.28,437.59,53.95,130.24,0.5907,-1,-1,-1
337,46,558.23,458.92,20.57,55.79,0.5080,-1,-1,-1
337,49,1477.71,440.31,40.10,107.62,0.5432,-1,-1,-1
337,51,898.34,419.99,147.25,523.02,0.8503,-1,-1,-1
337,54,416.82,461.11,39.81,107.20,0.3628,-1,-1,-1
337,59,578.01,457.14,20.16,57.24,0.5241,-1,-1,-1
337,60,1228.40,443.93,39.93,85.63,0.3300,-1,-1,-1
337,68,729.78,478.30,49.23,111.35,0.6157,-1,-1,-1
337,73,678.75,485.89,48.66,106.02,0.6698,-1,-1,-1
337,74,631.84,460.27,22.21,64.14,0.3206,-1,-1,-1
337,75,539.37,458.32,20.03,55.81,0.3625,-1,-1,-1
337,78,709.54,487.68,27.19,99.98,0.2921,-1,-1,-1
337,79,245.85,393.92,169.62,435.94,0.9061,-1,-1,-1
337,81,596.05,455.12,20.50,55.58,0.3728,-1,-1,-1
337,84,1012.25,456.83,27.99,71.14,0.3067,-1,-1,-1
337,85,1.76,423.66,148.86,373.42,0.8782,-1,-1,-1
338,12,1807.00,391.37,124.83,458.38,0.3765,-1,-1,-1
338,25,489.57,453.83,37.95,96.09,0.4758,-1,-1,-1
338,26,1703.97,430.23,77.61,151.19,0.3137,-1,-1,-1
338,31,378.86,462.33,44.49,114.36,0.6409,-1,-1,-1
338,38,1061.04,400.84,196.10,610.54,0.8752,-1,-1,-1
338,40,880.61,438.56,53.21,129.17,0.6383,-1,-1,-1
338,46,557.67,458.86,20.98,55.98,0.5730,-1,-1,-1
338,48,427.22,453.63,53.38,112.44,0.2549,-1,-1,-1
338,49,1480.63,439.64,40.25,107.69,0.5854,-1,-1,-1
338,51,899.06,420.38,147.70,522.41,0.8615,-1,-1,-1
338,54,416.14,459.61,40.55,108.78,0.3603,-1,-1,-1
338,59,578.35,456.06,20.37,57.84,0.4500,-1,-1,-1
338,68,729.28,478.68,48.78,111.24,0.6290,-1,-1,-1
338,73,678.45,485.60,48.96,106.03,0.6785,-1,-1,-1
338,74,631.57,459.22,21.54,64.45,0.3216,-1,-1,-1
338,75,539.69,457.93,20.02,55.81,0.3453,-1,-1,-1
338,79,250.67,395.35,178.02,434.84,0.8732,-1,-1,-1
338,81,596.16,454.79,20.63,55.93,0.4174,-1,-1,-1
338,84,1011.87,456.81,27.98,70.66,0.3510,-1,-1,-1
338,85,0.56,425.85,151.72,370.44,0.8932,-1,-1,-1
339,25,488.99,454.39,36.78,95.47,0.4197,-1,-1,-1
339,26,1703.24,430.10,78.13,151.61,0.3513,-1,-1,-1
339,31,378.50,462.21,44.63,114.37,0.6813,-1,-1,-1
339,38,1061.73,400.85,196.57,610.45,0.8712,-1,-1,-1
339,40,883.06,439.49,51.79,128.47,0.5247,-1,-1,-1
339,46,557.66,459.22,21.29,55.94,0.5848,-1,-1,-1
339,48,425.75,454.45,49.71,112.41,0.2893,-1,-1,-1
339,49,1484.03,439.86,43.40,108.02,0.5778,-1,-1,-1
339,51,900.07,420.67,147.84,522.29,0.8496,-1,-1,-1
339,54,418.07,459.08,39.85,109.92,0.3922,-1,-1,-1
339,59,578.55,455.79,20.21,57.96,0.4163,-1,-1,-1
339,60,1233.54,442.63,39.10,79.84,0.3123,-1,-1,-1
339,68,729.68,479.35,48.60,111.41,0.7124,-1,-1,-1
339,73,678.50,484.79,49.78,106.62,0.7090,-1,-1,-1
339,74,631.59,458.71,21.24,64.56,0.3236,-1,-1,-1
339,75,540.33,458.21,19.72,55.57,0.3059,-1,-1,-1
339,78,709.31,487.17,26.97,100.10,0.2838,-1,-1,-1
339,79,249.29,396.78,181.15,433.12,0.8805,-1,-1,-1
339,81,596.11,454.66,20.66,55.83,0.3913,-1,-1,-1
339,83,1667.17,435.10,45.91,139.05,0.3113,-1,-1,-1
339,84,1011.17,455.88,28.28,70.98,0.2646,-1,-1,-1
339,85,-0.46,427.63,153.29,367.54,0.8987,-1,-1,-1
340,25,488.21,454.24,35.22,94.08,0.4252,-1,-1,-1
340,31,378.38,461.99,44.77,114.36,0.5930,-1,-1,-1
340,38,1063.58,400.31,197.04,611.08,0.8895,-1,-1,-1
340,40,885.22,439.89,50.94,126.40,0.5268,-1,-1,-1
340,46,557.95,459.14,21.36,55.90,0.5698,-1,-1,-1
340,48,426.32,454.44,49.24,113.03,0.3217,-1,-1,-1
340,49,1485.84,439.54,45.51,107.89,0.6696,-1,-1,-1
340,51,900.00,420.98,147.60,521.92,0.8492,-1,-1,-1
340,54,421.53,457.72,39.72,110.94,0.4106,-1,-1,-1
340,59,578.63,455.89,20.12,57.92,0.4410,-1,-1,-1
340,60,1235.50,443.47,39.19,77.28,0.3367,-1,-1,-1
340,68,729.90,480.13,48.34,112.15,0.6932,-1,-1,-1
340,70,1840.57,478.36,62.57,171.17,0.2816,-1,-1,-1
340,73,678.73,484.49,50.38,106.88,0.6896,-1,-1,-1
340,74,631.75,458.70,20.81,64.46,0.2866,-1,-1,-1
340,79,252.22,397.61,189.95,431.42,0.8572,-1,-1,-1
340,81,596.33,454.85,20.42,55.75,0.3993,-1,-1,-1
340,83,1666.85,435.68,45.87,138.61,0.3314,-1,-1,-1
340,85,-1.14,428.27,154.32,365.77,0.8932,-1,-1,-1
341,25,489.20,453.89,35.02,92.51,0.3887,-1,-1,-1
341,26,1704.27,429.64,78.00,151.87,0.4933,-1,-1,-1
341,31,379.41,462.34,45.78,113.84,0.5407,-1,-1,-1
341,38,1064.39,399.39,197.28,611.84,0.8703,-1,-1,-1
341,40,887.37,440.36,50.55,124.86,0.4747,-1,-1,-1
341,46,558.38,459.41,21.03,55.36,0.5598,-1,-1,-1
341,49,1487.24,438.68,47.94,108.26,0.5764,-1,-1,-1
341,51,900.84,421.10,146.42,521.58,0.8361,-1,-1,-1
341,54,419.85,458.52,39.01,111.87,0.2680,-1,-1,-1
341,59,578.45,457.03,20.16,57.28,0.4205,-1,-1,-1
341,60,1237.13,443.72,39.40,75.56,0.3166,-1,-1,-1
341,68,730.33,480.04,48.09,113.36,0.7074,-1,-1,-1
341,70,1844.64,477.07,64.41,174.47,0.3143,-1,-1,-1
341,73,678.73,484.77,50.86,106.80,0.6665,-1,-1,-1
341,74,632.08,457.74,20.70,63.96,0.2927,-1,-1,-1
341,78,709.73,486.81,26.44,100.32,0.3382,-1,-1,-1
341,79,252.79,404.03,198.32,426.29,0.8900,-1,-1,-1
341,81,596.31,455.26,20.20,55.59,0.4567,-1,-1,-1
341,84,1010.69,456.38,28.26,70.83,0.2504,-1,-1,-1
341,85,-1.14,429.13,155.34,365.81,0.8199,-1,-1,-1
342,25,490.24,454.28,35.67,91.79,0.3420,-1,-1,-1
342,26,1704.44,429.52,78.32,151.96,0.4240,-1,-1,-1
342,31,379.46,462.85,46.47,113.81,0.5330,-1,-1,-1
342,38,1064.81,398.41,198.18,612.27,0.8753,-1,-1,-1
342,40,889.14,440.67,49.94,123.88,0.3472,-1,-1,-1
342,46,559.06,459.44,20.63,55.08,0.5518,-1,-1,-1
342,49,1487.81,439.20,49.97,107.91,0.4534,-1,-1,-1
342,51,899.32,421.57,145.58,521.44,0.8318,-1,-1,-1
342,54,418.28,459.98,39.03,111.91,0.3214,-1,-1,-1
342,59,578.80,459.41,19.92,55.75,0.3855,-1,-1,-1
342,60,1237.91,444.97,38.21,75.55,0.2853,-1,-1,-1
342,68,730.14,478.59,47.79,113.08,0.6053,-1,-1,-1
342,70,1843.84,477.78,64.05,175.34,0.3305,-1,-1,-1
342,73,678.81,485.34,50.75,106.34,0.6483,-1,-1,-1
342,78,708.69,484.25,26.89,101.85,0.3357,-1,-1,-1
342,79,251.81,402.59,205.67,426.18,0.9032,-1,-1,-1
342,81,596.33,455.25,20.05,55.06,0.3670,-1,-1,-1
342,83,1668.85,435.68,46.61,137.41,0.3539,-1,-1,-1
342,85,-0.64,428.83,156.15,365.04,0.8337,-1,-1,-1
343,25,491.33,454.09,36.20,91.25,0.3245,-1,-1,-1
343,26,1704.18,429.57,78.91,152.08,0.3741,-1,-1,-1
343,31,378.27,462.64,45.96,113.53,0.4572,-1,-1,-1
343,38,1065.97,397.77,198.70,612.93,0.8679,-1,-1,-1
343,46,559.46,460.03,20.25,54.78,0.5416,-1,-1,-1
343,49,1487.68,440.26,52.31,107.48,0.4116,-1,-1,-1
343,51,897.17,421.86,144.75,520.98,0.8145,-1,-1,-1
343,59,578.81,458.52,19.79,55.86,0.3227,-1,-1,-1
343,60,1240.27,445.68,36.89,75.40,0.3149,-1,-1,-1
343,68,731.38,477.63,47.95,113.15,0.6236,-1,-1,-1
343,70,1842.97,477.88,64.53,176.02,0.4101,-1,-1,-1
343,73,677.99,485.76,50.80,106.05,0.6513,-1,-1,-1
343,74,632.42,457.78,21.00,64.20,0.3380,-1,-1,-1
343,78,708.84,484.41,26.76,99.92,0.2698,-1,-1,-1
343,79,251.22,401.69,210.65,425.70,0.8984,-1,-1,-1
343,81,596.85,455.45,20.03,53.84,0.3378,-1,-1,-1
343,85,-1.24,429.06,156.84,365.02,0.8667,-1,-1,-1
343,86,660.33,461.38,25.83,71.50,0.3071,-1,-1,-1
344,25,491.71,454.46,36.65,90.97,0.3409,-1,-1,-1
344,26,1703.87,429.65,79.18,151.96,0.3766,-1,-1,-1
344,31,379.40,462.51,45.04,113.53,0.4488,-1,-1,-1
344,38,1066.15,397.76,198.39,613.14,0.8582,-1,-1,-1
344,46,559.56,460.47,20.04,54.45,0.5578,-1,-1,-1
344,49,1488.55,435.25,53.59,110.24,0.3510,-1,-1,-1
344,51,896.40,421.95,145.99,520.06,0.8240,-1,-1,-1
344,59,578.97,458.23,19.88,55.91,0.3712,-1,-1,-1
344,68,731.90,478.66,48.45,114.32,0.6399,-1,-1,-1
344,70,1843.36,477.61,64.62,176.81,0.3233,-1,-1,-1
344,73,677.44,485.76,51.24,105.98,0.6567,-1,-1,-1
344,74,632.46,457.19,21.30,63.71,0.3159,-1,-1,-1
344,79,250.66,401.57,213.75,424.68,0.8966,-1,-1,-1
344,81,597.18,455.45,19.96,52.31,0.3705,-1,-1,-1
344,83,1668.95,436.10,45.91,136.26,0.3127,-1,-1,-1
344,85,-1.76,429.59,157.05,365.38,0.9023,-1,-1,-1
344,86,660.25,461.41,25.78,71.82,0.3574,-1,-1,-1
345,25,491.63,454.05,36.67,89.82,0.3519,-1,-1,-1
345,38,1066.83,398.20,197.87,613.37,0.8697,-1,-1,-1
345,46,559.89,460.34,19.92,54.14,0.5818,-1,-1,-1
345,49,1494.54,436.39,50.51,109.75,0.5281,-1,-1,-1
345,51,900.15,422.89,145.51,520.48,0.8231,-1,-1,-1
345,54,416.09,456.93,40.75,113.63,0.2918,-1,-1,-1
345,59,579.61,457.25,20.21,56.23,0.3438,-1,-1,-1
345,60,1243.73,445.95,35.44,73.19,0.2767,-1,-1,-1
345,68,732.59,478.50,48.60,114.28,0.6541,-1,-1,-1
345,70,1842.90,477.56,65.03,177.35,0.3236,-1,-1,-1
345,73,676.88,485.49,51.18,106.37,0.6550,-1,-1,-1
345,75,541.43,459.81,18.80,53.76,0.2640,-1,-1,-1
345,79,252.77,401.47,214.15,422.23,0.8873,-1,-1,-1
345,81,597.28,455.80,20.09,51.47,0.3556,-1,-1,-1
345,83,1670.05,435.84,46.31,136.64,0.2720,-1,-1,-1
345,85,6.93,429.08,151.89,364.00,0.8578,-1,-1,-1
345,86,660.49,461.10,25.48,68.84,0.2747,-1,-1,-1
346,25,491.73,454.10,36.94,88.99,0.3623,-1,-1,-1
346,38,1067.42,398.51,198.12,613.47,0.8699,-1,-1,-1
346,40,900.82,438.65,48.90,122.84,0.2650,-1,-1,-1
346,46,559.97,460.78,20.02,53.75,0.5981,-1,-1,-1
346,49,1496.79,435.64,48.74,110.22,0.2826,-1,-1,-1
346,51,902.06,423.23,143.64,520.83,0.8168,-1,-1,-1
346,59,580.21,456.94,20.28,56.26,0.3638,-1,-1,-1
346,60,1243.98,447.84,33.65,73.75,0.3139,-1,-1,-1
346,68,733.51,478.52,48.55,114.46,0.6612,-1,-1,-1
346,70,1842.67,476.47,65.50,178.22,0.2820,-1,-1,-1
346,73,676.68,484.79,51.39,107.41,0.6306,-1,-1,-1
346,74,632.35,459.06,21.05,64.37,0.2883,-1,-1,-1
346,75,541.08,460.47,19.01,53.16,0.2540,-1,-1,-1
346,79,258.09,401.55,211.68,418.98,0.8900,-1,-1,-1
346,81,597.51,456.00,19.99,51.38,0.3970,-1,-1,-1
346,85,25.05,429.51,139.93,360.06,0.8230,-1,-1,-1
347,25,490.84,454.03,36.15,88.36,0.3278,-1,-1,-1
347,38,1069.14,398.28,199.07,613.55,0.8600,-1,-1,-1
347,46,559.94,459.53,20.21,54.40,0.6126,-1,-1,-1
347,49,1497.66,437.92,47.53,108.84,0.4040,-1,-1,-1
347,51,904.01,423.31,143.98,520.79,0.8407,-1,-1,-1
347,54,416.54,455.12,41.47,114.93,0.2915,-1,-1,-1
347,59,581.25,458.96,20.15,54.76,0.3811,-1,-1,-1
347,60,1244.74,447.21,32.15,72.26,0.2653,-1,-1,-1
347,68,734.05,478.53,48.32,114.37,0.6536,-1,-1,-1
347,70,1842.22,475.18,66.07,179.17,0.3103,-1,-1,-1
347,73,676.43,484.70,51.36,108.14,0.6496,-1,-1,-1
347,74,632.79,459.94,21.26,64.80,0.3022,-1,-1,-1
347,79,266.76,399.82,206.02,418.44,0.8856,-1,-1,-1
347,81,597.54,456.30,20.02,51.42,0.3866,-1,-1,-1
347,83,1670.26,435.59,46.40,136.76,0.2703,-1,-1,-1
347,85,42.60,429.90,131.06,356.99,0.8028,-1,-1,-1
348,25,489.24,453.08,35.41,85.91,0.3599,-1,-1,-1
348,38,1069.42,397.34,199.18,614.08,0.8645,-1,-1,-1
348,46,559.72,458.94,20.30,54.84,0.6176,-1,-1,-1
348,49,1501.31,435.87,45.89,108.98,0.5295,-1,-1,-1
348,51,903.44,422.24,144.68,519.99,0.8429,-1,-1,-1
348,54,420.21,456.53,39.75,114.41,0.3614,-1,-1,-1
348,59,581.33,456.48,20.33,55.64,0.3242,-1,-1,-1
348,60,1245.49,449.48,31.98,74.31,0.3392,-1,-1,-1
348,68,734.29,479.03,48.37,115.99,0.4328,-1,-1,-1
348,73,675.60,484.54,51.28,107.64,0.5931,-1,-1,-1
348,74,633.17,460.78,21.96,64.93,0.3533,-1,-1,-1
348,79,279.00,396.89,197.25,416.93,0.8853,-1,-1,-1
348,81,597.71,456.34,19.64,51.98,0.4687,-1,-1,-1
348,85,53.86,431.03,126.19,355.69,0.7976,-1,-1,-1
349,25,488.29,453.66,33.98,84.38,0.3798,-1,-1,-1
349,38,1070.66,396.70,200.83,615.75,0.8705,-1,-1,-1
349,46,559.53,458.43,20.25,55.08,0.5910,-1,-1,-1
349,49,1507.18,434.48,43.02,109.48,0.4812,-1,-1,-1
349,51,904.09,421.87,147.03,519.45,0.8377,-1,-1,-1
349,54,419.64,459.62,39.37,113.29,0.2802,-1,-1,-1
349,68,732.96,476.73,48.60,115.83,0.3903,-1,-1,-1
349,70,1838.86,473.75,68.88,179.66,0.2846,-1,-1,-1
349,73,675.81,483.68,51.85,106.71,0.5484,-1,-1,-1
349,74,632.83,461.59,22.36,64.75,0.4130,-1,-1,-1
349,79,292.11,395.49,186.72,414.36,0.8730,-1,-1,-1
349,81,597.54,456.36,19.54,52.71,0.4596,-1,-1,-1
349,85,67.24,431.03,126.31,355.46,0.8384,-1,-1,-1
350,25,487.47,453.96,32.49,82.82,0.3698,-1,-1,-1
350,38,1067.31,395.82,201.94,616.52,0.8893,-1,-1,-1
350,46,559.52,457.81,20.16,55.39,0.5769,-1,-1,-1
350,49,1509.79,433.82,41.15,109.58,0.4824,-1,-1,-1
350,51,904.17,421.56,148.59,518.79,0.8520,-1,-1,-1
350,54,419.93,459.42,39.89,113.19,0.3013,-1,-1,-1
350,68,732.36,478.24,48.84,117.87,0.6044,-1,-1,-1
350,70,1838.63,472.87,69.58,180.15,0.2812,-1,-1,-1
350,73,675.31,483.26,53.31,106.29,0.5702,-1,-1,-1
350,74,632.21,462.26,22.67,63.64,0.4029,-1,-1,-1
350,79,309.01,394.91,173.30,412.27,0.8429,-1,-1,-1
350,81,597.02,456.26,19.52,53.47,0.4257,-1,-1,-1
350,85,79.10,430.95,129.80,354.31,0.8689,-1,-1,-1
351,25,486.99,453.99,31.32,82.70,0.4181,-1,-1,-1
351,38,1064.06,395.95,204.20,616.80,0.8945,-1,-1,-1
351,46,559.43,457.80,20.10,55.44,0.5768,-1,-1,-1
351,49,1514.34,434.11,40.51,109.20,0.3661,-1,-1,-1
351,51,904.33,421.20,149.67,518.29,0.8506,-1,-1,-1
351,60,1245.38,449.16,32.29,74.76,0.2910,-1,-1,-1
351,68,731.92,478.27,49.16,119.73,0.6831,-1,-1,-1
351,73,674.77,483.70,53.45,106.89,0.5934,-1,-1,-1
351,74,631.47,463.57,22.22,62.42,0.4276,-1,-1,-1
351,79,323.99,394.65,158.84,410.51,0.8294,-1,-1,-1
351,81,596.76,456.07,19.69,54.02,0.4366,-1,-1,-1
351,85,90.20,431.85,138.54,353.43,0.8910,-1,-1,-1
351,87,-6.21,504.06,64.05,319.66,0.6217,-1,-1,-1
351,88,815.40,484.99,21.06,64.57,0.3112,-1,-1,-1
352,25,485.06,454.71,31.85,82.51,0.3761,-1,-1,-1
352,38,1065.85,395.30,205.15,617.36,0.8674,-1,-1,-1
352,46,559.49,457.75,19.96,55.25,0.6157,-1,-1,-1
352,49,1516.71,435.35,42.55,109.51,0.3802,-1,-1,-1
352,51,905.03,421.38,150.15,517.64,0.8528,-1,-1,-1
352,60,1245.55,449.63,31.98,76.18,0.3266,-1,-1,-1
352,68,731.79,477.90,49.42,121.42,0.7322,-1,-1,-1
352,70,1837.11,475.17,69.70,178.98,0.2899,-1,-1,-1
352,73,675.43,484.75,53.71,108.27,0.6418,-1,-1,-1
352,74,630.79,463.61,21.97,61.73,0.4532,-1,-1,-1
352,79,342.69,394.47,144.34,408.60,0.8013,-1,-1,-1
352,81,596.58,455.53,20.04,54.58,0.5481,-1,-1,-1
352,85,96.53,432.77,150.89,353.16,0.8580,-1,-1,-1
352,87,-3.44,462.66,70.30,374.60,0.6963,-1,-1,-1
353,25,484.75,454.82,31.30,82.57,0.4451,-1,-1,-1
353,38,1068.77,395.18,206.95,618.32,0.8618,-1,-1,-1
353,46,559.63,457.50,19.74,55.28,0.6330,-1,-1,-1
353,49,1517.56,436.59,41.32,108.73,0.5083,-1,-1,-1
353,51,904.82,421.54,151.01,517.11,0.8607,-1,-1,-1
353,59,580.69,454.80,19.81,56.41,0.2629,-1,-1,-1
353,60,1246.16,449.38,31.50,76.84,0.4452,-1,-1,-1
353,68,731.24,477.33,49.52,122.18,0.6543,-1,-1,-1
353,73,674.67,484.57,53.77,108.66,0.5784,-1,-1,-1
353,74,630.75,462.32,22.08,62.19,0.4582,-1,-1,-1
353,79,356.59,395.61,133.97,406.90,0.7640,-1,-1,-1
353,81,595.62,454.69,20.39,55.57,0.5048,-1,-1,-1
353,85,98.59,433.83,165.43,352.09,0.8725,-1,-1,-1
353,86,658.14,463.14,26.63,70.14,0.3103,-1,-1,-1
353,87,-0.70,438.68,77.58,411.71,0.8261,-1,-1,-1
354,25,484.97,454.59,30.99,82.75,0.4511,-1,-1,-1
354,38,1069.92,396.08,208.33,618.48,0.8589,-1,-1,-1
354,46,559.85,457.44,19.67,55.37,0.6471,-1,-1,-1
354,49,1518.73,433.79,42.00,110.79,0.4745,-1,-1,-1
354,51,906.60,421.90,150.79,516.64,0.8611,-1,-1,-1
354,60,1246.63,449.56,31.17,78.17,0.3729,-1,-1,-1
354,68,731.53,477.17,49.58,121.20,0.7028,-1,-1,-1
354,70,1856.15,428.11,64.85,199.39,0.2762,-1,-1,-1
354,73,675.03,484.54,53.91,109.45,0.6682,-1,-1,-1
354,74,629.76,462.86,22.21,61.41,0.4888,-1,-1,-1
354,78,707.49,483.77,27.32,99.73,0.2608,-1,-1,-1
354,79,367.83,396.85,128.85,405.64,0.8027,-1,-1,-1
354,81,595.97,454.89,20.48,55.68,0.4601,-1,-1,-1
354,85,97.63,434.58,178.38,351.57,0.8748,-1,-1,-1
354,86,659.38,465.14,25.55,68.67,0.2725,-1,-1,-1
354,87,1.21,428.40,84.93,432.77,0.8012,-1,-1,-1
354,89,526.61,457.12,20.29,59.97,0.4820,-1,-1,-1
355,25,483.97,454.76,31.00,83.09,0.4459,-1,-1,-1
355,38,1069.64,395.93,208.43,618.71,0.8624,-1,-1,-1
355,46,560.04,457.53,19.67,55.53,0.6704,-1,-1,-1
355,49,1521.83,433.09,42.94,111.71,0.5265,-1,-1,-1
355,51,910.32,423.24,148.48,516.91,0.8257,-1,-1,-1
355,60,1246.20,449.88,31.00,79.67,0.3236,-1,-1,-1
355,68,732.04,478.70,49.15,120.54,0.6407,-1,-1,-1
355,70,1865.64,413.42,58.78,209.09,0.2860,-1,-1,-1
355,73,674.74,484.64,54.72,110.05,0.6243,-1,-1,-1
355,74,628.91,463.01,22.49,61.34,0.5437,-1,-1,-1
355,78,708.66,484.67,26.73,101.13,0.3226,-1,-1,-1
355,79,381.86,397.64,127.53,405.22,0.8277,-1,-1,-1
355,81,596.22,455.04,20.51,55.59,0.4319,-1,-1,-1
355,85,98.52,434.54,187.17,350.08,0.8850,-1,-1,-1
355,87,2.35,420.30,92.35,447.06,0.8333,-1,-1,-1
355,89,526.11,455.81,20.73,61.23,0.4325,-1,-1,-1
356,25,483.34,454.89,31.36,82.71,0.3860,-1,-1,-1
356,38,1069.83,395.92,209.07,618.99,0.8606,-1,-1,-1
356,46,560.14,457.54,19.69,55.48,0.6349,-1,-1,-1
356,51,912.42,422.96,146.75,516.49,0.8212,-1,-1,-1
356,59,581.13,454.63,19.91,57.05,0.2564,-1,-1,-1
356,60,1245.84,449.73,30.80,80.49,0.3827,-1,-1,-1
356,68,732.52,479.21,48.28,120.17,0.5976,-1,-1,-1
356,70,1870.12,406.48,54.63,216.46,0.2640,-1,-1,-1
356,73,673.04,483.14,56.67,109.79,0.6205,-1,-1,-1
356,74,628.37,462.86,22.41,61.65,0.5139,-1,-1,-1
356,78,708.69,483.92,27.21,102.44,0.3262,-1,-1,-1
356,79,391.63,396.87,131.12,405.54,0.8285,-1,-1,-1
356,81,596.43,455.15,20.50,55.44,0.4188,-1,-1,-1
356,85,101.50,434.86,191.77,347.81,0.9163,-1,-1,-1
356,87,10.29,412.49,115.04,464.01,0.8994,-1,-1,-1
356,89,525.05,455.90,21.52,62.24,0.4775,-1,-1,-1
356,90,1052.70,439.24,65.82,203.30,0.7534,-1,-1,-1
357,25,482.82,455.40,31.25,82.60,0.3832,-1,-1,-1
357,38,1070.11,396.80,210.13,618.66,0.8638,-1,-1,-1
357,46,560.10,456.84,19.68,55.86,0.6415,-1,-1,-1
357,49,1527.78,435.93,43.36,109.20,0.4543,-1,-1,-1
357,51,914.75,422.86,143.94,515.88,0.8277,-1,-1,-1
357,59,580.76,454.01,20.63,57.50,0.3559,-1,-1,-1
357,60,1246.06,452.02,30.57,83.97,0.3565,-1,-1,-1
357,68,732.01,478.27,47.97,118.27,0.6205,-1,-1,-1
357,73,671.97,482.73,58.02,110.65,0.6357,-1,-1,-1
357,74,628.34,463.64,22.29,61.40,0.5298,-1,-1,-1
357,78,708.75,482.70,27.04,103.43,0.2676,-1,-1,-1
357,79,399.81,397.35,137.02,405.00,0.8275,-1,-1,-1
357,81,596.52,454.57,20.26,55.41,0.3993,-1,-1,-1
357,85,106.97,434.74,192.27,345.04,0.8717,-1,-1,-1
357,87,14.60,409.34,140.03,472.43,0.8948,-1,-1,-1
357,89,523.51,454.90,22.40,63.93,0.4996,-1,-1,-1
357,90,1052.61,433.15,67.04,210.11,0.3106,-1,-1,-1
358,25,483.16,457.97,31.54,84.99,0.3977,-1,-1,-1
358,38,1070.39,397.18,211.38,618.37,0.8684,-1,-1,-1
358,46,560.35,456.53,19.92,56.31,0.5440,-1,-1,-1
358,49,1531.53,434.79,43.82,108.86,0.5534,-1,-1,-1
358,51,915.90,422.67,140.83,514.53,0.8205,-1,-1,-1
358,59,581.30,453.92,20.76,57.63,0.4278,-1,-1,-1
358,60,1246.17,453.78,30.92,88.83,0.4017,-1,-1,-1
358,68,731.18,477.24,48.44,115.97,0.5467,-1,-1,-1
358,70,1871.65,398.02,52.02,223.92,0.2558,-1,-1,-1
358,73,670.48,482.41,58.99,111.17,0.6652,-1,-1,-1
358,74,627.73,463.38,22.33,61.53,0.5109,-1,-1,-1
358,78,709.42,482.71,26.37,102.94,0.3107,-1,-1,-1
358,79,405.52,398.65,146.17,403.66,0.8772,-1,-1,-1
358,81,597.17,454.49,19.73,54.91,0.2850,-1,-1,-1
358,85,115.87,433.93,188.86,341.38,0.8661,-1,-1,-1
358,87,16.69,410.45,164.96,472.31,0.8865,-1,-1,-1
358,89,524.22,456.09,21.93,62.02,0.3674,-1,-1,-1
358,90,1051.71,431.81,66.24,211.39,0.7448,-1,-1,-1
359,25,484.92,457.55,32.90,84.25,0.3826,-1,-1,-1
359,38,1070.85,397.36,212.70,618.25,0.8644,-1,-1,-1
359,46,560.56,457.05,19.91,56.20,0.5697,-1,-1,-1
359,49,1532.79,432.69,43.95,109.74,0.6094,-1,-1,-1
359,51,916.54,422.85,138.40,514.20,0.8296,-1,-1,-1
359,59,581.83,454.30,20.81,57.63,0.3951,-1,-1,-1
359,60,1246.98,452.44,31.60,91.97,0.3514,-1,-1,-1
359,68,730.99,477.68,48.58,114.58,0.6574,-1,-1,-1
359,70,1873.81,398.28,49.41,228.94,0.3260,-1,-1,-1
359,73,671.06,482.36,59.31,111.70,0.7090,-1,-1,-1
359,74,626.92,462.55,22.18,62.09,0.4283,-1,-1,-1
359,78,710.18,483.85,25.60,102.31,0.3200,-1,-1,-1
359,79,406.66,400.21,156.98,401.76,0.8588,-1,-1,-1
359,81,597.71,454.98,19.51,54.24,0.3879,-1,-1,-1
359,85,124.95,433.12,182.31,338.68,0.8359,-1,-1,-1
359,87,15.63,413.47,186.12,468.35,0.8793,-1,-1,-1
359,89,523.65,456.98,21.06,60.03,0.3932,-1,-1,-1
359,90,1047.38,448.31,64.04,199.38,0.5859,-1,-1,-1
360,38,1070.86,396.99,214.08,618.31,0.8662,-1,-1,-1
360,46,560.99,456.59,19.87,56.62,0.5347,-1,-1,-1
360,49,1533.79,431.90,44.61,110.95,0.5017,-1,-1,-1
360,51,920.45,423.64,134.57,513.67,0.8019,-1,-1,-1
360,59,581.51,455.53,20.46,57.14,0.3199,-1,-1,-1
360,60,1245.73,451.09,32.76,94.89,0.4331,-1,-1,-1
360,68,730.92,477.13,48.86,113.44,0.5968,-1,-1,-1
360,70,1873.91,395.02,48.30,231.81,0.3441,-1,-1,-1
360,73,670.36,483.17,59.78,111.81,0.6857,-1,-1,-1
360,74,627.54,463.24,22.02,62.23,0.4209,-1,-1,-1
360,75,544.52,454.70,18.50,56.72,0.2535,-1,-1,-1
360,78,708.66,482.28,26.28,101.93,0.3120,-1,-1,-1
360,79,406.96,400.53,169.06,401.15,0.8491,-1,-1,-1
360,81,597.19,455.25,19.21,53.96,0.3532,-1,-1,-1
360,83,1669.39,436.19,44.06,135.16,0.2649,-1,-1,-1
360,85,133.33,432.80,175.79,336.77,0.8373,-1,-1,-1
360,86,659.39,462.48,25.85,71.38,0.3268,-1,-1,-1
360,87,11.76,414.93,200.92,464.70,0.8916,-1,-1,-1
360,89,523.22,456.46,21.02,60.90,0.4259,-1,-1,-1
360,90,1043.70,440.32,60.79,200.49,0.6771,-1,-1,-1
361,38,1071.30,397.20,215.64,618.40,0.8556,-1,-1,-1
361,46,561.59,456.75,19.82,56.75,0.5349,-1,-1,-1
361,49,1535.20,434.33,44.64,109.59,0.5012,-1,-1,-1
361,51,924.64,423.74,132.88,513.41,0.8139,-1,-1,-1
361,59,581.71,455.25,20.67,57.28,0.4464,-1,-1,-1
361,60,1245.83,453.73,33.03,101.30,0.3174,-1,-1,-1
361,68,731.52,478.16,49.06,113.10,0.6451,-1,-1,-1
361,73,669.27,483.02,60.29,111.25,0.6148,-1,-1,-1
361,74,627.26,462.11,22.36,63.35,0.5000,-1,-1,-1
361,75,544.15,453.85,18.86,58.46,0.3109,-1,-1,-1
361,78,708.24,483.25,26.66,102.47,0.3146,-1,-1,-1
361,79,408.05,401.70,177.28,399.92,0.8419,-1,-1,-1
361,81,597.33,455.41,18.63,53.56,0.3292,-1,-1,-1
361,83,1668.42,435.29,43.82,135.84,0.2973,-1,-1,-1
361,85,140.12,432.42,169.82,335.76,0.8505,-1,-1,-1
361,86,658.67,462.06,26.68,71.63,0.3692,-1,-1,-1
361,87,8.52,419.07,212.39,458.81,0.9098,-1,-1,-1
361,89,522.96,456.11,21.42,61.89,0.5132,-1,-1,-1
362,38,1071.23,397.04,216.93,618.32,0.8570,-1,-1,-1
362,46,561.34,456.13,19.67,56.95,0.5149,-1,-1,-1
362,49,1535.07,427.50,44.93,113.48,0.4988,-1,-1,-1
362,51,929.04,424.82,134.22,512.85,0.8485,-1,-1,-1
362,59,580.82,455.11,21.04,57.48,0.4306,-1,-1,-1
362,60,1246.36,450.43,33.20,100.07,0.2616,-1,-1,-1
362,68,731.48,478.84,49.41,112.63,0.4065,-1,-1,-1
362,70,1864.29,394.59,53.60,245.76,0.3696,-1,-1,-1
362,73,669.03,482.63,61.90,111.06,0.5642,-1,-1,-1
362,74,627.83,460.91,22.04,64.37,0.5445,-1,-1,-1
362,75,544.44,454.19,19.19,58.62,0.4087,-1,-1,-1
362,79,407.36,402.77,184.43,398.46,0.8515,-1,-1,-1
362,81,597.39,455.78,18.73,53.81,0.3832,-1,-1,-1
362,83,1667.46,434.98,44.32,138.39,0.3286,-1,-1,-1
362,85,150.66,432.46,161.10,334.65,0.8573,-1,-1,-1
362,86,659.16,462.70,26.52,71.54,0.3345,-1,-1,-1
362,87,5.75,422.21,221.23,453.94,0.9034,-1,-1,-1
362,89,522.10,455.35,22.38,63.26,0.5290,-1,-1,-1
362,90,1032.03,435.95,62.03,206.37,0.7602,-1,-1,-1
363,38,1069.12,395.50,215.58,618.12,0.8640,-1,-1,-1
363,46,561.36,455.87,19.76,57.24,0.5141,-1,-1,-1
363,49,1536.81,423.21,44.22,116.63,0.5168,-1,-1,-1
363,51,931.97,425.19,135.87,512.38,0.8505,-1,-1,-1
363,59,579.86,454.89,21.63,57.77,0.4778,-1,-1,-1
363,60,1246.23,450.19,33.95,101.07,0.4379,-1,-1,-1
363,68,731.49,479.27,49.60,112.29,0.2562,-1,-1,-1
363,73,668.27,481.94,63.39,110.68,0.5182,-1,-1,-1
363,74,627.77,460.38,21.99,64.81,0.5293,-1,-1,-1
363,75,544.09,453.88,19.30,58.76,0.3862,-1,-1,-1
363,78,702.98,484.65,30.15,103.40,0.3241,-1,-1,-1
363,79,405.03,403.41,190.14,397.49,0.8564,-1,-1,-1
363,81,597.72,456.13,18.48,54.03,0.3405,-1,-1,-1
363,83,1667.40,433.81,44.38,138.22,0.3176,-1,-1,-1
363,85,163.57,432.62,149.38,333.38,0.8236,-1,-1,-1
363,86,659.12,462.95,26.28,71.64,0.3331,-1,-1,-1
363,87,3.00,423.40,227.19,448.23,0.8999,-1,-1,-1
363,89,521.22,454.84,23.10,64.28,0.5408,-1,-1,-1
363,90,1031.55,433.17,61.33,209.70,0.6209,-1,-1,-1
364,38,1068.61,394.85,214.15,617.73,0.8758,-1,-1,-1
364,46,561.50,455.45,20.29,57.72,0.5007,-1,-1,-1
364,49,1541.95,422.07,41.78,118.23,0.5044,-1,-1,-1
364,51,933.08,425.09,137.36,512.25,0.8576,-1,-1,-1
364,59,579.85,454.67,21.89,57.94,0.4562,-1,-1,-1
364,60,1247.07,449.61,34.68,100.25,0.5570,-1,-1,-1
364,68,731.42,480.06,49.89,111.64,0.3092,-1,-1,-1
364,70,1859.57,392.56,57.82,254.87,0.3484,-1,-1,-1
364,73,668.65,481.50,64.22,110.00,0.5522,-1,-1,-1
364,74,627.55,459.84,21.80,65.13,0.4777,-1,-1,-1
364,75,543.82,453.62,19.45,59.01,0.3166,-1,-1,-1
364,78,700.03,484.74,33.04,105.03,0.3119,-1,-1,-1
364,79,403.91,403.99,194.42,396.98,0.8877,-1,-1,-1
364,81,597.65,455.86,18.33,54.24,0.3837,-1,-1,-1
364,83,1667.00,434.17,43.93,137.67,0.2738,-1,-1,-1
364,85,178.52,432.91,135.64,332.06,0.8244,-1,-1,-1
364,86,659.16,463.45,26.16,72.80,0.3685,-1,-1,-1
364,87,1.10,424.53,231.63,444.69,0.8985,-1,-1,-1
364,89,521.18,454.48,23.36,64.51,0.4558,-1,-1,-1
365,31,377.29,464.61,44.80,109.49,0.3675,-1,-1,-1
365,38,1068.61,395.32,213.77,617.28,0.8628,-1,-1,-1
365,46,562.28,455.80,20.38,57.69,0.5279,-1,-1,-1
365,49,1544.08,419.78,40.00,120.02,0.5050,-1,-1,-1
365,51,933.76,425.27,138.29,512.01,0.8496,-1,-1,-1
365,59,579.45,454.77,21.93,57.94,0.4659,-1,-1,-1
365,60,1246.74,449.68,35.78,100.12,0.4799,-1,-1,-1
365,68,731.05,480.71,49.93,110.27,0.2980,-1,-1,-1
365,70,1859.31,390.37,59.05,257.41,0.3669,-1,-1,-1
365,73,667.69,480.74,65.54,110.02,0.5564,-1,-1,-1
365,74,627.71,460.21,21.29,65.19,0.4688,-1,-1,-1
365,75,543.88,453.95,19.62,58.73,0.4166,-1,-1,-1
365,78,698.46,483.95,35.21,105.69,0.3239,-1,-1,-1
365,79,402.55,405.98,197.58,395.38,0.8894,-1,-1,-1
365,81,596.96,455.78,18.16,54.40,0.3878,-1,-1,-1
365,85,191.60,433.16,125.03,330.97,0.8356,-1,-1,-1
365,86,658.92,462.51,26.13,72.45,0.3948,-1,-1,-1
365,87,1.53,425.71,234.51,442.10,0.8888,-1,-1,-1
365,89,521.40,454.76,23.77,63.99,0.4291,-1,-1,-1
366,31,378.35,465.20,47.11,109.36,0.4086,-1,-1,-1
366,38,1070.46,396.38,215.64,617.64,0.8576,-1,-1,-1
366,46,561.75,455.49,21.04,58.05,0.5743,-1,-1,-1
366,49,1545.36,418.93,38.99,121.89,0.4751,-1,-1,-1
366,51,933.71,424.72,140.31,511.96,0.8560,-1,-1,-1
366,59,579.50,454.82,21.74,57.75,0.4114,-1,-1,-1
366,60,1247.20,450.05,36.22,99.68,0.4886,-1,-1,-1
366,68,730.90,481.31,49.66,109.33,0.3492,-1,-1,-1
366,70,1855.09,388.96,62.42,261.41,0.2969,-1,-1,-1
366,73,664.11,482.63,64.32,107.83,0.4176,-1,-1,-1
366,74,627.88,460.09,21.08,65.18,0.4739,-1,-1,-1
366,75,543.98,453.59,19.76,58.88,0.3308,-1,-1,-1
366,78,698.51,483.79,36.39,104.96,0.3534,-1,-1,-1
366,79,402.00,406.14,199.41,393.07,0.8867,-1,-1,-1
366,81,596.90,455.89,17.69,54.41,0.2913,-1,-1,-1
366,85,203.84,433.91,116.67,330.16,0.7768,-1,-1,-1
366,86,658.79,462.84,26.01,72.84,0.3604,-1,-1,-1
366,87,4.65,424.52,234.50,435.91,0.8457,-1,-1,-1
366,89,522.45,454.82,23.65,61.73,0.3017,-1,-1,-1
367,31,376.36,463.83,48.15,110.43,0.4072,-1,-1,-1
367,38,1069.84,396.49,215.59,617.17,0.8676,-1,-1,-1
367,46,561.58,455.26,21.62,58.43,0.6045,-1,-1,-1
367,49,1547.66,419.25,36.79,121.79,0.3054,-1,-1,-1
367,51,933.58,423.96,142.70,512.23,0.8627,-1,-1,-1
367,59,579.72,454.76,21.43,57.54,0.3638,-1,-1,-1
367,60,1247.56,449.73,36.52,98.05,0.4394,-1,-1,-1
367,68,730.13,481.32,49.20,108.85,0.3016,-1,-1,-1
367,70,1854.66,388.69,63.70,263.58,0.2986,-1,-1,-1
367,73,660.73,483.44,63.45,105.95,0.2892,-1,-1,-1
367,74,627.91,459.83,21.17,64.95,0.4944,-1,-1,-1
367,75,544.14,453.27,19.68,58.91,0.3344,-1,-1,-1
367,78,696.89,482.93,38.19,104.97,0.4113,-1,-1,-1
367,79,403.03,403.70,199.91,391.76,0.8837,-1,-1,-1
367,81,596.01,455.61,17.65,54.73,0.3628,-1,-1,-1
367,85,215.27,434.29,112.51,329.04,0.7281,-1,-1,-1
367,86,659.09,459.88,25.46,66.91,0.3747,-1,-1,-1
367,87,19.51,423.74,225.95,429.91,0.8696,-1,-1,-1
368,31,376.48,463.04,49.02,111.27,0.4774,-1,-1,-1
368,38,1069.33,396.52,215.80,616.89,0.8653,-1,-1,-1
368,46,561.71,455.19,22.16,58.68,0.5843,-1,-1,-1
368,49,1547.22,418.64,35.94,123.15,0.3321,-1,-1,-1
368,51,933.36,423.30,144.38,513.65,0.8564,-1,-1,-1
368,59,579.87,454.83,21.03,57.29,0.3557,-1,-1,-1
368,68,730.32,482.31,48.41,109.20,0.5015,-1,-1,-1
368,70,1863.94,387.47,58.72,261.51,0.3016,-1,-1,-1
368,73,657.00,484.25,61.16,104.20,0.4109,-1,-1,-1
368,74,628.59,459.43,20.99,65.20,0.4565,-1,-1,-1
368,78,694.55,481.84,39.91,106.02,0.5466,-1,-1,-1
368,79,405.46,403.05,199.31,390.00,0.8832,-1,-1,-1
368,81,594.94,454.85,17.73,55.12,0.3140,-1,-1,-1
368,83,1667.21,434.47,44.58,136.95,0.2729,-1,-1,-1
368,85,219.21,434.80,103.31,327.64,0.7045,-1,-1,-1
368,86,658.51,460.61,24.78,63.11,0.2637,-1,-1,-1
368,87,38.19,423.43,212.63,422.89,0.8418,-1,-1,-1
369,31,376.61,463.10,49.78,111.58,0.5128,-1,-1,-1
369,38,1069.22,395.67,215.67,617.33,0.8593,-1,-1,-1
369,46,561.44,455.01,22.21,58.98,0.5400,-1,-1,-1
369,51,933.14,423.04,144.66,513.38,0.8493,-1,-1,-1
369,54,412.09,454.40,37.20,101.66,0.2604,-1,-1,-1
369,59,579.66,454.82,21.09,57.32,0.4275,-1,-1,-1
369,60,1249.61,449.12,36.72,97.26,0.3184,-1,-1,-1
369,68,730.60,481.66,47.83,109.18,0.4622,-1,-1,-1
369,70,1862.58,387.81,58.53,261.73,0.3681,-1,-1,-1
369,73,655.88,485.91,59.24,102.13,0.3214,-1,-1,-1
369,74,628.76,460.22,20.99,65.32,0.4964,-1,-1,-1
369,78,695.31,480.77,40.02,106.91,0.5737,-1,-1,-1
369,79,407.91,402.06,197.99,389.24,0.8851,-1,-1,-1
369,81,594.71,454.81,17.68,55.34,0.3032,-1,-1,-1
369,83,1667.32,434.69,45.16,136.43,0.3738,-1,-1,-1
369,85,227.19,441.54,97.15,322.67,0.4724,-1,-1,-1
369,86,658.54,461.71,24.16,61.34,0.3153,-1,-1,-1
369,87,61.04,421.70,194.74,416.99,0.7741,-1,-1,-1
370,31,375.91,462.39,49.17,112.46,0.6221,-1,-1,-1
370,38,1069.50,394.54,215.68,617.98,0.8670,-1,-1,-1
370,46,561.47,455.35,22.01,58.88,0.4848,-1,-1,-1
370,51,935.02,423.27,145.21,513.34,0.8475,-1,-1,-1
370,54,414.45,456.52,38.01,107.42,0.2634,-1,-1,-1
370,59,579.79,454.92,21.16,57.38,0.3789,-1,-1,-1
370,68,730.79,481.17,47.10,108.91,0.5332,-1,-1,-1
370,70,1860.52,388.22,59.43,263.56,0.4106,-1,-1,-1
370,73,655.12,487.51,57.68,100.71,0.3996,-1,-1,-1
370,74,628.31,459.95,21.01,65.36,0.4681,-1,-1,-1
370,78,695.14,480.71,40.52,106.77,0.5505,-1,-1,-1
370,79,414.64,402.36,193.67,386.90,0.8865,-1,-1,-1
370,81,594.46,454.51,17.72,55.65,0.2806,-1,-1,-1
370,83,1666.99,435.05,45.28,136.39,0.4273,-1,-1,-1
370,85,235.31,441.79,91.84,320.10,0.4422,-1,-1,-1
370,86,658.45,462.02,23.42,57.40,0.2571,-1,-1,-1
370,87,87.31,421.52,176.83,412.07,0.8317,-1,-1,-1
371,31,375.34,461.82,48.66,113.26,0.6341,-1,-1,-1
371,38,1070.03,393.59,215.86,618.32,0.8638,-1,-1,-1
371,46,561.99,455.70,21.36,58.23,0.2991,-1,-1,-1
371,48,428.90,449.54,35.03,88.62,0.2629,-1,-1,-1
371,51,936.07,420.50,146.46,514.62,0.8380,-1,-1,-1
371,54,415.14,457.33,38.97,110.82,0.2987,-1,-1,-1
371,59,579.18,454.22,20.92,57.71,0.4223,-1,-1,-1
371,68,730.57,480.52,46.74,108.68,0.4547,-1,-1,-1
371,70,1857.16,387.70,61.51,265.28,0.4347,-1,-1,-1
371,74,627.29,460.19,21.17,65.49,0.4195,-1,-1,-1
371,79,423.27,401.36,186.85,384.45,0.8710,-1,-1,-1
371,81,594.85,454.48,17.57,54.73,0.2995,-1,-1,-1
371,83,1666.10,435.07,45.59,137.57,0.3789,-1,-1,-1
371,87,107.12,423.29,160.22,407.94,0.7949,-1,-1,-1
371,92,243.58,431.61,161.29,336.14,0.8430,-1,-1,-1
371,93,-1.90,619.89,52.01,181.97,0.5784,-1,-1,-1
372,31,375.92,462.68,48.94,113.23,0.6002,-1,-1,-1
372,38,1070.61,395.10,216.77,618.51,0.8668,-1,-1,-1
372,51,937.23,419.00,148.05,515.65,0.8464,-1,-1,-1
372,54,418.52,459.45,38.28,110.55,0.3878,-1,-1,-1
372,59,580.12,454.36,20.23,57.57,0.3593,-1,-1,-1
372,60,1253.53,444.68,37.94,98.50,0.3051,-1,-1,-1
372,68,730.85,480.94,46.62,109.31,0.5599,-1,-1,-1
372,70,1855.57,386.41,62.99,266.18,0.3768,-1,-1,-1
372,73,652.92,488.63,55.81,98.78,0.3194,-1,-1,-1
372,74,627.10,460.09,21.02,65.70,0.3718,-1,-1,-1
372,78,690.19,471.15,44.27,112.21,0.3644,-1,-1,-1
372,79,432.50,399.91,179.05,381.94,0.8877,-1,-1,-1
372,81,594.32,454.41,17.66,55.14,0.2708,-1,-1,-1
372,83,1666.75,435.12,45.53,137.34,0.2746,-1,-1,-1
372,87,123.76,425.52,149.35,404.68,0.7998,-1,-1,-1
372,92,244.47,433.09,167.26,335.27,0.8581,-1,-1,-1
372,93,-4.73,545.13,57.61,236.13,0.6402,-1,-1,-1
373,31,376.14,462.22,48.23,113.50,0.6663,-1,-1,-1
373,38,1069.89,393.96,216.97,618.56,0.8719,-1,-1,-1
373,48,429.23,456.66,34.99,100.06,0.2569,-1,-1,-1
373,51,939.72,418.70,148.33,516.41,0.8467,-1,-1,-1
373,54,419.83,458.53,38.39,111.75,0.4275,-1,-1,-1
373,59,581.50,453.80,19.68,57.81,0.3259,-1,-1,-1
373,60,1255.40,444.29,38.85,98.44,0.4631,-1,-1,-1
373,68,731.51,481.12,46.68,110.85,0.6384,-1,-1,-1
373,70,1847.15,430.77,66.86,236.90,0.3112,-1,-1,-1
373,73,652.50,489.35,54.13,96.30,0.3252,-1,-1,-1
373,78,689.48,463.83,46.05,116.45,0.3059,-1,-1,-1
373,79,446.11,398.10,170.00,379.40,0.8958,-1,-1,-1
373,81,594.63,453.73,18.08,56.02,0.3464,-1,-1,-1
373,87,141.40,426.64,147.69,401.40,0.8159,-1,-1,-1
373,92,249.67,434.31,165.77,328.69,0.8719,-1,-1,-1
373,93,-5.86,487.30,59.73,283.80,0.7193,-1,-1,-1
374,31,377.31,461.83,47.44,113.67,0.7060,-1,-1,-1
374,38,1071.50,394.02,218.50,619.41,0.8542,-1,-1,-1
374,48,426.68,456.36,34.90,105.77,0.2588,-1,-1,-1
374,51,941.28,418.19,147.71,517.11,0.8373,-1,-1,-1
374,54,417.44,456.50,39.73,113.73,0.4003,-1,-1,-1
374,59,582.39,454.23,18.59,57.36,0.2632,-1,-1,-1
374,60,1255.91,444.40,39.96,98.38,0.5370,-1,-1,-1
374,68,732.45,480.66,46.31,112.49,0.5878,-1,-1,-1
374,70,1845.15,449.03,66.74,221.12,0.3070,-1,-1,-1
374,73,652.46,490.00,53.11,95.59,0.3471,-1,-1,-1
374,74,627.18,462.00,21.83,65.30,0.3151,-1,-1,-1
374,78,693.70,471.17,44.61,113.17,0.2826,-1,-1,-1
374,79,461.51,397.59,161.90,377.44,0.8634,-1,-1,-1
374,81,595.54,453.88,18.45,56.24,0.3650,-1,-1,-1
374,87,156.37,428.20,152.59,398.49,0.8451,-1,-1,-1
374,92,258.87,436.44,160.69,318.61,0.8288,-1,-1,-1
374,93,-4.48,480.19,59.32,304.70,0.7612,-1,-1,-1
375,31,378.18,461.41,47.25,113.98,0.6782,-1,-1,-1
375,38,1071.59,394.39,218.25,618.58,0.8570,-1,-1,-1
375,51,942.37,417.70,147.80,517.06,0.8639,-1,-1,-1
375,54,415.59,456.27,41.04,114.38,0.3715,-1,-1,-1
375,59,583.54,454.38,17.88,57.04,0.2741,-1,-1,-1
375,60,1256.91,444.41,40.10,98.06,0.5815,-1,-1,-1
375,68,732.64,481.03,46.44,114.43,0.6407,-1,-1,-1
375,70,1845.01,456.90,68.69,210.35,0.2539,-1,-1,-1
375,72,1304.16,427.54,35.28,116.79,0.2921,-1,-1,-1
375,74,627.55,463.51,22.19,64.59,0.3785,-1,-1,-1
375,79,478.36,397.38,153.46,376.27,0.8514,-1,-1,-1
375,81,596.09,453.70,18.43,56.18,0.4290,-1,-1,-1
375,83,1669.65,435.99,45.80,137.56,0.2581,-1,-1,-1
375,87,166.44,429.52,164.36,395.88,0.8506,-1,-1,-1
375,92,262.46,437.48,158.49,312.81,0.8055,-1,-1,-1
375,93,-2.92,453.73,62.56,338.88,0.6363,-1,-1,-1
376,25,473.14,452.43,32.98,75.21,0.2885,-1,-1,-1
376,31,378.01,461.37,47.28,114.48,0.6415,-1,-1,-1
376,38,1072.31,394.89,218.85,618.79,0.8701,-1,-1,-1
376,51,946.03,417.19,148.08,517.97,0.8644,-1,-1,-1
376,54,415.28,456.00,41.82,114.76,0.3879,-1,-1,-1
376,60,1257.31,444.34,40.11,97.70,0.6152,-1,-1,-1
376,68,732.83,480.53,46.29,116.26,0.5408,-1,-1,-1
376,70,1841.94,465.62,68.91,201.00,0.4151,-1,-1,-1
376,74,627.72,463.75,22.75,64.69,0.2890,-1,-1,-1
376,78,693.84,465.60,44.59,116.25,0.2769,-1,-1,-1
376,79,492.32,398.23,146.28,374.60,0.8319,-1,-1,-1
376,81,595.84,453.43,18.59,56.36,0.3061,-1,-1,-1
376,86,658.23,460.48,22.41,51.04,0.2524,-1,-1,-1
376,87,170.02,430.44,175.40,394.17,0.8725,-1,-1,-1
376,92,272.49,441.08,150.86,304.88,0.8186,-1,-1,-1
376,93,0.04,432.33,69.55,370.56,0.7845,-1,-1,-1
377,25,474.25,453.60,34.38,73.91,0.3242,-1,-1,-1
377,31,377.88,461.38,47.40,115.17,0.6112,-1,-1,-1
377,38,1071.73,395.66,219.58,618.39,0.8682,-1,-1,-1
377,51,950.45,416.67,146.86,518.47,0.8539,-1,-1,-1
377,54,417.92,458.86,40.60,113.78,0.4846,-1,-1,-1
377,60,1257.34,444.03,40.00,97.71,0.5444,-1,-1,-1
377,68,731.62,479.79,46.80,115.16,0.2772,-1,-1,-1
377,70,1851.26,429.42,67.17,215.74,0.3216,-1,-1,-1
377,73,646.77,495.34,53.01,104.39,0.3458,-1,-1,-1
377,79,505.20,398.05,140.23,373.64,0.8391,-1,-1,-1
377,87,170.95,431.87,185.74,392.94,0.8767,-1,-1,-1
377,92,284.58,442.84,141.95,299.91,0.7864,-1,-1,-1
377,93,5.60,414.18,84.55,398.33,0.8639,-1,-1,-1
378,25,475.25,456.00,36.43,77.19,0.3751,-1,-1,-1
378,31,378.63,461.01,47.58,115.99,0.5638,-1,-1,-1
378,38,1070.93,395.10,218.54,618.05,0.8759,-1,-1,-1
378,51,953.96,417.49,145.43,518.20,0.8531,-1,-1,-1
378,54,419.20,459.89,39.98,112.98,0.4630,-1,-1,-1
378,60,1257.25,444.46,39.61,97.21,0.5436,-1,-1,-1
378,70,1855.39,412.31,65.57,227.70,0.3336,-1,-1,-1
378,73,644.86,492.79,52.94,107.87,0.3404,-1,-1,-1
378,79,516.78,397.68,134.70,373.45,0.8434,-1,-1,-1
378,87,169.85,434.73,193.13,390.85,0.8832,-1,-1,-1
378,92,298.61,444.99,130.47,294.98,0.7776,-1,-1,-1
378,93,11.98,405.91,107.15,415.75,0.9101,-1,-1,-1
379,25,474.76,459.46,39.66,87.03,0.4503,-1,-1,-1
379,31,379.18,461.25,47.82,116.44,0.4653,-1,-1,-1
379,38,1071.08,394.63,218.75,618.19,0.8677,-1,-1,-1
379,51,953.09,416.49,146.97,517.60,0.8874,-1,-1,-1
379,54,419.99,459.95,39.72,112.43,0.4762,-1,-1,-1
379,60,1256.75,444.24,39.23,97.45,0.4870,-1,-1,-1
379,70,1858.07,403.30,63.82,237.20,0.3179,-1,-1,-1
379,73,644.10,491.10,52.79,110.37,0.4322,-1,-1,-1
379,78,693.27,474.02,43.93,110.18,0.4188,-1,-1,-1
379,79,524.19,397.77,132.03,373.23,0.8414,-1,-1,-1
379,87,167.67,437.66,198.58,388.37,0.8785,-1,-1,-1
379,92,308.69,445.60,121.11,291.77,0.7821,-1,-1,-1
379,93,14.75,402.98,129.88,422.33,0.8668,-1,-1,-1
380,25,473.68,459.96,40.34,92.68,0.5062,-1,-1,-1
380,31,379.69,464.26,47.92,116.96,0.3347,-1,-1,-1
380,38,1072.92,394.73,219.54,618.68,0.8678,-1,-1,-1
380,51,954.32,415.93,148.26,517.64,0.8736,-1,-1,-1
380,54,420.37,459.73,39.42,112.08,0.4552,-1,-1,-1
380,60,1256.53,444.78,38.64,97.35,0.4376,-1,-1,-1
380,73,643.12,489.76,52.62,110.72,0.5401,-1,-1,-1
380,78,692.18,474.63,44.24,106.06,0.3180,-1,-1,-1
380,79,533.24,399.14,130.53,372.18,0.8488,-1,-1,-1
380,87,166.60,439.25,204.75,386.30,0.8642,-1,-1,-1
380,92,313.71,445.95,114.77,289.79,0.7966,-1,-1,-1
380,93,13.76,406.21,148.62,419.85,0.8747,-1,-1,-1
381,25,472.16,455.11,40.87,98.84,0.4170,-1,-1,-1
381,38,1073.66,395.18,219.29,618.68,0.8693,-1,-1,-1
381,51,954.60,415.26,150.65,518.38,0.8832,-1,-1,-1
381,54,421.21,458.76,39.20,112.25,0.4336,-1,-1,-1
381,60,1256.75,445.01,37.99,96.96,0.4001,-1,-1,-1
381,70,1857.58,395.87,63.49,246.41,0.2861,-1,-1,-1
381,73,641.27,488.70,53.08,109.33,0.3445,-1,-1,-1
381,78,691.43,470.68,44.78,109.46,0.3862,-1,-1,-1
381,79,538.30,400.08,129.33,371.07,0.8409,-1,-1,-1
381,87,166.35,436.42,210.19,385.76,0.8774,-1,-1,-1
381,92,319.35,445.42,109.47,289.51,0.7469,-1,-1,-1
381,93,10.06,409.92,161.26,416.42,0.8874,-1,-1,-1
382,25,470.58,455.50,38.95,101.62,0.5961,-1,-1,-1
382,38,1073.97,395.20,219.84,618.34,0.8557,-1,-1,-1
382,51,956.80,415.44,151.10,518.50,0.8599,-1,-1,-1
382,54,420.65,457.35,39.05,113.05,0.3803,-1,-1,-1
382,60,1256.86,446.82,37.88,95.82,0.4808,-1,-1,-1
382,68,731.02,478.49,48.21,111.86,0.3583,-1,-1,-1
382,70,1849.42,436.55,65.81,223.97,0.2908,-1,-1,-1
382,73,639.58,488.12,52.35,108.06,0.2809,-1,-1,-1
382,78,690.06,468.50,45.84,111.99,0.4267,-1,-1,-1
382,79,541.39,401.65,131.30,369.75,0.8333,-1,-1,-1
382,83,1668.96,434.79,45.13,136.89,0.2534,-1,-1,-1
382,87,169.80,435.00,210.57,384.62,0.8761,-1,-1,-1
382,92,329.37,446.45,104.29,289.18,0.7985,-1,-1,-1
382,93,7.45,413.84,171.70,412.95,0.8934,-1,-1,-1
383,25,469.83,451.91,38.20,105.42,0.5376,-1,-1,-1
383,38,1074.07,395.31,221.76,618.48,0.8599,-1,-1,-1
383,51,959.34,416.82,152.78,517.87,0.8590,-1,-1,-1
383,54,421.10,456.91,38.59,113.95,0.3229,-1,-1,-1
383,60,1256.73,447.88,37.76,95.22,0.4510,-1,-1,-1
383,68,730.55,479.39,48.83,109.98,0.3904,-1,-1,-1
383,70,1844.64,452.86,67.00,211.28,0.4502,-1,-1,-1
383,78,687.91,464.87,47.21,115.81,0.3489,-1,-1,-1
383,79,543.67,403.96,133.65,367.68,0.8583,-1,-1,-1
383,87,182.15,433.46,205.01,383.70,0.8794,-1,-1,-1
383,90,949.95,435.98,52.32,128.85,0.3515,-1,-1,-1
383,92,340.78,446.57,98.78,287.67,0.7753,-1,-1,-1
383,93,6.97,416.46,182.93,409.47,0.9266,-1,-1,-1
384,25,470.01,452.48,36.75,107.05,0.5887,-1,-1,-1
384,38,1073.69,395.43,222.91,618.41,0.8375,-1,-1,-1
384,51,959.94,415.96,155.61,518.32,0.8586,-1,-1,-1
384,60,1256.99,447.28,37.53,95.43,0.3521,-1,-1,-1
384,68,729.63,480.44,49.68,110.88,0.6040,-1,-1,-1
384,70,1843.20,461.72,66.71,202.68,0.4512,-1,-1,-1
384,78,686.70,463.73,48.26,117.70,0.3743,-1,-1,-1
384,79,545.38,405.53,136.26,366.12,0.8693,-1,-1,-1
384,83,1669.66,434.96,46.20,137.27,0.2689,-1,-1,-1
384,87,191.37,432.23,198.08,380.97,0.8603,-1,-1,-1
384,90,947.67,437.32,54.17,125.40,0.2931,-1,-1,-1
384,92,343.46,444.82,101.84,291.72,0.7375,-1,-1,-1
384,93,6.27,418.47,192.93,406.27,0.9370,-1,-1,-1
385,25,469.01,451.88,37.68,108.95,0.5738,-1,-1,-1
385,38,1074.74,395.36,223.76,618.45,0.8243,-1,-1,-1
385,51,964.18,415.20,154.86,519.06,0.8304,-1,-1,-1
385,60,1257.36,445.88,37.47,93.33,0.3989,-1,-1,-1
385,68,729.57,480.80,49.95,111.93,0.7156,-1,-1,-1
385,70,1844.40,465.71,65.79,197.24,0.3682,-1,-1,-1
385,78,683.73,469.67,49.69,117.62,0.3368,-1,-1,-1
385,79,546.63,406.96,138.83,364.85,0.8845,-1,-1,-1
385,87,203.42,431.81,188.54,378.09,0.8492,-1,-1,-1
385,92,357.81,445.16,99.60,291.68,0.7937,-1,-1,-1
385,93,5.22,420.02,201.51,403.45,0.9347,-1,-1,-1
386,25,468.55,452.80,37.33,109.43,0.5906,-1,-1,-1
386,38,1072.40,395.24,225.47,618.48,0.8358,-1,-1,-1
386,51,966.27,414.70,154.78,519.62,0.8197,-1,-1,-1
386,60,1256.90,446.97,37.30,93.81,0.3884,-1,-1,-1
386,68,729.97,480.50,49.85,113.51,0.7526,-1,-1,-1
386,70,1845.37,466.96,67.25,193.69,0.2708,-1,-1,-1
386,78,684.32,468.13,49.86,118.87,0.5026,-1,-1,-1
386,79,548.03,407.79,141.51,363.81,0.8965,-1,-1,-1
386,87,219.46,431.55,176.03,375.66,0.8545,-1,-1,-1
386,89,526.20,448.21,27.90,75.78,0.3489,-1,-1,-1
386,92,369.45,442.86,104.17,294.01,0.8062,-1,-1,-1
386,93,3.45,419.73,207.71,401.39,0.9368,-1,-1,-1
387,25,470.00,453.75,37.75,109.20,0.6381,-1,-1,-1
387,38,1072.35,395.91,225.55,618.10,0.8708,-1,-1,-1
387,51,965.60,416.19,154.46,519.67,0.7910,-1,-1,-1
387,60,1256.38,447.31,37.20,93.19,0.3124,-1,-1,-1
387,68,728.81,479.91,50.27,115.72,0.7202,-1,-1,-1
387,70,1843.03,469.62,67.88,189.88,0.3442,-1,-1,-1
387,78,686.31,471.96,48.35,117.83,0.4706,-1,-1,-1
387,79,547.89,407.79,143.88,363.20,0.8944,-1,-1,-1
387,83,1669.51,434.52,46.59,137.37,0.3272,-1,-1,-1
387,87,239.09,431.77,159.29,373.42,0.8606,-1,-1,-1
387,89,527.09,450.19,27.00,74.34,0.4183,-1,-1,-1
387,90,939.98,442.73,52.58,133.36,0.5346,-1,-1,-1
387,92,377.67,443.29,114.84,295.42,0.8777,-1,-1,-1
387,93,3.69,419.20,210.53,398.76,0.8982,-1,-1,-1
388,25,470.60,454.83,37.44,108.23,0.6243,-1,-1,-1
388,38,1070.67,396.03,226.94,617.65,0.8406,-1,-1,-1
388,51,966.92,418.23,151.22,518.76,0.7723,-1,-1,-1
388,60,1255.96,445.36,37.19,90.07,0.2939,-1,-1,-1
388,68,728.05,478.20,50.65,116.81,0.6787,-1,-1,-1
388,70,1844.76,470.18,67.22,187.93,0.2709,-1,-1,-1
388,78,687.54,472.56,48.56,118.31,0.5149,-1,-1,-1
388,79,547.66,408.47,145.20,361.73,0.8870,-1,-1,-1
388,83,1669.75,433.83,47.20,138.73,0.3250,-1,-1,-1
388,87,258.10,432.81,142.37,371.68,0.8165,-1,-1,-1
388,89,527.76,450.76,27.01,74.11,0.4639,-1,-1,-1
388,90,938.21,440.22,52.31,139.92,0.5923,-1,-1,-1
388,92,381.83,442.58,126.58,298.03,0.8687,-1,-1,-1
388,93,8.47,418.74,209.18,396.23,0.8747,-1,-1,-1
389,25,470.88,454.64,37.10,107.90,0.6076,-1,-1,-1
389,38,1053.52,397.03,239.27,617.55,0.7509,-1,-1,-1
389,51,969.14,418.88,147.24,518.21,0.7615,-1,-1,-1
389,60,1255.82,444.51,36.94,87.47,0.2564,-1,-1,-1
389,68,726.97,477.99,50.92,118.61,0.7064,-1,-1,-1
389,70,1851.67,432.91,66.75,206.24,0.3267,-1,-1,-1
389,75,552.14,447.25,24.05,65.94,0.2720,-1,-1,-1
389,78,685.27,469.95,49.57,120.44,0.4717,-1,-1,-1
389,79,549.34,409.08,144.93,360.15,0.8895,-1,-1,-1
389,83,1669.72,434.15,47.46,137.86,0.3398,-1,-1,-1
389,87,273.13,433.41,129.13,370.41,0.7612,-1,-1,-1
389,89,528.10,451.19,26.89,73.33,0.5184,-1,-1,-1
389,90,935.35,438.49,52.46,144.69,0.5554,-1,-1,-1
389,92,382.42,443.09,137.34,299.04,0.8594,-1,-1,-1
389,93,18.14,418.87,203.60,392.69,0.8855,-1,-1,-1
390,25,471.47,454.97,36.06,107.37,0.5289,-1,-1,-1
390,38,1056.88,397.61,242.03,617.48,0.7733,-1,-1,-1
390,51,965.85,419.46,145.39,517.81,0.7808,-1,-1,-1
390,60,1255.61,445.27,36.69,85.25,0.3175,-1,-1,-1
390,68,726.67,477.61,51.07,120.08,0.7764,-1,-1,-1
390,70,1846.61,455.45,66.24,198.82,0.3173,-1,-1,-1
390,75,552.20,447.97,23.04,64.29,0.2638,-1,-1,-1
390,78,685.23,473.94,49.09,118.37,0.5414,-1,-1,-1
390,79,551.88,409.19,143.54,358.95,0.8790,-1,-1,-1
390,83,1669.56,433.68,47.79,138.81,0.3273,-1,-1,-1
390,87,284.46,433.11,120.31,369.71,0.7699,-1,-1,-1
390,89,529.90,451.33,25.66,72.93,0.5311,-1,-1,-1
390,90,935.07,437.15,51.48,147.80,0.4694,-1,-1,-1
390,92,381.89,441.15,147.55,299.51,0.8711,-1,-1,-1
390,93,25.18,419.07,198.46,390.29,0.8601,-1,-1,-1
390,95,512.47,457.93,19.93,63.87,0.4889,-1,-1,-1
391,25,471.55,453.70,34.46,103.72,0.4280,-1,-1,-1
391,38,1060.45,396.58,241.44,616.87,0.8183,-1,-1,-1
391,51,963.15,418.45,141.28,516.81,0.7796,-1,-1,-1
391,68,726.01,478.03,51.32,121.47,0.6959,-1,-1,-1
391,70,1844.90,464.70,64.96,193.87,0.2828,-1,-1,-1
391,78,684.99,474.23,48.58,117.29,0.4981,-1,-1,-1
391,79,557.62,409.07,140.11,356.94,0.8717,-1,-1,-1
391,83,1669.61,434.17,48.01,138.21,0.2750,-1,-1,-1
391,87,297.90,434.18,119.37,368.47,0.7520,-1,-1,-1
391,89,530.75,452.77,24.87,72.04,0.5414,-1,-1,-1
391,90,935.14,437.01,50.28,149.28,0.4558,-1,-1,-1
391,92,387.04,439.49,150.64,298.06,0.8367,-1,-1,-1
391,93,32.31,418.85,192.23,387.98,0.8711,-1,-1,-1
391,95,512.74,458.45,19.95,63.93,0.5118,-1,-1,-1
392,25,469.99,449.73,33.74,89.84,0.3506,-1,-1,-1
392,38,1061.87,396.45,240.19,616.45,0.8348,-1,-1,-1
392,51,966.49,420.01,137.29,516.41,0.7659,-1,-1,-1
392,68,725.61,476.95,51.47,122.77,0.7576,-1,-1,-1
392,70,1844.45,470.40,64.62,189.27,0.3043,-1,-1,-1
392,78,684.51,470.82,47.41,116.92,0.4260,-1,-1,-1
392,79,565.62,408.89,134.73,356.22,0.8649,-1,-1,-1
392,87,306.48,433.76,122.90,367.92,0.7579,-1,-1,-1
392,89,532.25,454.03,24.07,71.00,0.4612,-1,-1,-1
392,90,934.13,439.52,50.37,154.00,0.5903,-1,-1,-1
392,92,395.84,440.96,149.73,295.22,0.8206,-1,-1,-1
392,93,40.39,419.71,186.93,386.10,0.8119,-1,-1,-1
392,95,513.53,459.09,20.28,64.06,0.4978,-1,-1,-1
392,96,1066.93,431.53,66.99,126.61,0.6086,-1,-1,-1
392,97,496.47,459.82,20.09,70.35,0.4273,-1,-1,-1
393,38,1062.04,395.75,239.78,616.51,0.8176,-1,-1,-1
393,46,568.25,455.76,18.18,54.06,0.2676,-1,-1,-1
393,51,964.27,418.41,135.26,516.21,0.7636,-1,-1,-1
393,68,726.05,475.68,51.38,124.05,0.7629,-1,-1,-1
393,70,1845.15,472.33,65.31,186.49,0.2616,-1,-1,-1
393,78,683.42,470.24,46.95,116.57,0.5880,-1,-1,-1
393,79,575.06,406.64,127.93,352.71,0.8396,-1,-1,-1
393,87,315.68,435.38,132.76,366.58,0.8422,-1,-1,-1
393,89,532.47,455.16,24.20,70.07,0.4314,-1,-1,-1
393,90,929.78,442.20,50.16,159.53,0.7610,-1,-1,-1
393,92,404.10,441.93,145.64,292.51,0.8239,-1,-1,-1
393,93,50.91,420.53,181.86,384.00,0.8214,-1,-1,-1
393,95,514.04,459.42,20.35,63.73,0.4448,-1,-1,-1
393,96,1068.92,430.26,66.81,126.63,0.5435,-1,-1,-1
393,97,496.24,460.49,20.95,73.91,0.4316,-1,-1,-1
394,38,1063.01,395.43,240.80,616.48,0.8219,-1,-1,-1
394,51,969.11,420.31,133.28,515.87,0.7626,-1,-1,-1
394,60,1251.37,446.85,35.42,83.29,0.3093,-1,-1,-1
394,68,725.19,475.35,51.58,125.25,0.7954,-1,-1,-1
394,70,1844.81,473.16,65.37,184.70,0.2786,-1,-1,-1
394,78,682.43,468.70,46.47,116.87,0.5624,-1,-1,-1
394,79,582.89,405.48,121.41,350.05,0.8273,-1,-1,-1
394,87,320.46,437.41,141.26,364.38,0.8581,-1,-1,-1
394,89,532.08,456.18,24.45,68.91,0.4212,-1,-1,-1
394,90,926.19,442.47,50.34,163.23,0.8059,-1,-1,-1
394,92,410.93,442.73,141.82,290.68,0.7621,-1,-1,-1
394,93,69.90,421.96,172.55,382.64,0.8124,-1,-1,-1
394,95,513.92,460.87,20.50,63.46,0.3371,-1,-1,-1
394,96,1072.71,430.68,65.47,125.71,0.6781,-1,-1,-1
394,97,496.35,459.46,20.98,72.55,0.2969,-1,-1,-1
394,98,1071.92,429.84,64.91,245.32,0.3873,-1,-1,-1
395,38,1062.88,396.21,241.44,616.61,0.8249,-1,-1,-1
395,46,568.96,456.44,18.10,54.60,0.2769,-1,-1,-1
395,51,970.99,420.66,130.53,515.82,0.7601,-1,-1,-1
395,60,1250.43,448.26,35.18,84.92,0.3047,-1,-1,-1
395,68,724.43,474.23,51.53,126.44,0.7811,-1,-1,-1
395,70,1844.15,472.69,66.20,184.04,0.3824,-1,-1,-1
395,78,682.27,464.95,46.45,114.91,0.3267,-1,-1,-1
395,79,586.66,404.63,118.64,347.75,0.7220,-1,-1,-1
395,87,322.71,439.21,149.44,362.75,0.8396,-1,-1,-1
395,89,532.32,456.68,24.05,68.16,0.4465,-1,-1,-1
395,90,922.43,443.14,50.81,165.54,0.8227,-1,-1,-1
395,92,418.70,442.11,136.63,290.64,0.7126,-1,-1,-1
395,93,87.26,423.54,161.02,380.93,0.7276,-1,-1,-1
395,95,514.48,461.62,20.66,62.96,0.3736,-1,-1,-1
395,96,1076.92,431.05,64.30,124.67,0.6864,-1,-1,-1
396,38,1063.30,396.35,239.88,616.55,0.8695,-1,-1,-1
396,51,971.77,421.03,128.04,515.12,0.7610,-1,-1,-1
396,54,415.10,467.06,46.44,152.85,0.2577,-1,-1,-1
396,60,1249.79,446.89,34.75,85.00,0.3285,-1,-1,-1
396,68,723.59,472.56,51.44,127.95,0.7290,-1,-1,-1
396,70,1843.74,473.20,66.53,183.30,0.3386,-1,-1,-1
396,78,681.82,464.38,46.89,116.95,0.3395,-1,-1,-1
396,79,600.10,402.03,111.37,346.32,0.7292,-1,-1,-1
396,87,322.37,441.17,155.27,360.74,0.8501,-1,-1,-1
396,89,532.93,457.04,23.58,67.70,0.3777,-1,-1,-1
396,90,920.21,443.64,51.38,166.91,0.8039,-1,-1,-1
396,92,426.42,441.86,130.74,290.15,0.8042,-1,-1,-1
396,93,110.58,424.08,152.62,379.71,0.7853,-1,-1,-1
396,95,515.32,461.50,20.68,62.88,0.3925,-1,-1,-1
396,96,1081.43,431.07,64.94,124.81,0.6658,-1,-1,-1
397,38,1064.16,396.30,238.44,616.57,0.8694,-1,-1,-1
397,46,569.07,456.88,18.30,54.67,0.2842,-1,-1,-1
397,51,972.54,421.19,126.26,515.11,0.7578,-1,-1,-1
397,59,586.61,455.21,18.12,56.75,0.3264,-1,-1,-1
397,60,1250.32,446.37,34.47,85.31,0.3620,-1,-1,-1
397,68,722.03,472.00,51.82,130.21,0.7726,-1,-1,-1
397,70,1843.96,473.61,66.14,182.61,0.3356,-1,-1,-1
397,78,682.25,466.68,46.39,119.61,0.3449,-1,-1,-1
397,79,602.32,403.04,110.78,344.83,0.7622,-1,-1,-1
397,87,323.31,439.95,160.81,360.73,0.8776,-1,-1,-1
397,89,533.59,457.33,23.11,67.26,0.3730,-1,-1,-1
397,90,916.01,443.92,51.03,167.85,0.7721,-1,-1,-1
397,92,432.36,442.81,125.28,289.51,0.7922,-1,-1,-1
397,93,126.18,425.29,148.98,377.94,0.8066,-1,-1,-1
397,95,515.08,460.75,21.41,63.79,0.2704,-1,-1,-1
397,96,1083.84,430.99,65.13,124.72,0.6907,-1,-1,-1
398,38,1066.10,396.44,237.40,616.32,0.8786,-1,-1,-1
398,46,568.91,456.83,18.35,54.61,0.2607,-1,-1,-1
398,51,971.26,420.87,125.83,515.28,0.7232,-1,-1,-1
398,59,586.62,455.46,17.88,56.57,0.3341,-1,-1,-1
398,60,1249.38,446.87,34.67,86.78,0.4699,-1,-1,-1
398,68,720.35,471.04,52.42,130.83,0.7732,-1,-1,-1
398,70,1845.35,473.68,65.68,182.28,0.2648,-1,-1,-1
398,79,606.29,404.27,112.08,343.45,0.7657,-1,-1,-1
398,87,321.67,440.51,165.51,359.62,0.8702,-1,-1,-1
398,89,533.83,457.37,23.61,66.83,0.4274,-1,-1,-1
398,90,914.53,443.77,50.48,169.15,0.7296,-1,-1,-1
398,92,437.75,442.40,118.83,288.69,0.7607,-1,-1,-1
398,93,133.50,426.58,146.65,376.69,0.8701,-1,-1,-1
398,96,1084.57,430.67,65.19,123.70,0.6942,-1,-1,-1
399,38,1067.02,396.56,235.81,616.88,0.8626,-1,-1,-1
399,46,568.41,457.41,18.90,54.17,0.2912,-1,-1,-1
399,51,972.29,420.48,125.16,515.61,0.7476,-1,-1,-1
399,59,586.43,456.09,18.51,55.62,0.2763,-1,-1,-1
399,60,1248.16,447.38,35.05,88.34,0.5357,-1,-1,-1
399,68,719.39,469.27,52.54,130.89,0.7499,-1,-1,-1
399,79,610.36,404.59,114.15,342.90,0.8097,-1,-1,-1
399,87,322.13,439.52,167.96,357.87,0.8765,-1,-1,-1
399,89,534.50,457.37,23.42,67.13,0.3228,-1,-1,-1
399,90,912.63,443.65,50.79,169.63,0.7491,-1,-1,-1
399,92,450.13,441.12,109.33,287.99,0.7765,-1,-1,-1
399,93,144.89,427.45,158.46,375.88,0.8705,-1,-1,-1
399,96,1085.92,429.51,62.02,120.03,0.5455,-1,-1,-1
400,38,1068.17,394.74,233.26,618.38,0.8742,-1,-1,-1
400,51,974.98,420.13,123.46,515.85,0.7602,-1,-1,-1
400,59,586.14,456.68,18.97,55.52,0.2539,-1,-1,-1
400,60,1246.84,447.62,35.48,90.14,0.7077,-1,-1,-1
400,68,718.24,467.40,52.43,130.90,0.5761,-1,-1,-1
400,75,561.61,453.14,21.51,59.33,0.3541,-1,-1,-1
400,79,615.43,405.28,120.96,342.67,0.8387,-1,-1,-1
400,87,321.45,440.91,169.35,355.94,0.8637,-1,-1,-1
400,89,535.46,455.22,23.39,68.27,0.5064,-1,-1,-1
400,90,911.58,443.68,51.50,169.81,0.7415,-1,-1,-1
400,92,460.99,439.04,101.08,287.85,0.7810,-1,-1,-1
400,93,148.17,428.53,169.40,374.84,0.8718,-1,-1,-1
401,25,455.93,450.05,35.36,110.33,0.3445,-1,-1,-1
401,38,1068.03,393.78,230.61,619.92,0.8765,-1,-1,-1
401,51,978.23,420.20,121.31,515.73,0.7763,-1,-1,-1
401,59,585.13,457.76,19.91,54.87,0.4094,-1,-1,-1
401,60,1246.00,447.45,35.71,91.17,0.7117,-1,-1,-1
401,68,717.66,467.98,52.08,132.62,0.7061,-1,-1,-1
401,75,562.58,454.38,22.31,57.70,0.4126,-1,-1,-1
401,79,620.05,407.35,129.00,341.41,0.8203,-1,-1,-1
401,87,327.88,437.91,167.68,353.94,0.8754,-1,-1,-1
401,90,909.38,443.42,52.19,169.01,0.7415,-1,-1,-1
401,92,469.13,447.37,96.00,281.96,0.7969,-1,-1,-1
401,93,148.00,429.79,175.24,373.21,0.8763,-1,-1,-1
402,38,1069.58,394.23,227.56,620.16,0.8631,-1,-1,-1
402,51,980.06,421.94,120.17,514.62,0.7783,-1,-1,-1
402,59,584.38,458.06,20.29,54.67,0.3612,-1,-1,-1
402,60,1245.57,447.54,35.82,91.84,0.6719,-1,-1,-1
402,68,717.24,468.22,51.44,135.15,0.6503,-1,-1,-1
402,70,1847.32,476.71,64.84,178.95,0.2656,-1,-1,-1
402,75,562.99,455.51,23.04,56.50,0.3424,-1,-1,-1
402,79,623.80,407.37,136.20,340.64,0.8390,-1,-1,-1
402,87,337.64,438.83,161.87,352.78,0.8705,-1,-1,-1
402,90,904.61,444.81,54.91,168.40,0.6502,-1,-1,-1
402,92,477.72,446.42,91.43,280.63,0.5986,-1,-1,-1
402,93,150.20,431.31,182.17,371.49,0.8773,-1,-1,-1
403,38,1069.45,394.64,223.12,620.22,0.8591,-1,-1,-1
403,51,979.85,423.12,120.39,513.78,0.7797,-1,-1,-1
403,60,1244.84,447.33,35.70,92.27,0.6861,-1,-1,-1
403,68,716.08,467.26,51.30,136.26,0.5915,-1,-1,-1
403,70,1848.37,476.42,66.29,178.48,0.3006,-1,-1,-1
403,75,563.29,454.66,23.65,56.63,0.2758,-1,-1,-1
403,79,627.29,407.48,143.56,340.20,0.8520,-1,-1,-1
403,83,1669.63,432.97,47.00,139.65,0.2878,-1,-1,-1
403,85,486.60,448.84,66.57,281.39,0.2579,-1,-1,-1
403,87,344.13,435.98,156.79,350.72,0.8524,-1,-1,-1
403,90,901.08,448.32,57.11,166.06,0.4758,-1,-1,-1
403,92,488.39,445.68,91.87,279.84,0.5283,-1,-1,-1
403,93,151.04,432.69,189.83,370.08,0.8875,-1,-1,-1
404,38,1073.30,395.85,222.36,622.84,0.8595,-1,-1,-1
404,51,980.65,423.21,119.42,512.31,0.8000,-1,-1,-1
404,60,1243.60,447.77,35.43,92.04,0.6614,-1,-1,-1
404,68,714.39,467.66,50.93,138.67,0.7248,-1,-1,-1
404,70,1848.90,478.15,64.53,177.31,0.2874,-1,-1,-1
404,79,630.84,408.16,149.57,339.58,0.8476,-1,-1,-1
404,83,1668.33,433.59,47.26,138.47,0.3741,-1,-1,-1
404,85,490.30,449.44,62.93,281.58,0.2961,-1,-1,-1
404,87,354.03,434.60,149.07,349.12,0.8123,-1,-1,-1
404,90,895.70,450.99,55.75,163.83,0.6540,-1,-1,-1
404,92,498.71,446.02,97.89,280.37,0.5878,-1,-1,-1
404,93,152.14,432.25,194.90,369.36,0.8831,-1,-1,-1
405,38,1071.93,395.75,216.65,624.30,0.8608,-1,-1,-1
405,51,979.16,423.57,119.06,511.24,0.7839,-1,-1,-1
405,59,583.27,456.05,22.15,49.29,0.2559,-1,-1,-1
405,60,1242.50,448.02,34.96,92.09,0.6574,-1,-1,-1
405,68,714.93,468.58,49.67,139.88,0.4710,-1,-1,-1
405,70,1848.49,476.52,65.53,178.58,0.3343,-1,-1,-1
405,79,634.01,408.51,153.64,339.64,0.8609,-1,-1,-1
405,83,1668.88,434.83,47.12,137.84,0.2552,-1,-1,-1
405,87,366.95,435.42,138.49,346.04,0.8002,-1,-1,-1
405,90,892.79,449.17,54.85,163.68,0.6926,-1,-1,-1
405,92,506.14,448.49,106.51,279.40,0.7799,-1,-1,-1
405,93,153.23,430.93,197.19,368.75,0.8793,-1,-1,-1
406,38,1070.98,394.83,210.54,622.46,0.8492,-1,-1,-1
406,51,979.91,424.42,119.31,511.38,0.7807,-1,-1,-1
406,59,582.83,456.69,23.10,47.47,0.2538,-1,-1,-1
406,60,1241.99,448.18,34.70,92.36,0.6589,-1,-1,-1
406,68,716.30,467.28,47.76,139.95,0.6850,-1,-1,-1
406,70,1848.48,475.40,65.40,179.27,0.3557,-1,-1,-1
406,79,637.04,409.17,155.84,339.37,0.8582,-1,-1,-1
406,83,1668.67,435.04,47.12,136.90,0.3115,-1,-1,-1
406,87,382.05,432.70,126.65,343.67,0.8139,-1,-1,-1
406,90,891.26,451.10,53.72,161.90,0.6731,-1,-1,-1
406,92,510.75,445.54,116.27,281.85,0.8526,-1,-1,-1
406,93,159.22,429.75,195.14,367.79,0.8756,-1,-1,-1
407,31,379.44,456.22,48.25,71.04,0.3877,-1,-1,-1
407,38,1070.65,394.72,206.15,621.21,0.8492,-1,-1,-1
407,51,978.88,423.78,119.71,510.19,0.7672,-1,-1,-1
407,59,582.47,458.90,22.35,49.18,0.2575,-1,-1,-1
407,60,1241.52,448.78,33.89,93.31,0.6155,-1,-1,-1
407,68,718.71,465.48,45.15,140.33,0.4996,-1,-1,-1
407,70,1847.71,476.31,65.58,179.01,0.2687,-1,-1,-1
407,74,619.37,459.92,25.48,71.98,0.3369,-1,-1,-1
407,79,639.90,409.20,155.57,339.29,0.8836,-1,-1,-1
407,87,397.96,431.92,116.32,342.19,0.7346,-1,-1,-1
407,90,887.20,446.36,54.63,163.92,0.7698,-1,-1,-1
407,92,511.21,444.18,124.77,284.13,0.8577,-1,-1,-1
407,93,169.42,428.09,189.45,366.06,0.8686,-1,-1,-1
408,31,379.36,458.47,44.13,65.39,0.4033,-1,-1,-1
408,38,1070.89,394.87,202.42,619.98,0.8463,-1,-1,-1
408,51,978.16,423.49,120.47,509.39,0.7662,-1,-1,-1
408,59,582.37,459.23,22.65,49.92,0.4008,-1,-1,-1
408,60,1241.47,448.47,33.40,93.86,0.6851,-1,-1,-1
408,70,1847.28,475.28,66.88,179.94,0.3403,-1,-1,-1
408,74,619.28,460.09,25.97,72.06,0.5116,-1,-1,-1
408,79,643.93,410.00,154.23,338.76,0.9029,-1,-1,-1
408,83,1669.60,434.52,48.31,136.92,0.2604,-1,-1,-1
408,87,409.94,433.11,108.19,340.46,0.7954,-1,-1,-1
408,90,882.56,445.73,56.69,164.91,0.8114,-1,-1,-1
408,92,510.44,444.10,130.54,285.39,0.8653,-1,-1,-1
408,93,180.56,426.35,181.47,362.63,0.8554,-1,-1,-1
409,31,380.00,459.57,43.07,63.15,0.4587,-1,-1,-1
409,38,1067.89,396.33,199.70,619.64,0.8572,-1,-1,-1
409,51,976.74,422.98,122.09,508.68,0.7521,-1,-1,-1
409,60,1241.33,447.97,32.70,94.15,0.6589,-1,-1,-1
409,70,1846.41,477.53,65.57,178.27,0.3111,-1,-1,-1
409,74,618.80,459.88,26.12,72.76,0.6157,-1,-1,-1
409,79,645.60,410.68,153.58,337.78,0.9058,-1,-1,-1
409,83,1669.22,434.28,49.11,136.96,0.3714,-1,-1,-1
409,87,420.10,436.31,104.55,336.91,0.7858,-1,-1,-1
409,90,879.86,446.19,58.62,164.79,0.7908,-1,-1,-1
409,92,507.64,444.78,136.81,285.40,0.8350,-1,-1,-1
409,93,194.11,424.56,170.58,359.01,0.8299,-1,-1,-1
410,31,380.31,460.55,41.66,61.22,0.5312,-1,-1,-1
410,38,1067.03,397.20,196.63,619.12,0.8646,-1,-1,-1
410,51,975.59,422.77,123.01,508.50,0.7418,-1,-1,-1
410,60,1241.42,447.52,32.44,92.96,0.6496,-1,-1,-1
410,70,1843.78,477.20,65.22,178.37,0.3859,-1,-1,-1
410,74,618.76,459.91,26.06,73.05,0.5381,-1,-1,-1
410,79,646.61,410.94,153.03,336.63,0.9042,-1,-1,-1
410,83,1669.87,433.65,49.25,136.98,0.3445,-1,-1,-1
410,87,428.88,434.85,107.21,336.79,0.7882,-1,-1,-1
410,90,878.50,443.94,59.99,166.03,0.7975,-1,-1,-1
410,92,512.59,441.57,136.09,285.34,0.8288,-1,-1,-1
410,93,219.24,424.15,152.36,357.16,0.7763,-1,-1,-1
411,31,380.51,461.75,40.41,60.03,0.5128,-1,-1,-1
411,38,1065.66,398.25,194.36,618.37,0.8786,-1,-1,-1
411,51,978.05,423.24,121.80,509.83,0.7174,-1,-1,-1
411,60,1241.54,447.46,32.05,92.06,0.6432,-1,-1,-1
411,70,1843.58,477.51,64.58,178.08,0.3242,-1,-1,-1
411,74,619.08,459.76,26.10,73.19,0.4750,-1,-1,-1
411,79,647.24,411.23,152.51,334.51,0.9056,-1,-1,-1
411,83,1669.79,433.59,49.59,137.05,0.3685,-1,-1,-1
411,87,438.40,435.54,112.15,336.10,0.8680,-1,-1,-1
411,90,877.63,442.95,61.06,167.11,0.8269,-1,-1,-1
411,92,517.31,437.16,134.44,284.10,0.8181,-1,-1,-1
411,93,238.54,423.94,136.67,355.08,0.7853,-1,-1,-1
412,31,380.77,462.31,40.05,60.06,0.4515,-1,-1,-1
412,38,1065.57,399.91,194.18,616.32,0.8638,-1,-1,-1
412,51,979.16,422.97,121.19,511.04,0.7311,-1,-1,-1
412,60,1240.52,447.51,31.53,91.76,0.6034,-1,-1,-1
412,70,1845.43,483.20,63.48,174.16,0.2810,-1,-1,-1
412,74,619.41,458.03,25.87,73.49,0.2802,-1,-1,-1
412,79,647.92,410.92,152.06,332.79,0.9043,-1,-1,-1
412,83,1670.86,434.37,50.29,138.08,0.2780,-1,-1,-1
412,87,444.84,437.35,120.53,334.11,0.8672,-1,-1,-1
412,90,875.96,441.99,61.96,167.70,0.7725,-1,-1,-1
412,92,525.17,436.98,129.26,281.88,0.8063,-1,-1,-1
412,93,253.61,424.71,125.49,353.28,0.8077,-1,-1,-1
413,31,380.90,464.32,39.84,62.26,0.4078,-1,-1,-1
413,38,1063.26,400.53,195.30,614.88,0.8630,-1,-1,-1
413,48,411.96,459.42,38.77,79.15,0.3751,-1,-1,-1
413,51,976.09,421.97,122.56,512.55,0.7472,-1,-1,-1
413,60,1239.61,447.25,31.21,91.49,0.6463,-1,-1,-1
413,70,1847.07,497.38,61.04,164.66,0.4188,-1,-1,-1
413,79,649.49,410.27,151.31,332.51,0.9047,-1,-1,-1
413,83,1671.29,434.03,50.55,138.36,0.3208,-1,-1,-1
413,87,448.09,437.36,130.72,333.10,0.8715,-1,-1,-1
413,90,873.51,441.19,62.60,168.26,0.7191,-1,-1,-1
413,92,532.52,438.13,124.97,280.04,0.7644,-1,-1,-1
413,93,263.96,425.67,118.88,351.93,0.7858,-1,-1,-1
413,99,954.52,448.75,24.04,72.31,0.4903,-1,-1,-1
414,31,381.14,463.10,39.47,62.37,0.3206,-1,-1,-1
414,38,1062.12,400.91,196.61,613.93,0.8513,-1,-1,-1
414,48,412.45,458.31,38.87,82.16,0.3381,-1,-1,-1
414,51,977.69,420.96,120.90,513.93,0.7126,-1,-1,-1
414,60,1238.76,446.35,30.75,91.39,0.6638,-1,-1,-1
414,70,1848.41,491.56,60.32,165.09,0.3262,-1,-1,-1
414,79,651.38,410.27,150.02,331.91,0.9004,-1,-1,-1
414,83,1670.59,433.91,50.47,137.94,0.3097,-1,-1,-1
414,87,448.50,435.44,138.74,334.05,0.8868,-1,-1,-1
414,90,871.12,440.58,60.52,167.83,0.7543,-1,-1,-1
414,92,543.00,437.77,116.91,278.19,0.7660,-1,-1,-1
414,93,274.37,426.66,115.17,350.45,0.8148,-1,-1,-1
414,99,955.23,448.60,24.25,72.91,0.3209,-1,-1,-1
415,31,379.33,472.18,42.18,74.26,0.4756,-1,-1,-1
415,38,1060.39,400.52,198.99,613.69,0.8377,-1,-1,-1
415,48,412.27,458.24,39.23,86.04,0.3259,-1,-1,-1
415,51,975.17,419.71,121.77,515.34,0.7027,-1,-1,-1
415,60,1237.37,446.49,30.45,91.07,0.6392,-1,-1,-1
415,70,1849.05,495.64,58.96,161.72,0.3430,-1,-1,-1
415,79,655.39,409.94,147.12,331.36,0.8981,-1,-1,-1
415,83,1670.55,434.33,50.74,138.10,0.3044,-1,-1,-1
415,87,446.38,438.53,145.38,331.75,0.8739,-1,-1,-1
415,90,869.33,439.49,57.33,167.04,0.8290,-1,-1,-1
415,92,548.30,437.87,111.18,277.12,0.7574,-1,-1,-1
415,93,282.39,427.34,117.35,349.35,0.8043,-1,-1,-1
415,99,953.08,449.23,25.74,73.55,0.2710,-1,-1,-1
416,31,379.92,472.96,43.32,83.68,0.4629,-1,-1,-1
416,38,1057.60,399.83,201.05,614.22,0.8276,-1,-1,-1
416,48,411.18,462.92,40.11,93.53,0.2859,-1,-1,-1
416,51,969.96,418.98,123.90,514.89,0.7322,-1,-1,-1
416,60,1235.99,445.70,30.23,90.26,0.5635,-1,-1,-1
416,70,1849.50,501.40,58.01,157.07,0.3210,-1,-1,-1
416,79,663.45,408.01,141.72,330.96,0.8920,-1,-1,-1
416,83,1670.37,433.73,50.25,137.80,0.2957,-1,-1,-1
416,87,444.11,441.27,151.00,329.28,0.8695,-1,-1,-1
416,90,868.48,438.68,55.59,166.82,0.7456,-1,-1,-1
416,92,559.83,436.14,102.83,277.21,0.7574,-1,-1,-1
416,93,288.59,426.23,117.93,348.82,0.8192,-1,-1,-1
416,99,957.04,447.70,25.35,74.26,0.2986,-1,-1,-1
417,31,380.31,471.65,44.47,91.26,0.6356,-1,-1,-1
417,38,1055.45,400.13,200.85,614.75,0.8402,-1,-1,-1
417,48,410.72,463.08,41.13,98.09,0.2919,-1,-1,-1
417,51,970.64,418.62,122.85,514.59,0.7173,-1,-1,-1
417,60,1236.87,445.02,28.78,86.66,0.3507,-1,-1,-1
417,70,1849.47,502.73,57.25,154.73,0.3515,-1,-1,-1
417,79,671.42,405.91,136.21,329.77,0.8862,-1,-1,-1
417,83,1671.07,433.67,49.83,137.62,0.3193,-1,-1,-1
417,87,441.67,443.49,155.51,327.21,0.8540,-1,-1,-1
417,90,865.05,437.93,54.12,166.56,0.7238,-1,-1,-1
417,92,567.10,437.06,98.96,278.26,0.6587,-1,-1,-1
417,93,293.78,427.75,122.97,346.93,0.8508,-1,-1,-1
418,31,381.24,469.79,45.22,97.63,0.6390,-1,-1,-1
418,38,1049.05,400.69,195.98,616.76,0.8357,-1,-1,-1
418,48,410.39,461.14,41.13,101.31,0.3109,-1,-1,-1
418,51,969.71,418.17,122.80,514.71,0.6998,-1,-1,-1
418,70,1849.47,499.53,57.06,155.56,0.3581,-1,-1,-1
418,79,679.02,405.94,131.21,328.14,0.8896,-1,-1,-1
418,83,1671.26,433.84,49.79,137.47,0.3309,-1,-1,-1
418,87,441.17,446.89,158.54,323.75,0.8739,-1,-1,-1
418,90,862.35,437.38,52.24,166.21,0.7400,-1,-1,-1
418,92,579.57,439.20,93.80,275.72,0.7205,-1,-1,-1
418,93,298.89,429.50,132.46,345.42,0.8601,-1,-1,-1
418,99,960.68,446.79,25.36,75.26,0.4054,-1,-1,-1
418,100,1190.70,431.26,113.97,482.37,0.4026,-1,-1,-1
418,101,1002.22,449.11,22.05,68.76,0.4510,-1,-1,-1
419,31,381.76,468.25,45.36,102.11,0.5531,-1,-1,-1
419,38,1046.92,400.33,193.57,618.63,0.8413,-1,-1,-1
419,48,410.62,459.45,40.47,104.22,0.2860,-1,-1,-1
419,51,973.51,419.21,119.78,514.22,0.6334,-1,-1,-1
419,70,1849.40,496.72,56.85,157.11,0.3839,-1,-1,-1
419,79,687.31,405.34,126.84,327.42,0.8728,-1,-1,-1
419,87,441.84,445.23,160.04,323.36,0.8853,-1,-1,-1
419,90,859.55,436.94,51.90,166.41,0.8125,-1,-1,-1
419,92,590.00,442.36,89.63,272.67,0.8099,-1,-1,-1
419,93,300.58,430.48,142.26,344.59,0.8471,-1,-1,-1
419,99,964.39,448.14,23.69,73.41,0.4795,-1,-1,-1
419,100,1176.08,433.23,112.21,470.45,0.5686,-1,-1,-1
419,101,1001.49,449.03,22.55,70.96,0.3970,-1,-1,-1
419,102,452.59,446.61,53.01,94.97,0.4078,-1,-1,-1
420,31,383.97,466.42,44.41,105.74,0.2903,-1,-1,-1
420,38,1049.72,400.05,196.95,618.45,0.8351,-1,-1,-1
420,48,410.79,459.08,40.45,107.43,0.4849,-1,-1,-1
420,51,971.29,419.31,120.60,514.61,0.6771,-1,-1,-1
420,70,1847.52,485.39,59.35,165.02,0.3912,-1,-1,-1
420,79,693.28,404.92,123.98,327.19,0.8543,-1,-1,-1
420,83,1671.03,435.15,49.67,136.80,0.3414,-1,-1,-1
420,87,446.82,443.31,157.76,323.32,0.8681,-1,-1,-1
420,90,859.94,437.40,50.37,166.26,0.7892,-1,-1,-1
420,92,599.31,442.98,88.44,271.13,0.7933,-1,-1,-1
420,93,300.11,430.94,150.89,343.95,0.8489,-1,-1,-1
420,99,966.28,448.87,22.39,72.06,0.3932,-1,-1,-1
420,100,1173.55,431.31,114.18,478.54,0.4843,-1,-1,-1
420,101,1001.84,448.60,24.31,73.80,0.3169,-1,-1,-1
421,38,1050.55,401.69,200.29,618.04,0.8073,-1,-1,-1
421,48,411.97,458.51,40.33,110.05,0.4999,-1,-1,-1
421,51,971.93,419.12,119.77,514.46,0.6543,-1,-1,-1
421,70,1846.67,480.90,61.02,169.57,0.4060,-1,-1,-1
421,79,699.11,404.73,121.33,325.71,0.8515,-1,-1,-1
421,83,1670.64,435.66,49.57,136.30,0.2594,-1,-1,-1
421,87,454.54,440.97,152.95,323.67,0.8589,-1,-1,-1
421,90,859.18,437.99,49.40,165.96,0.8002,-1,-1,-1
421,92,609.66,440.30,91.92,273.16,0.7995,-1,-1,-1
421,93,299.15,432.86,158.42,341.85,0.8785,-1,-1,-1
421,99,967.00,449.31,21.64,71.72,0.3535,-1,-1,-1
421,100,1167.50,429.05,113.93,478.74,0.3965,-1,-1,-1
421,103,452.94,454.89,35.06,91.98,0.4460,-1,-1,-1
422,38,1049.33,402.20,204.11,618.16,0.6863,-1,-1,-1
422,48,411.54,457.80,40.91,111.35,0.3705,-1,-1,-1
422,51,970.85,420.55,119.92,514.69,0.6477,-1,-1,-1
422,70,1846.10,478.81,61.78,172.51,0.3968,-1,-1,-1
422,79,703.30,406.42,119.68,324.02,0.8688,-1,-1,-1
422,83,1670.33,435.80,49.36,135.91,0.2539,-1,-1,-1
422,87,463.53,439.36,146.42,322.62,0.8323,-1,-1,-1
422,90,856.02,438.48,49.48,165.12,0.7236,-1,-1,-1
422,92,616.31,440.95,99.12,273.53,0.8397,-1,-1,-1
422,93,303.50,434.08,166.28,338.13,0.8762,-1,-1,-1
422,99,967.70,449.46,21.25,71.25,0.3667,-1,-1,-1
422,100,1159.24,425.57,116.34,486.64,0.3775,-1,-1,-1
422,103,451.33,456.52,35.31,96.81,0.4358,-1,-1,-1
423,38,1047.39,402.34,206.17,618.22,0.6532,-1,-1,-1
423,51,968.23,423.64,121.10,514.35,0.6224,-1,-1,-1
423,70,1845.15,477.90,62.53,174.40,0.3932,-1,-1,-1
423,79,706.94,408.57,118.91,322.41,0.8460,-1,-1,-1
423,87,470.38,438.80,140.25,321.11,0.8344,-1,-1,-1
423,90,854.22,439.19,49.54,163.95,0.7593,-1,-1,-1
423,92,619.32,442.20,107.57,273.32,0.8595,-1,-1,-1
423,93,305.07,434.25,172.62,336.89,0.8828,-1,-1,-1
423,99,968.91,449.75,20.66,70.43,0.2780,-1,-1,-1
423,100,1157.68,417.79,125.04,493.72,0.3718,-1,-1,-1
423,103,450.38,455.85,36.86,103.44,0.4679,-1,-1,-1
424,38,1041.58,401.76,197.06,620.77,0.6873,-1,-1,-1
424,51,966.47,426.65,121.89,512.85,0.5914,-1,-1,-1
424,70,1847.02,484.01,61.10,171.34,0.3635,-1,-1,-1
424,79,710.86,409.71,118.78,321.71,0.8446,-1,-1,-1
424,87,480.87,438.10,131.92,320.84,0.8449,-1,-1,-1
424,90,851.44,439.51,49.82,163.41,0.7922,-1,-1,-1
424,92,620.09,442.51,115.74,272.86,0.8699,-1,-1,-1
424,93,306.95,433.64,176.25,336.28,0.8855,-1,-1,-1
424,99,970.68,449.72,20.34,69.62,0.2648,-1,-1,-1
424,100,1157.47,415.62,130.06,497.84,0.5081,-1,-1,-1
424,103,450.15,455.59,36.66,104.37,0.4898,-1,-1,-1
425,38,1040.23,400.72,189.00,622.23,0.6090,-1,-1,-1
425,51,966.84,438.51,121.73,505.59,0.5502,-1,-1,-1
425,59,587.27,457.94,20.99,51.36,0.2657,-1,-1,-1
425,70,1846.41,482.96,61.18,171.18,0.3596,-1,-1,-1
425,79,713.63,411.36,119.47,319.95,0.8588,-1,-1,-1
425,83,1670.46,435.06,49.94,136.68,0.2581,-1,-1,-1
425,87,494.37,437.63,121.54,320.33,0.7548,-1,-1,-1
425,90,848.37,439.91,50.28,162.76,0.8024,-1,-1,-1
425,92,619.92,445.12,122.34,270.88,0.8574,-1,-1,-1
425,93,310.11,432.42,177.51,335.35,0.8751,-1,-1,-1
425,100,1160.03,415.01,140.41,514.05,0.6653,-1,-1,-1
425,103,446.13,453.18,37.75,103.51,0.3403,-1,-1,-1
426,38,1042.26,399.73,183.11,623.56,0.6702,-1,-1,-1
426,51,967.46,434.70,121.68,506.12,0.6062,-1,-1,-1
426,59,589.39,457.30,19.57,51.84,0.2710,-1,-1,-1
426,79,716.29,412.16,119.56,318.82,0.8473,-1,-1,-1
426,87,502.75,438.00,114.79,319.51,0.7075,-1,-1,-1
426,90,845.20,440.62,51.36,162.61,0.7647,-1,-1,-1
426,92,619.45,443.63,127.18,271.24,0.8697,-1,-1,-1
426,93,317.86,431.69,174.53,334.28,0.8578,-1,-1,-1
426,100,1154.37,425.58,157.02,566.33,0.5654,-1,-1,-1
426,104,474.38,456.22,33.06,74.23,0.4506,-1,-1,-1
427,38,1046.22,399.59,179.40,625.26,0.7222,-1,-1,-1
427,51,968.88,429.94,121.66,508.28,0.6297,-1,-1,-1
427,79,719.87,412.15,119.37,318.47,0.8473,-1,-1,-1
427,87,520.14,438.00,105.32,318.74,0.7672,-1,-1,-1
427,90,842.53,441.08,51.36,162.07,0.7562,-1,-1,-1
427,92,618.08,442.03,130.80,273.15,0.8805,-1,-1,-1
427,93,328.28,428.44,168.08,332.67,0.8349,-1,-1,-1
427,100,1149.23,423.09,167.96,597.79,0.4698,-1,-1,-1
427,104,475.87,458.47,31.84,69.74,0.3913,-1,-1,-1
428,38,1049.90,399.66,177.03,627.16,0.7245,-1,-1,-1
428,51,969.40,427.92,121.93,510.23,0.7566,-1,-1,-1
428,79,722.22,412.17,119.06,318.09,0.8654,-1,-1,-1
428,83,1667.61,436.69,48.87,135.69,0.4339,-1,-1,-1
428,87,529.03,438.80,100.28,318.72,0.8021,-1,-1,-1
428,90,840.50,441.54,50.36,161.09,0.7654,-1,-1,-1
428,92,616.60,444.31,132.74,271.87,0.8495,-1,-1,-1
428,93,340.00,428.18,159.20,329.22,0.8249,-1,-1,-1
428,100,1151.94,418.37,172.01,615.02,0.5968,-1,-1,-1
428,104,474.44,457.68,32.12,69.16,0.3761,-1,-1,-1
429,38,1052.75,400.32,176.11,629.73,0.7736,-1,-1,-1
429,51,970.36,426.39,122.53,511.93,0.7358,-1,-1,-1
429,74,614.55,460.04,33.54,111.74,0.2641,-1,-1,-1
429,79,724.24,411.98,118.68,318.02,0.8708,-1,-1,-1
429,87,536.36,439.13,99.39,318.20,0.8260,-1,-1,-1
429,90,839.70,440.55,48.10,159.53,0.7887,-1,-1,-1
429,92,620.32,444.04,131.28,271.88,0.8586,-1,-1,-1
429,93,356.08,428.12,145.68,326.91,0.7429,-1,-1,-1
429,100,1154.92,412.06,173.24,621.30,0.5961,-1,-1,-1
429,104,472.85,457.35,33.12,70.97,0.3979,-1,-1,-1
430,38,1056.68,400.43,174.66,630.89,0.7810,-1,-1,-1
430,51,972.51,425.50,123.69,513.44,0.6758,-1,-1,-1
430,79,728.46,412.87,118.26,318.09,0.8571,-1,-1,-1
430,87,543.71,439.47,101.58,318.32,0.8266,-1,-1,-1
430,89,543.34,443.06,29.73,56.71,0.3948,-1,-1,-1
430,90,839.09,440.36,46.37,158.33,0.7542,-1,-1,-1
430,92,628.04,443.21,126.48,270.59,0.8390,-1,-1,-1
430,93,371.23,428.96,130.05,325.57,0.6877,-1,-1,-1
430,100,1160.49,408.58,170.99,615.44,0.4898,-1,-1,-1
430,101,998.12,447.07,25.27,75.90,0.2759,-1,-1,-1
430,104,470.43,460.76,36.93,86.19,0.4025,-1,-1,-1
430,105,1245.79,438.32,101.56,278.81,0.3924,-1,-1,-1
431,38,1060.03,402.09,173.68,633.71,0.7756,-1,-1,-1
431,51,974.32,424.44,125.70,514.86,0.6872,-1,-1,-1
431,79,729.76,412.63,117.81,318.21,0.8286,-1,-1,-1
431,87,548.78,438.65,105.68,318.79,0.8340,-1,-1,-1
431,89,544.74,446.16,30.17,53.32,0.3223,-1,-1,-1
431,90,838.02,440.50,45.60,157.17,0.7845,-1,-1,-1
431,92,636.26,443.20,119.95,269.94,0.5299,-1,-1,-1
431,93,374.42,433.68,124.00,326.23,0.7073,-1,-1,-1
431,95,521.31,453.49,24.48,63.99,0.4340,-1,-1,-1
431,100,1164.26,362.10,164.42,521.20,0.5671,-1,-1,-1
431,101,997.11,446.63,26.43,76.09,0.3045,-1,-1,-1
431,105,1247.04,431.62,101.48,291.67,0.4702,-1,-1,-1
432,38,1064.18,399.80,171.20,632.79,0.7816,-1,-1,-1
432,51,976.11,422.22,127.59,517.36,0.6882,-1,-1,-1
432,70,1845.22,466.46,64.89,182.08,0.5224,-1,-1,-1
432,78,649.56,449.78,61.76,166.47,0.2754,-1,-1,-1
432,79,733.45,412.43,119.53,318.44,0.8204,-1,-1,-1
432,87,555.31,438.38,113.21,319.42,0.8697,-1,-1,-1
432,90,836.93,439.75,45.87,157.24,0.7550,-1,-1,-1
432,92,646.10,445.15,115.11,271.31,0.5453,-1,-1,-1
432,93,380.36,435.18,118.87,326.00,0.6705,-1,-1,-1
432,95,521.31,454.46,24.31,65.13,0.4964,-1,-1,-1
432,100,1170.07,360.75,156.61,464.49,0.5994,-1,-1,-1
432,101,998.02,446.96,26.69,75.32,0.3393,-1,-1,-1
432,105,1254.16,428.59,97.79,296.68,0.4726,-1,-1,-1
432,106,1514.11,304.55,384.57,742.26,0.2521,-1,-1,-1
433,38,1070.82,397.13,172.38,628.84,0.8018,-1,-1,-1
433,51,980.15,420.96,128.72,520.19,0.7410,-1,-1,-1
433,70,1847.65,462.69,65.81,186.62,0.3268,-1,-1,-1
433,78,646.83,450.49,60.01,170.80,0.2598,-1,-1,-1
433,79,735.38,412.14,117.73,318.32,0.8039,-1,-1,-1
433,85,680.54,441.64,66.78,265.12,0.4889,-1,-1,-1
433,87,557.70,440.31,120.23,318.54,0.8595,-1,-1,-1
433,90,835.04,438.58,45.91,156.28,0.6601,-1,-1,-1
433,93,382.40,435.56,117.08,325.29,0.6672,-1,-1,-1
433,95,521.81,455.86,24.46,66.20,0.4575,-1,-1,-1
433,100,1176.39,370.72,149.70,425.47,0.5993,-1,-1,-1
433,101,997.64,447.82,27.18,76.24,0.3747,-1,-1,-1
433,102,403.10,464.17,101.44,260.93,0.4224,-1,-1,-1
433,105,1263.11,425.57,97.01,300.69,0.4983,-1,-1,-1
433,106,1473.82,292.04,427.65,754.70,0.6392,-1,-1,-1
434,38,1072.78,383.50,171.00,602.81,0.7473,-1,-1,-1
434,51,982.66,421.11,129.52,519.95,0.7573,-1,-1,-1
434,70,1847.03,463.49,65.70,188.29,0.4023,-1,-1,-1
434,78,644.99,452.33,59.26,164.91,0.4088,-1,-1,-1
434,79,740.29,412.06,116.46,317.94,0.8260,-1,-1,-1
434,85,684.67,436.31,70.28,273.07,0.5017,-1,-1,-1
434,87,557.54,441.02,125.78,317.54,0.8694,-1,-1,-1
434,90,834.01,438.24,44.28,156.16,0.5754,-1,-1,-1
434,93,388.69,436.09,115.60,324.64,0.5214,-1,-1,-1
434,95,522.31,458.44,24.34,67.09,0.5964,-1,-1,-1
434,100,1182.97,389.53,144.39,412.39,0.5725,-1,-1,-1
434,101,1000.18,447.56,27.18,76.49,0.4484,-1,-1,-1
434,102,411.61,460.06,94.83,277.50,0.3721,-1,-1,-1
434,105,1269.88,425.74,96.36,307.38,0.6356,-1,-1,-1
435,38,1076.83,358.64,171.88,536.44,0.7478,-1,-1,-1
435,51,985.50,413.74,133.16,508.42,0.7247,-1,-1,-1
435,70,1845.15,465.21,66.10,188.93,0.4037,-1,-1,-1
435,79,743.19,411.13,113.82,317.39,0.8080,-1,-1,-1
435,85,691.60,438.90,69.59,270.40,0.6035,-1,-1,-1
435,87,556.93,441.77,129.88,316.87,0.8766,-1,-1,-1
435,89,546.82,456.24,30.21,56.50,0.2902,-1,-1,-1
435,90,830.99,439.20,46.08,155.52,0.5858,-1,-1,-1
435,93,400.37,433.18,117.29,322.37,0.6619,-1,-1,-1
435,95,522.12,459.66,24.12,67.24,0.5886,-1,-1,-1
435,100,1187.20,391.46,139.22,389.97,0.6443,-1,-1,-1
435,101,1001.26,447.12,27.03,76.66,0.4843,-1,-1,-1
435,105,1274.91,425.61,97.30,314.09,0.7764,-1,-1,-1
436,38,1082.99,363.98,169.07,504.12,0.8105,-1,-1,-1
436,48,406.85,459.38,46.67,111.11,0.2693,-1,-1,-1
436,51,992.34,397.00,132.98,470.82,0.7089,-1,-1,-1
436,70,1845.47,465.52,66.33,188.78,0.2791,-1,-1,-1
436,79,745.78,411.56,110.87,316.90,0.7977,-1,-1,-1
436,85,699.36,437.29,68.93,271.98,0.5958,-1,-1,-1
436,87,555.76,442.70,134.00,316.09,0.8814,-1,-1,-1
436,89,547.37,457.98,30.58,60.91,0.3427,-1,-1,-1
436,90,827.47,440.23,45.90,154.42,0.6497,-1,-1,-1
436,93,415.13,434.80,111.95,319.45,0.7626,-1,-1,-1
436,95,522.01,459.06,24.04,67.82,0.6241,-1,-1,-1
436,100,1192.06,404.64,135.72,387.29,0.7302,-1,-1,-1
436,101,1002.42,447.29,27.05,77.31,0.3175,-1,-1,-1
436,105,1278.97,425.84,96.76,320.01,0.6458,-1,-1,-1
436,106,1309.87,270.76,454.00,771.26,0.2665,-1,-1,-1
436,110,1875.41,387.71,44.00,251.21,0.3180,-1,-1,-1
437,38,1089.96,375.26,168.17,486.07,0.8571,-1,-1,-1
437,51,994.81,399.37,135.42,450.06,0.7400,-1,-1,-1
437,70,1845.06,469.24,66.47,185.76,0.3454,-1,-1,-1
437,79,746.52,411.99,110.02,315.23,0.7651,-1,-1,-1
437,85,704.86,435.41,69.39,272.14,0.6200,-1,-1,-1
437,87,555.05,443.44,137.21,314.85,0.8717,-1,-1,-1
437,89,547.80,457.72,29.75,64.30,0.4256,-1,-1,-1
437,90,827.22,440.82,45.00,153.37,0.6605,-1,-1,-1
437,93,417.27,434.93,117.71,318.94,0.7175,-1,-1,-1
437,95,521.88,459.88,24.05,68.25,0.6762,-1,-1,-1
437,100,1196.53,393.98,133.79,360.45,0.5797,-1,-1,-1
437,101,1002.98,446.97,27.02,77.28,0.2547,-1,-1,-1
437,110,1876.59,388.13,43.30,248.29,0.3102,-1,-1,-1
438,38,1096.16,382.88,164.61,476.57,0.8633,-1,-1,-1
438,51,1000.07,405.90,136.11,440.34,0.7448,-1,-1,-1
438,75,587.78,455.01,19.49,46.96,0.2548,-1,-1,-1
438,79,750.80,411.44,109.35,313.89,0.7897,-1,-1,-1
438,85,710.38,434.79,71.54,271.56,0.6559,-1,-1,-1
438,87,554.10,442.21,140.90,314.83,0.8622,-1,-1,-1
438,89,548.34,458.18,28.94,66.58,0.5034,-1,-1,-1
438,90,827.66,441.18,44.17,152.97,0.3611,-1,-1,-1
438,93,423.49,435.50,120.69,317.32,0.7773,-1,-1,-1
438,95,522.10,461.06,23.90,67.57,0.5921,-1,-1,-1
438,106,1192.35,295.81,441.86,742.70,0.5107,-1,-1,-1
438,110,1875.85,387.11,43.88,249.68,0.3245,-1,-1,-1
439,31,367.44,481.07,73.37,141.74,0.4278,-1,-1,-1
439,38,1098.93,392.02,159.45,472.87,0.7785,-1,-1,-1
439,51,1002.47,412.73,137.24,438.26,0.7715,-1,-1,-1
439,79,761.30,410.98,107.18,312.05,0.7602,-1,-1,-1
439,85,714.33,435.79,73.42,270.64,0.6878,-1,-1,-1
439,87,554.36,440.22,142.91,315.56,0.8600,-1,-1,-1
439,89,549.26,457.05,28.85,68.94,0.3571,-1,-1,-1
439,93,427.86,434.57,123.33,317.01,0.7557,-1,-1,-1
439,95,522.58,461.47,23.78,67.17,0.4995,-1,-1,-1
439,106,1144.30,337.77,420.75,705.87,0.4873,-1,-1,-1
440,31,359.77,495.22,75.16,132.42,0.6410,-1,-1,-1
440,38,1094.07,391.12,145.47,443.44,0.5277,-1,-1,-1
440,51,1003.57,418.64,140.64,440.13,0.7561,-1,-1,-1
440,70,1848.29,479.77,62.35,178.99,0.3287,-1,-1,-1
440,75,588.52,455.83,18.89,46.76,0.2647,-1,-1,-1
440,79,769.46,412.92,102.73,309.65,0.6887,-1,-1,-1
440,85,715.11,437.46,77.50,270.12,0.6197,-1,-1,-1
440,87,554.69,439.74,144.17,316.09,0.8703,-1,-1,-1
440,89,547.94,456.47,30.69,73.85,0.3729,-1,-1,-1
440,93,431.17,434.99,124.96,316.12,0.8411,-1,-1,-1
440,95,523.16,460.96,23.85,66.90,0.3632,-1,-1,-1
440,106,1097.50,344.01,403.53,698.30,0.5121,-1,-1,-1
440,110,1878.08,390.18,42.21,242.88,0.2638,-1,-1,-1
441,31,351.80,502.90,76.74,130.64,0.7013,-1,-1,-1
441,51,1001.27,417.46,135.26,437.22,0.5640,-1,-1,-1
441,70,1850.02,480.11,60.43,176.72,0.3184,-1,-1,-1
441,75,588.44,456.57,18.49,47.73,0.3910,-1,-1,-1
441,79,775.95,411.21,98.31,306.15,0.7674,-1,-1,-1
441,87,555.46,438.66,144.53,316.76,0.8872,-1,-1,-1
441,92,704.87,441.62,104.75,266.41,0.7092,-1,-1,-1
441,93,436.15,436.51,126.52,313.87,0.8136,-1,-1,-1
441,95,522.97,460.88,23.88,66.79,0.4630,-1,-1,-1
441,105,1318.68,419.92,122.00,343.65,0.8148,-1,-1,-1
441,106,1083.87,466.69,365.57,612.47,0.3094,-1,-1,-1
442,25,414.31,457.15,36.43,110.57,0.2612,-1,-1,-1
442,31,343.86,508.25,78.93,131.88,0.7121,-1,-1,-1
442,70,1849.79,479.60,59.56,175.96,0.3511,-1,-1,-1
442,75,588.37,457.41,18.36,49.84,0.3253,-1,-1,-1
442,79,782.57,409.61,93.05,302.46,0.7126,-1,-1,-1
442,87,561.03,437.79,141.33,315.91,0.8773,-1,-1,-1
442,92,717.21,436.96,115.28,272.85,0.8107,-1,-1,-1
442,93,440.44,437.47,124.59,312.66,0.8240,-1,-1,-1
442,105,1314.67,420.87,134.33,342.73,0.7860,-1,-1,-1
442,106,1014.12,409.66,361.46,627.65,0.6809,-1,-1,-1
442,110,1876.96,389.73,42.72,243.14,0.2682,-1,-1,-1
442,111,381.51,463.35,44.01,82.42,0.4504,-1,-1,-1
443,25,415.80,457.06,37.34,112.12,0.3547,-1,-1,-1
443,31,336.95,509.91,79.13,133.07,0.7123,-1,-1,-1
443,70,1849.73,479.88,58.78,175.23,0.4142,-1,-1,-1
443,75,588.44,456.75,18.20,51.00,0.4148,-1,-1,-1
443,79,788.83,410.15,87.82,301.27,0.7125,-1,-1,-1
443,87,567.44,436.45,136.22,314.57,0.8816,-1,-1,-1
443,89,549.36,450.86,29.90,69.14,0.2763,-1,-1,-1
443,92,717.29,439.27,117.71,270.99,0.7044,-1,-1,-1
443,93,446.38,437.46,120.58,311.20,0.8145,-1,-1,-1
443,100,1226.53,431.60,126.91,378.48,0.7251,-1,-1,-1
443,105,1315.81,422.08,138.63,341.98,0.7731,-1,-1,-1
443,106,959.74,383.73,362.16,637.49,0.8046,-1,-1,-1
443,110,1872.27,389.32,46.45,256.05,0.2649,-1,-1,-1
443,111,380.70,465.77,48.68,99.06,0.5788,-1,-1,-1
444,25,417.57,456.80,38.25,113.67,0.4644,-1,-1,-1
444,31,327.73,509.94,80.93,132.62,0.7690,-1,-1,-1
444,38,1153.30,382.14,129.92,408.05,0.3761,-1,-1,-1
444,70,1851.19,481.38,57.57,173.97,0.3564,-1,-1,-1
444,75,588.21,456.10,18.25,52.34,0.4982,-1,-1,-1
444,79,793.75,411.09,83.67,302.22,0.7009,-1,-1,-1
444,87,574.84,437.13,130.14,311.24,0.8754,-1,-1,-1
444,89,550.72,449.87,29.72,66.37,0.2855,-1,-1,-1
444,92,720.90,434.41,123.63,275.15,0.7267,-1,-1,-1
444,93,454.59,434.32,116.35,309.16,0.7135,-1,-1,-1
444,100,1235.13,440.70,119.44,384.85,0.4486,-1,-1,-1
444,105,1318.99,423.82,139.58,343.94,0.7704,-1,-1,-1
444,106,907.84,372.29,354.72,643.28,0.7751,-1,-1,-1
444,110,1874.54,388.46,45.33,251.59,0.2501,-1,-1,-1
444,111,380.28,464.95,50.25,108.22,0.6054,-1,-1,-1
445,25,419.77,455.27,38.75,115.40,0.5400,-1,-1,-1
445,31,320.86,510.45,82.48,133.77,0.7410,-1,-1,-1
445,38,1157.47,410.55,155.21,447.77,0.5819,-1,-1,-1
445,68,717.71,449.18,35.02,113.99,0.2743,-1,-1,-1
445,70,1849.74,478.36,59.54,176.03,0.4021,-1,-1,-1
445,75,588.19,455.85,18.32,53.12,0.4998,-1,-1,-1
445,79,799.39,410.09,80.16,302.85,0.7120,-1,-1,-1
445,87,583.59,435.99,122.99,309.22,0.8518,-1,-1,-1
445,89,550.45,450.03,29.17,64.57,0.3653,-1,-1,-1
445,92,713.46,437.81,118.33,272.29,0.7601,-1,-1,-1
445,93,459.80,431.39,115.08,305.70,0.6993,-1,-1,-1
445,100,1241.12,423.53,115.04,363.40,0.4263,-1,-1,-1
445,105,1323.43,424.07,137.95,344.79,0.8261,-1,-1,-1
445,106,875.01,357.11,343.75,645.87,0.2880,-1,-1,-1
445,110,1875.37,388.77,44.75,249.14,0.2991,-1,-1,-1
445,111,379.95,463.05,51.09,113.50,0.6419,-1,-1,-1
446,25,418.21,455.36,39.05,116.40,0.5713,-1,-1,-1
446,31,312.26,513.48,83.54,135.79,0.6624,-1,-1,-1
446,38,1150.39,444.30,172.12,517.85,0.6479,-1,-1,-1
446,68,720.24,450.71,31.51,108.76,0.3649,-1,-1,-1
446,70,1849.74,482.63,58.93,173.32,0.3635,-1,-1,-1
446,74,593.32,467.22,51.14,166.19,0.2601,-1,-1,-1
446,75,587.95,455.62,18.59,53.59,0.5212,-1,-1,-1
446,79,801.91,409.76,75.70,302.02,0.6552,-1,-1,-1
446,87,595.46,436.27,115.72,306.48,0.7819,-1,-1,-1
446,92,715.48,438.83,114.60,271.23,0.7362,-1,-1,-1
446,93,471.73,429.10,109.96,303.35,0.7568,-1,-1,-1
446,100,1239.85,421.71,116.30,356.15,0.3280,-1,-1,-1
446,105,1329.26,423.93,133.97,345.99,0.8070,-1,-1,-1
446,106,839.72,346.35,337.81,647.43,0.4729,-1,-1,-1
446,110,1872.71,388.21,46.47,253.70,0.2909,-1,-1,-1
446,111,380.00,461.67,51.27,116.69,0.6826,-1,-1,-1
447,25,418.03,454.36,39.14,117.50,0.5362,-1,-1,-1
447,31,304.92,514.67,84.10,137.67,0.7890,-1,-1,-1
447,38,1150.41,449.52,182.28,560.20,0.7094,-1,-1,-1
447,51,1059.86,418.36,120.43,429.32,0.5474,-1,-1,-1
447,68,721.39,449.76,30.01,105.02,0.3433,-1,-1,-1
447,70,1850.09,493.22,57.27,166.28,0.4688,-1,-1,-1
447,75,587.84,456.18,18.78,53.69,0.5165,-1,-1,-1
447,79,806.26,405.63,76.21,295.27,0.4225,-1,-1,-1
447,87,610.64,435.46,108.38,304.57,0.8072,-1,-1,-1
447,92,720.41,436.02,114.53,272.15,0.7439,-1,-1,-1
447,93,476.52,428.79,107.79,301.60,0.7562,-1,-1,-1
447,100,1247.35,423.51,112.23,345.27,0.4409,-1,-1,-1
447,105,1334.73,422.92,129.82,347.19,0.8488,-1,-1,-1
447,106,808.35,336.32,333.13,649.49,0.3949,-1,-1,-1
447,111,380.05,461.02,50.94,118.13,0.6737,-1,-1,-1
448,25,418.84,455.53,39.38,116.82,0.4231,-1,-1,-1
448,31,297.58,513.50,85.31,139.59,0.7601,-1,-1,-1
448,38,1149.16,445.92,191.44,588.94,0.6959,-1,-1,-1
448,51,1057.86,436.41,125.15,462.38,0.6963,-1,-1,-1
448,68,723.02,449.50,30.20,102.56,0.4937,-1,-1,-1
448,70,1846.76,486.41,58.61,167.95,0.3628,-1,-1,-1
448,75,588.22,455.87,18.64,54.15,0.6303,-1,-1,-1
448,87,623.25,436.38,99.19,302.91,0.8257,-1,-1,-1
448,89,552.46,456.16,28.56,70.00,0.2530,-1,-1,-1
448,92,726.77,436.58,116.39,269.86,0.7082,-1,-1,-1
448,93,476.90,429.59,109.05,297.74,0.7433,-1,-1,-1
448,100,1255.22,425.15,109.79,333.64,0.4747,-1,-1,-1
448,105,1339.50,421.42,127.04,348.17,0.8157,-1,-1,-1
448,106,778.26,331.39,328.33,646.50,0.4463,-1,-1,-1
448,110,1878.16,389.00,43.26,248.32,0.3863,-1,-1,-1
448,111,380.52,460.23,50.66,118.96,0.6569,-1,-1,-1
449,25,417.94,455.16,39.06,116.53,0.4345,-1,-1,-1
449,31,289.57,516.02,86.12,140.58,0.6478,-1,-1,-1
449,38,1148.35,439.65,193.56,606.97,0.7225,-1,-1,-1
449,51,1047.50,439.20,133.57,484.79,0.7957,-1,-1,-1
449,68,723.36,447.45,29.69,97.48,0.5032,-1,-1,-1
449,70,1848.96,492.82,57.55,164.01,0.3069,-1,-1,-1
449,75,588.35,455.48,18.54,54.10,0.5573,-1,-1,-1
449,87,632.00,437.29,91.42,301.62,0.7910,-1,-1,-1
449,93,479.41,430.30,109.01,296.81,0.8083,-1,-1,-1
449,100,1263.14,438.58,105.87,319.01,0.5644,-1,-1,-1
449,101,1001.31,446.92,27.28,78.33,0.4310,-1,-1,-1
449,105,1342.53,420.62,124.21,348.93,0.8145,-1,-1,-1
449,106,731.86,329.82,322.71,645.20,0.7390,-1,-1,-1
449,110,1879.43,389.95,41.68,244.74,0.3386,-1,-1,-1
449,111,380.55,459.45,50.44,119.78,0.6548,-1,-1,-1
450,25,417.84,454.97,38.86,116.33,0.4890,-1,-1,-1
450,31,283.05,514.99,85.49,142.77,0.7838,-1,-1,-1
450,38,1152.07,428.83,201.73,624.60,0.6397,-1,-1,-1
450,51,1045.01,437.53,138.69,497.97,0.8429,-1,-1,-1
450,68,722.63,446.35,29.53,93.24,0.5915,-1,-1,-1
450,70,1846.45,486.22,59.14,166.74,0.3372,-1,-1,-1
450,74,585.30,473.48,65.95,176.82,0.4028,-1,-1,-1
450,75,588.29,455.49,18.64,53.91,0.4477,-1,-1,-1
450,87,636.57,436.87,86.44,300.09,0.8194,-1,-1,-1
450,93,484.38,429.90,108.37,296.70,0.7516,-1,-1,-1
450,100,1259.75,449.63,107.81,345.39,0.4657,-1,-1,-1
450,101,999.52,447.35,28.44,77.89,0.4611,-1,-1,-1
450,105,1345.98,419.54,120.66,349.44,0.7431,-1,-1,-1
450,106,701.71,332.99,324.66,652.32,0.6209,-1,-1,-1
450,111,380.62,458.95,50.04,120.03,0.7048,-1,-1,-1
451,25,417.77,454.90,38.77,116.17,0.5215,-1,-1,-1
451,31,274.77,512.32,86.61,143.28,0.8230,-1,-1,-1
451,38,1150.52,422.60,221.44,635.15,0.7711,-1,-1,-1
451,51,1044.42,434.88,142.41,506.57,0.8231,-1,-1,-1
451,70,1844.32,483.28,61.35,168.95,0.4033,-1,-1,-1
451,74,581.62,472.26,72.62,180.58,0.4813,-1,-1,-1
451,75,588.64,455.36,18.59,53.26,0.3598,-1,-1,-1
451,87,643.74,437.69,85.51,298.48,0.7458,-1,-1,-1
451,93,495.65,428.74,110.78,297.19,0.6502,-1,-1,-1
451,100,1257.56,443.25,111.40,370.77,0.4021,-1,-1,-1
451,101,998.85,447.09,28.93,77.77,0.3776,-1,-1,-1
451,105,1345.46,418.58,119.10,350.13,0.8169,-1,-1,-1
451,106,668.84,335.43,327.69,651.55,0.7295,-1,-1,-1
451,110,1879.40,390.56,41.05,242.99,0.2950,-1,-1,-1
451,111,380.65,458.70,49.68,120.06,0.6753,-1,-1,-1
452,25,418.69,453.82,38.77,116.84,0.5201,-1,-1,-1
452,31,265.95,512.23,87.51,144.28,0.7957,-1,-1,-1
452,38,1159.33,414.51,236.47,640.81,0.7930,-1,-1,-1
452,51,1045.79,432.61,144.95,512.01,0.8191,-1,-1,-1
452,70,1842.64,480.55,62.30,170.71,0.4259,-1,-1,-1
452,78,611.77,481.00,59.46,158.13,0.2919,-1,-1,-1
452,93,495.57,430.87,118.34,295.50,0.6771,-1,-1,-1
452,101,998.25,446.41,29.57,78.12,0.2667,-1,-1,-1
452,105,1356.72,418.05,121.57,351.17,0.8707,-1,-1,-1
452,106,643.86,354.94,325.43,662.00,0.6835,-1,-1,-1
452,110,1880.09,391.04,40.29,242.16,0.3779,-1,-1,-1
452,111,380.39,458.61,49.74,120.32,0.6642,-1,-1,-1
453,25,419.33,453.17,39.13,117.44,0.5298,-1,-1,-1
453,31,258.31,511.25,88.21,143.93,0.7716,-1,-1,-1
453,38,1164.82,415.36,252.21,649.08,0.7979,-1,-1,-1
453,51,1047.16,430.58,147.01,515.71,0.8325,-1,-1,-1
453,70,1844.34,479.71,61.96,171.87,0.2777,-1,-1,-1
453,79,824.69,375.57,65.34,216.02,0.3617,-1,-1,-1
453,93,499.76,432.28,122.25,294.98,0.7761,-1,-1,-1
453,101,998.07,446.14,29.90,78.25,0.3259,-1,-1,-1
453,105,1365.76,417.31,123.06,351.28,0.8713,-1,-1,-1
453,106,611.86,356.76,324.66,654.02,0.6263,-1,-1,-1
453,110,1879.76,390.32,40.24,241.44,0.2988,-1,-1,-1
453,111,380.53,458.48,49.93,120.51,0.6208,-1,-1,-1
454,25,419.33,453.36,39.12,117.88,0.5571,-1,-1,-1
454,31,250.42,511.14,89.23,143.25,0.7812,-1,-1,-1
454,38,1165.44,415.24,267.03,653.42,0.7058,-1,-1,-1
454,51,1049.00,428.64,149.56,518.49,0.8125,-1,-1,-1
454,70,1844.95,476.44,62.28,174.28,0.2778,-1,-1,-1
454,74,579.09,465.96,60.17,172.48,0.2753,-1,-1,-1
454,85,822.44,416.76,73.25,280.21,0.6346,-1,-1,-1
454,93,500.67,433.27,120.86,294.42,0.7863,-1,-1,-1
454,101,999.40,446.04,29.65,78.03,0.2935,-1,-1,-1
454,105,1371.74,417.23,124.10,353.17,0.8484,-1,-1,-1
454,106,591.67,368.40,317.04,652.55,0.6671,-1,-1,-1
454,110,1881.82,392.85,38.83,241.50,0.3266,-1,-1,-1
454,111,380.70,457.96,50.20,120.59,0.6090,-1,-1,-1
455,25,419.98,451.76,38.88,118.94,0.5680,-1,-1,-1
455,31,243.36,512.66,90.12,141.00,0.8094,-1,-1,-1
455,38,1149.94,413.68,259.04,657.16,0.6753,-1,-1,-1
455,51,1052.20,426.83,152.50,521.16,0.7995,-1,-1,-1
455,70,1845.96,476.98,61.61,175.30,0.3148,-1,-1,-1
455,85,826.75,414.43,76.64,288.81,0.6479,-1,-1,-1
455,90,794.45,442.50,51.62,196.54,0.3787,-1,-1,-1
455,93,502.43,433.79,111.99,289.86,0.6842,-1,-1,-1
455,101,999.05,446.71,29.31,77.55,0.4083,-1,-1,-1
455,105,1376.99,416.72,124.73,354.81,0.8565,-1,-1,-1
455,106,555.50,374.31,313.32,642.04,0.6920,-1,-1,-1
455,110,1882.40,392.67,38.11,241.80,0.3272,-1,-1,-1
455,111,381.07,457.86,50.04,120.52,0.6756,-1,-1,-1
456,25,419.94,453.05,38.56,118.75,0.6058,-1,-1,-1
456,31,237.56,512.19,89.91,139.40,0.7560,-1,-1,-1
456,38,1161.02,412.94,275.37,659.50,0.6844,-1,-1,-1
456,51,1056.21,424.77,152.45,523.48,0.7809,-1,-1,-1
456,68,728.68,450.12,27.23,84.18,0.6672,-1,-1,-1
456,70,1845.38,478.83,63.63,174.69,0.3853,-1,-1,-1
456,85,820.88,411.96,85.09,294.22,0.7707,-1,-1,-1
456,90,795.23,447.51,54.60,223.16,0.3314,-1,-1,-1
456,101,1001.31,446.68,27.82,77.06,0.3682,-1,-1,-1
456,105,1381.40,417.59,125.34,356.61,0.8662,-1,-1,-1
456,106,514.80,386.54,317.39,643.78,0.6735,-1,-1,-1
456,110,1882.53,393.73,37.70,240.52,0.3396,-1,-1,-1
456,111,381.68,458.15,49.47,120.09,0.6538,-1,-1,-1
456,114,1014.87,447.27,29.97,78.81,0.2712,-1,-1,-1
456,115,1063.63,438.11,34.79,121.48,0.4747,-1,-1,-1
457,25,419.46,449.47,38.55,121.00,0.5698,-1,-1,-1
457,31,228.80,514.12,90.99,137.76,0.8383,-1,-1,-1
457,38,1163.65,409.50,287.41,661.86,0.5315,-1,-1,-1
457,51,1061.76,424.47,154.19,525.23,0.8086,-1,-1,-1
457,70,1843.44,479.89,64.50,174.17,0.4547,-1,-1,-1
457,85,823.38,413.11,83.69,294.20,0.6583,-1,-1,-1
457,87,684.29,417.79,76.68,232.71,0.5111,-1,-1,-1
457,90,796.91,444.47,55.91,239.75,0.3722,-1,-1,-1
457,100,1209.80,423.26,149.31,422.59,0.3983,-1,-1,-1
457,101,1003.42,445.02,26.94,74.69,0.3013,-1,-1,-1
457,105,1384.13,419.64,125.80,359.24,0.8617,-1,-1,-1
457,106,470.94,392.43,322.95,645.84,0.6803,-1,-1,-1
457,110,1883.40,394.35,36.95,239.51,0.3780,-1,-1,-1
457,111,382.34,458.07,49.22,119.97,0.6273,-1,-1,-1
457,114,1022.88,447.34,26.09,76.88,0.2574,-1,-1,-1
457,115,1063.45,437.20,34.42,121.80,0.4661,-1,-1,-1
458,25,418.50,448.77,38.68,122.31,0.5635,-1,-1,-1
458,31,220.34,514.06,92.05,136.66,0.8224,-1,-1,-1
458,38,1162.78,410.85,297.29,661.15,0.7128,-1,-1,-1
458,51,1068.20,423.18,154.77,527.13,0.8262,-1,-1,-1
458,70,1842.99,475.17,66.45,177.08,0.4707,-1,-1,-1
458,85,817.74,410.80,87.59,295.41,0.6955,-1,-1,-1
458,87,691.78,443.07,88.10,258.45,0.7464,-1,-1,-1
458,90,795.13,439.05,56.41,248.47,0.3386,-1,-1,-1
458,101,1005.36,445.74,25.96,73.88,0.2668,-1,-1,-1
458,105,1389.57,420.75,128.89,362.23,0.8652,-1,-1,-1
458,106,411.96,395.21,337.06,654.56,0.6306,-1,-1,-1
458,110,1879.46,392.38,39.12,241.56,0.2927,-1,-1,-1
458,111,382.81,458.41,49.15,119.64,0.6224,-1,-1,-1
458,115,1060.83,437.40,35.42,125.54,0.2887,-1,-1,-1
459,25,419.30,453.41,36.82,119.46,0.3317,-1,-1,-1
459,31,211.59,516.93,93.31,136.95,0.7946,-1,-1,-1
459,38,1161.78,408.80,303.22,662.24,0.7647,-1,-1,-1
459,51,1076.92,423.91,153.18,528.96,0.8459,-1,-1,-1
459,70,1838.94,476.56,68.46,176.07,0.5259,-1,-1,-1
459,83,1672.15,435.54,47.22,135.12,0.2832,-1,-1,-1
459,85,823.71,411.78,84.12,294.52,0.7464,-1,-1,-1
459,87,693.41,447.82,94.86,269.77,0.8392,-1,-1,-1
459,90,791.65,440.89,59.60,249.77,0.4743,-1,-1,-1
459,101,1006.79,443.74,24.82,69.70,0.3058,-1,-1,-1
459,105,1396.39,421.61,135.22,365.69,0.8737,-1,-1,-1
459,106,367.56,390.26,350.08,663.18,0.6881,-1,-1,-1
459,110,1880.85,393.58,38.68,240.53,0.3363,-1,-1,-1
459,111,382.74,458.49,49.54,119.43,0.7434,-1,-1,-1
459,113,950.63,485.79,63.63,94.94,0.2644,-1,-1,-1
459,114,1032.42,448.05,24.28,75.52,0.2950,-1,-1,-1
459,115,1059.86,436.98,36.51,127.49,0.3101,-1,-1,-1
459,116,1698.88,433.60,92.01,146.58,0.3904,-1,-1,-1
460,31,202.45,517.36,94.44,135.57,0.7567,-1,-1,-1
460,38,1158.19,408.43,307.69,661.31,0.7534,-1,-1,-1
460,51,1084.64,424.93,152.58,532.42,0.8285,-1,-1,-1
460,70,1842.04,477.88,67.89,176.14,0.2894,-1,-1,-1
460,74,575.26,430.81,54.97,149.01,0.6608,-1,-1,-1
460,83,1671.06,435.49,46.34,135.97,0.3048,-1,-1,-1
460,85,827.25,411.30,82.61,294.88,0.7448,-1,-1,-1
460,87,682.32,445.99,105.58,278.83,0.8915,-1,-1,-1
460,105,1405.03,422.11,144.98,368.65,0.8929,-1,-1,-1
460,106,334.35,386.77,358.38,672.04,0.7069,-1,-1,-1
460,110,1878.68,393.01,40.06,242.21,0.3778,-1,-1,-1
460,113,931.25,481.36,79.74,104.14,0.3110,-1,-1,-1
460,114,1033.22,449.86,24.02,75.69,0.3737,-1,-1,-1
460,115,1057.66,438.09,36.48,117.93,0.4998,-1,-1,-1
460,116,1700.44,434.29,88.03,145.61,0.4342,-1,-1,-1
461,31,193.46,518.00,95.35,135.43,0.7500,-1,-1,-1
461,38,1192.28,407.02,290.66,660.24,0.7570,-1,-1,-1
461,51,1092.49,424.68,151.95,534.71,0.7962,-1,-1,-1
461,70,1846.35,480.19,65.72,174.94,0.2513,-1,-1,-1
461,74,580.15,431.08,53.37,140.92,0.5040,-1,-1,-1
461,85,824.85,409.28,86.82,295.32,0.6831,-1,-1,-1
461,87,676.16,443.93,112.93,284.80,0.8957,-1,-1,-1
461,101,1009.37,448.59,24.31,71.09,0.2840,-1,-1,-1
461,105,1408.87,423.68,151.55,371.01,0.9058,-1,-1,-1
461,106,292.17,376.57,359.05,669.75,0.5580,-1,-1,-1
461,113,944.99,479.97,71.28,97.83,0.2605,-1,-1,-1
461,114,1034.76,448.38,23.75,77.06,0.3525,-1,-1,-1
461,115,1056.16,439.82,36.05,112.38,0.4899,-1,-1,-1
461,116,1693.34,431.78,92.46,150.36,0.3081,-1,-1,-1
461,117,622.59,455.59,23.42,77.29,0.2705,-1,-1,-1
462,31,183.93,517.22,97.19,133.92,0.7449,-1,-1,-1
462,38,1178.17,405.26,295.88,660.55,0.8110,-1,-1,-1
462,51,1104.27,425.81,148.83,537.88,0.7868,-1,-1,-1
462,70,1844.96,480.44,65.12,173.97,0.3185,-1,-1,-1
462,74,585.92,430.30,52.93,137.03,0.4863,-1,-1,-1
462,85,818.10,408.86,94.41,296.52,0.7759,-1,-1,-1
462,87,675.91,442.85,116.50,288.06,0.8839,-1,-1,-1
462,89,547.72,449.27,41.20,101.91,0.2754,-1,-1,-1
462,93,548.28,433.24,107.11,286.59,0.3038,-1,-1,-1
462,95,526.03,451.31,30.87,98.91,0.2913,-1,-1,-1
462,101,1008.23,448.90,23.37,71.69,0.2796,-1,-1,-1
462,105,1411.09,424.05,156.28,373.74,0.8803,-1,-1,-1
462,106,269.60,362.07,342.59,657.18,0.3027,-1,-1,-1
462,110,1872.58,393.32,44.38,251.75,0.3453,-1,-1,-1
462,113,950.10,479.77,66.56,94.29,0.3004,-1,-1,-1
462,114,1036.43,448.16,23.06,77.11,0.2712,-1,-1,-1
462,115,1054.46,442.41,37.50,117.91,0.5484,-1,-1,-1
462,116,1689.33,430.43,95.29,152.29,0.2929,-1,-1,-1
462,118,777.25,442.66,45.85,143.97,0.6189,-1,-1,-1
463,31,174.87,515.84,98.29,131.05,0.6259,-1,-1,-1
463,38,1174.03,403.87,298.29,662.46,0.7945,-1,-1,-1
463,51,1109.51,424.37,146.60,540.93,0.7490,-1,-1,-1
463,70,1843.89,480.87,64.87,173.47,0.3737,-1,-1,-1
463,78,585.32,452.39,75.56,236.78,0.4732,-1,-1,-1
463,85,816.60,407.93,97.02,296.90,0.7382,-1,-1,-1
463,87,677.91,442.01,117.55,289.53,0.8608,-1,-1,-1
463,93,560.30,430.58,109.70,283.93,0.6728,-1,-1,-1
463,95,524.25,446.53,37.00,108.45,0.4718,-1,-1,-1
463,101,1008.23,448.93,22.62,71.33,0.2717,-1,-1,-1
463,105,1413.75,424.40,159.31,376.16,0.8932,-1,-1,-1
463,106,246.92,368.34,352.97,668.84,0.6850,-1,-1,-1
463,110,1869.42,390.83,47.65,257.90,0.3845,-1,-1,-1
463,113,951.60,479.22,63.98,89.79,0.2693,-1,-1,-1
463,115,1051.87,440.49,40.73,126.72,0.4884,-1,-1,-1
463,116,1688.17,429.84,97.93,153.95,0.2910,-1,-1,-1
463,118,777.79,441.94,43.04,142.76,0.6807,-1,-1,-1
464,31,165.35,513.54,98.54,126.09,0.5999,-1,-1,-1
464,38,1178.04,402.92,297.53,664.55,0.8563,-1,-1,-1
464,51,1116.69,423.78,147.89,543.59,0.7958,-1,-1,-1
464,70,1843.78,480.41,63.70,172.66,0.3591,-1,-1,-1
464,78,588.56,445.66,74.95,253.34,0.2650,-1,-1,-1
464,83,1670.61,436.60,44.54,135.27,0.2679,-1,-1,-1
464,85,815.26,408.04,101.49,297.13,0.7593,-1,-1,-1
464,87,683.84,440.30,114.99,291.07,0.8503,-1,-1,-1
464,93,564.15,429.78,110.85,282.57,0.5419,-1,-1,-1
464,95,522.61,444.75,46.03,113.16,0.3885,-1,-1,-1
464,101,1006.80,449.13,23.39,72.21,0.2869,-1,-1,-1
464,105,1417.51,423.77,160.17,378.56,0.8842,-1,-1,-1
464,106,219.10,365.94,364.01,678.36,0.6127,-1,-1,-1
464,110,1868.64,390.49,49.27,260.61,0.3736,-1,-1,-1
464,113,951.06,479.59,62.81,85.62,0.2630,-1,-1,-1
464,115,1051.39,439.37,41.40,129.23,0.5404,-1,-1,-1
464,118,777.20,441.11,42.69,144.12,0.7831,-1,-1,-1
464,119,1106.95,431.96,43.60,136.40,0.5060,-1,-1,-1
465,38,1183.73,402.84,294.06,666.45,0.8400,-1,-1,-1
465,51,1122.04,420.89,146.82,544.62,0.8343,-1,-1,-1
465,70,1844.89,480.25,63.68,173.06,0.2729,-1,-1,-1
465,85,817.09,407.66,103.65,297.41,0.7474,-1,-1,-1
465,87,695.03,439.38,108.30,291.80,0.8353,-1,-1,-1
465,93,561.15,430.68,113.36,281.48,0.8502,-1,-1,-1
465,95,520.73,453.72,61.67,148.16,0.5284,-1,-1,-1
465,105,1423.41,422.75,158.00,380.17,0.8696,-1,-1,-1
465,106,176.12,367.24,371.98,684.19,0.7001,-1,-1,-1
465,110,1867.60,389.59,50.71,262.35,0.3364,-1,-1,-1
465,115,1049.79,437.43,39.68,123.61,0.4188,-1,-1,-1
465,116,1683.45,428.79,100.04,155.12,0.2545,-1,-1,-1
465,118,776.74,441.05,42.49,145.11,0.7399,-1,-1,-1
465,119,1107.69,433.45,43.32,140.06,0.5942,-1,-1,-1
466,38,1192.41,401.34,287.36,665.92,0.8112,-1,-1,-1
466,51,1123.58,421.41,145.94,544.11,0.8497,-1,-1,-1
466,85,821.36,407.96,102.80,298.01,0.7420,-1,-1,-1
466,87,707.38,438.06,100.14,292.32,0.7744,-1,-1,-1
466,93,563.57,429.89,112.19,280.90,0.7978,-1,-1,-1
466,95,513.17,459.98,66.75,165.32,0.7037,-1,-1,-1
466,101,1002.52,448.37,22.35,72.01,0.3077,-1,-1,-1
466,104,442.75,499.70,56.84,99.96,0.2537,-1,-1,-1
466,105,1429.84,421.29,154.43,381.81,0.8498,-1,-1,-1
466,106,156.99,368.57,392.42,688.12,0.5991,-1,-1,-1
466,110,1868.24,388.22,50.94,262.96,0.2607,-1,-1,-1
466,115,1047.77,439.05,41.53,125.73,0.4439,-1,-1,-1
466,118,776.54,443.20,41.48,143.92,0.5766,-1,-1,-1
466,119,1104.82,434.04,45.84,149.11,0.5916,-1,-1,-1
467,38,1206.98,398.71,277.60,666.24,0.7843,-1,-1,-1
467,51,1126.70,423.80,147.36,548.95,0.8215,-1,-1,-1
467,70,1828.87,476.38,61.55,168.00,0.2594,-1,-1,-1
467,85,826.65,407.91,100.09,297.95,0.7833,-1,-1,-1
467,87,721.12,437.63,95.28,292.91,0.8009,-1,-1,-1
467,93,568.39,428.85,109.21,280.94,0.7773,-1,-1,-1
467,95,506.28,467.43,69.51,170.36,0.7148,-1,-1,-1
467,101,1001.50,448.66,22.36,72.17,0.4763,-1,-1,-1
467,105,1442.01,419.54,146.19,382.79,0.8742,-1,-1,-1
467,106,114.28,370.03,406.45,688.10,0.5742,-1,-1,-1
467,110,1858.49,447.38,53.45,222.62,0.2949,-1,-1,-1
467,113,961.33,481.87,53.67,78.88,0.2589,-1,-1,-1
467,115,1045.87,439.61,43.04,126.15,0.5366,-1,-1,-1
467,119,1101.96,432.99,47.91,154.65,0.5257,-1,-1,-1
467,121,466.35,453.74,30.75,61.61,0.3445,-1,-1,-1
468,25,413.29,451.17,38.77,112.57,0.3112,-1,-1,-1
468,38,1226.00,399.38,268.02,665.83,0.7850,-1,-1,-1
468,51,1126.73,426.59,150.83,553.75,0.8403,-1,-1,-1
468,70,1839.55,478.98,61.75,169.56,0.2638,-1,-1,-1
468,85,828.54,407.71,98.40,297.91,0.7789,-1,-1,-1
468,87,728.78,434.39,91.83,295.03,0.8220,-1,-1,-1
468,89,558.33,442.59,34.43,88.40,0.3239,-1,-1,-1
468,93,571.29,429.03,106.70,280.62,0.7998,-1,-1,-1
468,95,499.29,467.78,71.64,172.27,0.7236,-1,-1,-1
468,101,1000.80,448.59,22.16,72.20,0.4306,-1,-1,-1
468,105,1453.04,418.35,138.30,384.10,0.8502,-1,-1,-1
468,106,94.75,374.06,402.27,685.73,0.6780,-1,-1,-1
468,108,412.95,460.84,77.03,163.84,0.2503,-1,-1,-1
468,110,1868.01,415.35,50.67,227.28,0.2734,-1,-1,-1
468,111,377.69,457.78,47.85,118.35,0.3458,-1,-1,-1
468,115,1044.44,440.45,45.22,127.78,0.5585,-1,-1,-1
468,119,1101.89,432.95,48.24,157.64,0.6625,-1,-1,-1
468,121,464.85,455.29,30.78,61.85,0.3284,-1,-1,-1
469,25,412.09,450.67,39.45,108.18,0.2997,-1,-1,-1
469,38,1244.11,403.70,259.21,664.86,0.7591,-1,-1,-1
469,51,1125.15,428.23,155.03,559.06,0.8804,-1,-1,-1
469,70,1842.31,480.80,62.15,170.22,0.2627,-1,-1,-1
469,85,831.25,407.13,97.35,297.56,0.7857,-1,-1,-1
469,87,734.87,435.29,89.59,295.07,0.8220,-1,-1,-1
469,89,560.56,446.15,31.80,83.33,0.3566,-1,-1,-1
469,93,574.97,430.16,104.04,279.86,0.7868,-1,-1,-1
469,95,495.55,468.92,72.00,174.00,0.7104,-1,-1,-1
469,101,999.99,448.67,22.58,72.22,0.4316,-1,-1,-1
469,105,1461.36,416.23,129.47,385.24,0.8251,-1,-1,-1
469,106,58.67,379.21,404.44,684.14,0.8080,-1,-1,-1
469,108,417.61,483.98,70.60,141.00,0.3735,-1,-1,-1
469,111,374.91,457.62,49.67,117.45,0.4127,-1,-1,-1
469,115,1042.25,440.44,46.99,127.90,0.4367,-1,-1,-1
469,119,1101.86,432.30,48.38,159.77,0.6834,-1,-1,-1
469,121,463.91,456.57,31.37,64.19,0.3734,-1,-1,-1
470,38,1261.11,401.64,254.67,666.07,0.7256,-1,-1,-1
470,51,1128.87,429.74,157.21,566.10,0.8489,-1,-1,-1
470,70,1844.85,480.23,61.61,171.46,0.2806,-1,-1,-1
470,85,831.98,406.36,95.92,297.12,0.7901,-1,-1,-1
470,87,740.30,435.50,90.39,295.42,0.7965,-1,-1,-1
470,89,561.57,448.42,31.42,81.89,0.5101,-1,-1,-1
470,93,579.20,429.43,101.13,280.29,0.6976,-1,-1,-1
470,95,489.81,472.72,72.45,175.64,0.5753,-1,-1,-1
470,101,999.66,448.42,22.82,72.35,0.3277,-1,-1,-1
470,105,1475.11,413.75,126.89,387.53,0.8569,-1,-1,-1
470,106,38.07,383.84,402.85,678.89,0.7019,-1,-1,-1
470,108,416.33,494.54,67.43,133.26,0.3053,-1,-1,-1
470,110,1866.00,401.23,52.68,241.46,0.2945,-1,-1,-1
470,111,377.93,458.89,47.50,115.62,0.4085,-1,-1,-1
470,115,1043.45,440.80,46.94,128.46,0.5212,-1,-1,-1
470,119,1102.03,431.86,47.98,160.70,0.6267,-1,-1,-1
470,120,1291.05,430.34,77.26,185.35,0.2722,-1,-1,-1
470,121,464.11,455.34,31.66,62.68,0.3967,-1,-1,-1
471,38,1278.51,400.31,249.08,667.67,0.7964,-1,-1,-1
471,51,1134.56,429.50,159.42,571.33,0.8517,-1,-1,-1
471,70,1847.91,480.91,61.36,171.93,0.2621,-1,-1,-1
471,85,832.92,407.78,95.11,297.26,0.8010,-1,-1,-1
471,87,745.87,435.39,93.68,295.94,0.8244,-1,-1,-1
471,89,562.08,450.10,30.69,81.40,0.4952,-1,-1,-1
471,93,582.61,428.87,98.27,280.68,0.7108,-1,-1,-1
471,95,479.96,470.07,75.13,179.13,0.6928,-1,-1,-1
471,100,1277.49,457.79,85.56,376.98,0.3438,-1,-1,-1
471,105,1483.20,411.88,122.38,389.01,0.8531,-1,-1,-1
471,106,12.25,388.96,401.88,674.11,0.7646,-1,-1,-1
471,108,412.38,482.03,64.67,138.64,0.5361,-1,-1,-1
471,110,1864.54,395.16,54.23,250.35,0.3328,-1,-1,-1
471,111,379.22,459.18,45.87,112.93,0.3377,-1,-1,-1
471,115,1044.87,441.50,47.10,129.90,0.4384,-1,-1,-1
471,119,1101.34,431.16,48.26,161.74,0.6834,-1,-1,-1
471,121,464.18,455.83,31.70,62.24,0.2891,-1,-1,-1
472,25,411.18,454.26,39.58,108.21,0.2701,-1,-1,-1
472,38,1295.36,397.76,243.09,667.50,0.7177,-1,-1,-1
472,51,1138.58,427.77,160.12,575.02,0.8498,-1,-1,-1
472,70,1848.66,480.29,61.41,172.74,0.2979,-1,-1,-1
472,78,611.88,435.94,74.56,268.52,0.2903,-1,-1,-1
472,85,833.45,407.70,95.19,297.50,0.7879,-1,-1,-1
472,87,749.55,436.39,97.09,295.02,0.8238,-1,-1,-1
472,89,562.47,450.51,29.95,80.28,0.5743,-1,-1,-1
472,93,587.32,429.43,96.84,280.23,0.7184,-1,-1,-1
472,95,474.77,468.60,76.39,182.76,0.4430,-1,-1,-1
472,100,1275.56,441.94,94.29,435.24,0.2988,-1,-1,-1
472,101,997.70,447.70,23.87,72.89,0.3087,-1,-1,-1
472,105,1490.55,411.21,119.70,390.52,0.8472,-1,-1,-1
472,106,-8.78,394.36,400.05,668.19,0.7409,-1,-1,-1
472,110,1864.65,391.15,54.69,256.45,0.4025,-1,-1,-1
472,115,1042.17,439.38,45.72,126.11,0.3683,-1,-1,-1
472,119,1099.78,429.71,48.64,163.31,0.6319,-1,-1,-1
472,120,1288.35,483.83,87.15,271.54,0.2671,-1,-1,-1
472,121,464.06,454.66,31.33,58.88,0.2982,-1,-1,-1
473,25,408.93,456.13,41.92,107.04,0.2696,-1,-1,-1
473,38,1307.83,399.15,238.13,668.99,0.7868,-1,-1,-1
473,51,1139.40,426.34,161.54,578.29,0.8611,-1,-1,-1
473,70,1847.29,478.75,61.49,173.79,0.3952,-1,-1,-1
473,85,834.24,407.54,95.86,298.05,0.7931,-1,-1,-1
473,87,751.51,436.42,101.34,293.58,0.8451,-1,-1,-1
473,89,562.75,450.78,29.20,79.45,0.6077,-1,-1,-1
473,93,594.88,430.00,96.34,280.04,0.7701,-1,-1,-1
473,95,467.07,468.25,77.89,181.90,0.5714,-1,-1,-1
473,100,1278.85,442.17,95.18,454.57,0.3026,-1,-1,-1
473,105,1496.52,411.56,118.17,391.43,0.8431,-1,-1,-1
473,106,-21.03,397.27,390.80,664.91,0.6052,-1,-1,-1
473,110,1865.17,388.82,54.65,259.90,0.3290,-1,-1,-1
473,115,1035.57,434.49,44.75,115.62,0.3137,-1,-1,-1
473,119,1101.25,429.57,47.43,163.11,0.6231,-1,-1,-1
473,120,1292.75,478.23,90.06,335.89,0.2967,-1,-1,-1
474,38,1319.50,398.25,232.36,669.64,0.8570,-1,-1,-1
474,48,394.21,480.59,60.73,147.72,0.2873,-1,-1,-1
474,51,1142.91,425.16,161.38,581.12,0.8644,-1,-1,-1
474,68,733.06,451.36,21.25,72.54,0.2621,-1,-1,-1
474,70,1847.09,477.75,61.47,174.90,0.3532,-1,-1,-1
474,75,589.94,455.89,16.80,52.25,0.2699,-1,-1,-1
474,85,832.63,406.11,92.70,297.41,0.7710,-1,-1,-1
474,87,751.23,437.50,102.81,293.22,0.8249,-1,-1,-1
474,89,564.10,450.99,28.25,79.04,0.6049,-1,-1,-1
474,93,600.86,430.31,94.17,279.63,0.7520,-1,-1,-1
474,95,457.96,469.88,79.84,184.12,0.6169,-1,-1,-1
474,100,1283.70,440.83,94.96,479.63,0.3716,-1,-1,-1
474,101,996.48,446.88,23.97,72.77,0.2667,-1,-1,-1
474,105,1503.57,411.09,119.62,391.65,0.8445,-1,-1,-1
474,106,-27.69,398.57,376.77,660.49,0.5723,-1,-1,-1
474,110,1864.70,387.36,55.03,262.48,0.3802,-1,-1,-1
474,115,1033.74,434.73,44.07,110.31,0.2972,-1,-1,-1
474,119,1099.42,429.46,47.99,164.05,0.5531,-1,-1,-1
474,120,1298.55,442.17,89.05,356.00,0.3226,-1,-1,-1
474,122,529.28,461.15,25.85,68.24,0.5398,-1,-1,-1
475,38,1328.91,398.42,227.54,670.80,0.8751,-1,-1,-1
475,51,1147.72,422.64,162.11,583.29,0.8534,-1,-1,-1
475,68,732.44,451.67,22.32,73.81,0.3767,-1,-1,-1
475,70,1845.83,477.10,62.66,176.34,0.2865,-1,-1,-1
475,75,589.81,455.80,16.95,54.32,0.2942,-1,-1,-1
475,78,619.11,433.82,75.50,274.16,0.7699,-1,-1,-1
475,85,833.94,406.68,89.97,297.21,0.7878,-1,-1,-1
475,87,750.39,438.09,103.72,292.91,0.8239,-1,-1,-1
475,89,565.35,451.28,27.55,78.65,0.5933,-1,-1,-1
475,92,888.58,432.72,77.44,240.23,0.3888,-1,-1,-1
475,95,451.05,472.53,81.16,185.29,0.5496,-1,-1,-1
475,100,1290.84,436.61,93.81,493.25,0.3402,-1,-1,-1
475,101,996.17,446.55,24.13,72.73,0.2868,-1,-1,-1
475,105,1510.68,411.04,122.46,392.00,0.8649,-1,-1,-1
475,106,-26.18,392.58,367.86,651.37,0.5420,-1,-1,-1
475,110,1871.18,384.04,51.19,257.60,0.2563,-1,-1,-1
475,115,1035.13,437.19,42.72,108.27,0.3981,-1,-1,-1
475,119,1092.30,427.55,52.56,166.07,0.6365,-1,-1,-1
475,120,1302.27,427.29,85.22,366.17,0.2862,-1,-1,-1
475,122,529.31,461.27,25.55,69.21,0.6556,-1,-1,-1
476,38,1334.75,397.55,223.40,671.79,0.8832,-1,-1,-1
476,51,1152.65,420.64,164.05,585.25,0.8657,-1,-1,-1
476,68,732.19,452.13,23.07,74.12,0.4090,-1,-1,-1
476,70,1847.69,478.26,61.22,175.85,0.3316,-1,-1,-1
476,75,589.92,455.16,16.84,53.99,0.2579,-1,-1,-1
476,85,835.79,406.41,89.15,297.49,0.7783,-1,-1,-1
476,87,749.62,437.12,104.98,293.79,0.8146,-1,-1,-1
476,89,565.89,451.76,26.82,78.44,0.5960,-1,-1,-1
476,92,895.16,432.28,77.23,242.35,0.3121,-1,-1,-1
476,93,605.37,432.98,94.56,277.08,0.7775,-1,-1,-1
476,95,443.90,473.13,82.29,183.39,0.5226,-1,-1,-1
476,100,1301.00,433.65,92.57,511.68,0.2917,-1,-1,-1
476,101,995.56,446.05,24.41,72.92,0.2785,-1,-1,-1
476,105,1519.43,411.06,130.69,393.59,0.8883,-1,-1,-1
476,106,-24.61,396.56,359.23,657.21,0.6318,-1,-1,-1
476,119,1090.95,427.45,54.65,166.82,0.5943,-1,-1,-1
476,120,1307.10,410.82,83.55,366.81,0.3111,-1,-1,-1
476,122,529.28,460.99,25.53,69.64,0.6661,-1,-1,-1
477,38,1339.85,396.55,220.33,673.27,0.8618,-1,-1,-1
477,51,1155.84,419.66,165.27,586.37,0.8660,-1,-1,-1
477,68,731.42,452.58,23.96,75.95,0.3413,-1,-1,-1
477,70,1846.58,475.63,61.50,177.34,0.4437,-1,-1,-1
477,85,835.94,405.79,88.29,297.77,0.7779,-1,-1,-1
477,87,749.78,436.12,106.71,293.56,0.8407,-1,-1,-1
477,89,566.61,452.65,26.19,78.20,0.5669,-1,-1,-1
477,92,900.29,432.40,83.53,242.10,0.4727,-1,-1,-1
477,93,611.73,433.33,92.61,275.27,0.7238,-1,-1,-1
477,95,437.58,474.38,82.12,185.17,0.6360,-1,-1,-1
477,100,1307.38,428.47,92.07,524.23,0.2732,-1,-1,-1
477,101,995.37,446.24,24.75,72.76,0.2681,-1,-1,-1
477,105,1528.12,411.39,142.95,397.36,0.8958,-1,-1,-1
477,106,-33.25,396.63,335.42,661.66,0.7126,-1,-1,-1
477,110,1866.97,385.77,52.80,261.75,0.3050,-1,-1,-1
477,115,1035.43,441.03,39.46,106.26,0.3314,-1,-1,-1
477,116,1699.21,432.18,85.62,148.20,0.2749,-1,-1,-1
477,119,1090.87,427.11,56.37,168.08,0.6608,-1,-1,-1
477,122,529.11,461.27,25.63,70.01,0.6230,-1,-1,-1
478,38,1342.18,393.54,219.49,673.16,0.8520,-1,-1,-1
478,51,1158.64,419.75,165.70,586.97,0.8675,-1,-1,-1
478,68,730.63,452.38,24.66,77.46,0.4003,-1,-1,-1
478,70,1846.14,475.73,61.61,177.65,0.3196,-1,-1,-1
478,75,589.89,454.94,16.83,53.95,0.2856,-1,-1,-1
478,85,836.95,405.77,87.13,297.72,0.7752,-1,-1,-1
478,87,750.60,434.40,107.27,293.83,0.8451,-1,-1,-1
478,89,566.29,453.18,25.92,78.19,0.6019,-1,-1,-1
478,92,901.22,430.45,89.13,243.39,0.3585,-1,-1,-1
478,93,619.39,434.73,90.31,272.81,0.6893,-1,-1,-1
478,95,428.85,476.84,83.32,186.13,0.7400,-1,-1,-1
478,100,1311.55,421.21,91.64,526.16,0.3335,-1,-1,-1
478,101,994.82,446.10,24.85,73.03,0.2585,-1,-1,-1
478,103,358.64,468.98,84.37,164.46,0.3022,-1,-1,-1
478,105,1535.60,412.09,156.76,399.99,0.8981,-1,-1,-1
478,106,-48.86,396.01,292.42,663.65,0.4606,-1,-1,-1
478,119,1089.71,427.12,57.60,168.81,0.6814,-1,-1,-1
478,122,529.12,461.81,25.40,69.62,0.6491,-1,-1,-1
479,38,1345.21,392.96,220.31,673.37,0.8604,-1,-1,-1
479,51,1163.91,419.74,166.99,587.17,0.8879,-1,-1,-1
479,68,730.24,451.91,25.11,78.68,0.4760,-1,-1,-1
479,70,1840.35,475.44,64.29,177.48,0.3893,-1,-1,-1
479,85,839.67,405.85,87.26,297.93,0.7909,-1,-1,-1
479,87,755.49,431.51,108.03,295.64,0.8086,-1,-1,-1
479,89,566.45,453.65,25.60,77.99,0.5947,-1,-1,-1
479,92,904.60,428.52,92.63,244.93,0.4353,-1,-1,-1
479,93,626.92,432.01,88.63,272.42,0.6979,-1,-1,-1
479,95,420.36,479.50,84.61,188.52,0.4951,-1,-1,-1
479,100,1316.88,418.17,90.91,528.04,0.3449,-1,-1,-1
479,101,994.84,446.33,25.22,72.99,0.2620,-1,-1,-1
479,105,1542.37,412.13,169.78,403.42,0.8925,-1,-1,-1
479,106,-31.58,385.13,282.87,656.79,0.5285,-1,-1,-1
479,113,1016.81,458.09,29.05,61.67,0.2637,-1,-1,-1
479,119,1088.92,426.91,58.99,169.53,0.6051,-1,-1,-1
479,122,529.62,461.99,25.07,69.02,0.6758,-1,-1,-1
480,38,1351.05,393.44,224.43,674.70,0.8789,-1,-1,-1
480,51,1169.36,419.06,166.58,587.54,0.8716,-1,-1,-1
480,68,730.07,451.67,25.25,79.35,0.5302,-1,-1,-1
480,70,1834.63,475.51,67.23,176.81,0.4031,-1,-1,-1
480,85,839.66,406.16,85.99,297.93,0.7750,-1,-1,-1
480,87,762.32,430.43,107.24,295.92,0.7868,-1,-1,-1
480,89,565.99,454.40,25.68,77.75,0.5999,-1,-1,-1
480,92,907.19,431.44,96.39,245.27,0.7057,-1,-1,-1
480,93,631.03,436.86,87.96,269.41,0.6634,-1,-1,-1
480,95,414.87,479.38,84.91,186.96,0.4836,-1,-1,-1
480,100,1324.43,413.16,92.04,528.81,0.3582,-1,-1,-1
480,101,994.91,446.40,25.31,73.35,0.2715,-1,-1,-1
480,105,1547.27,413.64,181.07,406.57,0.8935,-1,-1,-1
480,106,-35.37,395.97,257.21,659.02,0.3728,-1,-1,-1
480,110,1853.21,447.23,54.97,222.61,0.2607,-1,-1,-1
480,119,1091.73,425.83,58.51,168.41,0.6748,-1,-1,-1
480,120,1321.15,413.31,86.17,408.78,0.4340,-1,-1,-1
480,121,466.21,456.99,24.43,50.16,0.3208,-1,-1,-1
480,122,530.62,461.94,24.29,68.26,0.6189,-1,-1,-1
481,38,1358.39,394.00,230.56,675.91,0.8576,-1,-1,-1
481,51,1173.79,417.12,164.87,588.33,0.8528,-1,-1,-1
481,68,729.50,451.36,25.54,79.93,0.5302,-1,-1,-1
481,70,1838.96,475.14,65.87,177.35,0.3274,-1,-1,-1
481,85,841.46,406.84,86.04,297.51,0.8045,-1,-1,-1
481,87,768.79,430.58,105.33,292.74,0.7889,-1,-1,-1
481,89,566.44,453.91,25.51,77.54,0.6125,-1,-1,-1
481,92,907.19,433.40,98.95,245.07,0.8285,-1,-1,-1
481,93,633.52,433.49,86.11,264.98,0.6894,-1,-1,-1
481,95,407.46,479.74,85.30,188.15,0.6524,-1,-1,-1
481,100,1328.90,410.46,93.49,529.99,0.5606,-1,-1,-1
481,101,994.64,446.66,25.89,74.51,0.2701,-1,-1,-1
481,105,1551.55,414.72,188.96,408.76,0.8993,-1,-1,-1
481,106,-27.50,405.00,244.75,656.82,0.5313,-1,-1,-1
481,110,1866.80,414.21,50.98,227.40,0.2706,-1,-1,-1
481,119,1092.64,426.26,58.42,168.44,0.6784,-1,-1,-1
481,120,1325.27,413.37,85.13,415.60,0.4734,-1,-1,-1
481,121,464.59,456.72,25.25,50.91,0.2808,-1,-1,-1
481,122,531.47,462.14,23.81,67.87,0.6603,-1,-1,-1
481,123,750.26,446.85,35.01,81.39,0.3798,-1,-1,-1
482,38,1363.07,395.24,236.55,675.27,0.8019,-1,-1,-1
482,51,1177.75,415.86,162.42,588.37,0.8230,-1,-1,-1
482,68,729.57,451.28,25.39,80.32,0.5742,-1,-1,-1
482,70,1844.21,478.02,64.14,176.20,0.3177,-1,-1,-1
482,85,843.10,406.15,84.61,295.91,0.8196,-1,-1,-1
482,87,777.41,429.47,101.88,292.80,0.7389,-1,-1,-1
482,89,566.89,455.26,25.24,76.82,0.5976,-1,-1,-1
482,92,907.88,434.79,100.21,244.88,0.8090,-1,-1,-1
482,93,636.00,432.84,85.75,266.26,0.7862,-1,-1,-1
482,95,398.91,481.45,87.51,191.17,0.6778,-1,-1,-1
482,100,1332.97,415.44,94.67,538.41,0.5965,-1,-1,-1
482,101,994.70,446.99,26.04,74.54,0.3352,-1,-1,-1
482,103,346.50,496.14,73.36,144.59,0.4056,-1,-1,-1
482,105,1555.11,414.63,193.27,410.87,0.8835,-1,-1,-1
482,106,-33.93,425.74,217.43,648.29,0.4062,-1,-1,-1
482,111,381.17,449.26,46.13,94.75,0.2627,-1,-1,-1
482,113,1020.18,457.67,25.45,61.26,0.2611,-1,-1,-1
482,115,1035.57,442.58,33.62,93.54,0.3498,-1,-1,-1
482,119,1094.23,427.44,58.07,167.35,0.6041,-1,-1,-1
482,121,462.91,457.00,26.17,51.87,0.3247,-1,-1,-1
482,122,532.11,462.01,23.51,67.59,0.6668,-1,-1,-1
482,123,749.40,448.65,34.82,83.58,0.4533,-1,-1,-1
482,124,710.36,475.52,25.72,61.12,0.3649,-1,-1,-1
483,38,1367.09,395.83,243.78,676.12,0.8417,-1,-1,-1
483,51,1182.61,415.59,160.49,588.01,0.8337,-1,-1,-1
483,68,729.36,451.29,25.09,80.38,0.4635,-1,-1,-1
483,70,1837.24,475.25,62.55,171.37,0.2534,-1,-1,-1
483,85,845.13,405.97,81.80,294.15,0.8074,-1,-1,-1
483,87,788.08,428.61,96.24,293.82,0.7471,-1,-1,-1
483,89,567.62,455.62,24.93,76.74,0.6133,-1,-1,-1
483,92,908.79,431.88,100.27,246.42,0.7027,-1,-1,-1
483,93,640.37,432.18,86.19,266.35,0.8321,-1,-1,-1
483,95,391.95,479.79,89.13,193.65,0.5176,-1,-1,-1
483,100,1336.18,409.94,93.99,537.41,0.6744,-1,-1,-1
483,101,995.24,447.53,26.12,74.46,0.2944,-1,-1,-1
483,103,346.73,500.33,66.13,134.75,0.2515,-1,-1,-1
483,105,1557.96,416.11,191.28,412.82,0.8545,-1,-1,-1
483,106,-44.22,455.33,178.14,633.61,0.3110,-1,-1,-1
483,110,1851.29,454.42,55.58,206.24,0.3435,-1,-1,-1
483,115,1037.01,444.20,32.37,88.63,0.2832,-1,-1,-1
483,119,1095.74,427.79,57.33,166.69,0.6397,-1,-1,-1
483,121,462.45,456.98,26.39,51.50,0.3045,-1,-1,-1
483,122,532.25,461.53,23.42,67.66,0.6629,-1,-1,-1
483,123,747.76,448.88,35.71,88.32,0.4909,-1,-1,-1
483,124,709.72,477.21,26.10,60.07,0.3799,-1,-1,-1
483,125,1162.75,438.92,27.11,90.11,0.4382,-1,-1,-1
484,31,26.34,526.98,82.42,113.04,0.2900,-1,-1,-1
484,38,1371.66,395.34,250.15,677.28,0.8419,-1,-1,-1
484,51,1187.75,415.54,159.05,585.99,0.8495,-1,-1,-1
484,70,1831.15,473.64,58.80,168.75,0.3671,-1,-1,-1
484,85,850.24,406.17,78.64,293.11,0.7544,-1,-1,-1
484,87,794.97,430.04,92.12,292.38,0.7444,-1,-1,-1
484,89,567.90,454.34,25.67,77.27,0.6791,-1,-1,-1
484,92,907.43,444.30,100.20,239.16,0.6972,-1,-1,-1
484,93,643.67,431.42,87.77,266.05,0.8075,-1,-1,-1
484,95,384.22,478.23,90.19,194.45,0.6474,-1,-1,-1
484,100,1339.75,410.22,93.11,537.27,0.6796,-1,-1,-1
484,101,995.11,447.73,26.10,74.35,0.3210,-1,-1,-1
484,103,342.57,503.18,63.58,128.34,0.2585,-1,-1,-1
484,105,1564.68,416.88,189.42,416.78,0.8456,-1,-1,-1
484,115,1037.18,446.48,32.24,86.74,0.3916,-1,-1,-1
484,119,1094.24,427.80,58.27,166.42,0.3539,-1,-1,-1
484,122,532.41,461.21,23.28,67.36,0.6048,-1,-1,-1
484,123,743.75,453.04,40.80,108.52,0.5805,-1,-1,-1
484,125,1162.64,438.61,27.75,90.71,0.4625,-1,-1,-1
485,38,1373.46,394.41,255.33,678.57,0.8352,-1,-1,-1
485,48,337.76,483.56,112.00,187.73,0.2655,-1,-1,-1
485,51,1192.90,418.30,158.59,586.07,0.8701,-1,-1,-1
485,70,1829.94,474.12,56.93,166.82,0.3407,-1,-1,-1
485,85,854.83,406.26,75.92,291.03,0.6913,-1,-1,-1
485,87,800.04,431.21,88.15,292.73,0.7439,-1,-1,-1
485,89,567.94,453.80,26.22,77.51,0.6651,-1,-1,-1
485,92,903.20,442.04,102.55,239.96,0.7645,-1,-1,-1
485,93,648.14,430.48,91.15,266.39,0.7955,-1,-1,-1
485,95,375.64,479.43,89.31,194.53,0.6624,-1,-1,-1
485,100,1343.54,410.32,92.99,535.70,0.6940,-1,-1,-1
485,101,994.86,447.73,26.22,73.97,0.3153,-1,-1,-1
485,103,336.66,505.12,61.46,125.00,0.2690,-1,-1,-1
485,105,1573.12,416.24,185.18,420.48,0.8617,-1,-1,-1
485,110,1850.67,469.66,56.13,193.78,0.2608,-1,-1,-1
485,115,1036.65,447.60,31.14,84.21,0.3252,-1,-1,-1
485,119,1092.42,427.97,59.84,166.16,0.3666,-1,-1,-1
485,120,1342.79,407.28,89.60,421.75,0.2760,-1,-1,-1
485,121,462.12,458.00,26.14,50.28,0.2926,-1,-1,-1
485,122,532.52,461.36,23.23,67.30,0.5768,-1,-1,-1
485,123,741.93,452.72,42.74,119.73,0.4513,-1,-1,-1
485,125,1162.33,438.70,27.78,90.20,0.4316,-1,-1,-1
486,38,1375.03,394.01,260.74,679.01,0.8423,-1,-1,-1
486,51,1200.17,419.48,160.80,586.00,0.8540,-1,-1,-1
486,85,858.21,406.65,71.32,290.47,0.6344,-1,-1,-1
486,87,806.12,432.02,89.66,292.34,0.8035,-1,-1,-1
486,89,568.09,452.40,26.69,78.43,0.7157,-1,-1,-1
486,92,901.48,438.87,104.81,244.06,0.8494,-1,-1,-1
486,93,651.91,429.56,95.36,267.27,0.8583,-1,-1,-1
486,95,365.95,479.60,90.86,195.18,0.6864,-1,-1,-1
486,100,1346.91,411.32,94.04,534.54,0.6669,-1,-1,-1
486,101,995.26,447.62,26.26,74.00,0.4324,-1,-1,-1
486,105,1579.10,414.78,182.05,423.98,0.8736,-1,-1,-1
486,110,1846.18,473.17,58.66,187.50,0.3795,-1,-1,-1
486,115,1035.72,447.49,28.64,82.31,0.3596,-1,-1,-1
486,119,1094.24,427.22,60.06,165.93,0.5537,-1,-1,-1
486,122,532.60,459.75,23.34,69.02,0.5908,-1,-1,-1
486,123,740.71,450.17,43.42,127.39,0.5786,-1,-1,-1
486,125,1161.44,438.80,28.15,90.11,0.4036,-1,-1,-1
486,127,6.19,553.19,103.57,352.72,0.3855,-1,-1,-1
487,38,1371.39,392.56,261.18,678.39,0.7253,-1,-1,-1
487,51,1205.18,420.24,165.19,585.80,0.8818,-1,-1,-1
487,85,863.36,406.83,66.09,289.52,0.5415,-1,-1,-1
487,87,811.97,433.12,95.01,291.42,0.7185,-1,-1,-1
487,89,567.70,452.27,28.09,78.55,0.6811,-1,-1,-1
487,92,901.80,436.89,107.01,245.74,0.7214,-1,-1,-1
487,93,654.13,429.14,99.23,267.71,0.8620,-1,-1,-1
487,95,353.95,477.83,93.77,193.33,0.5865,-1,-1,-1
487,100,1350.19,411.42,94.98,529.58,0.6389,-1,-1,-1
487,101,995.36,448.03,26.11,73.70,0.4090,-1,-1,-1
487,105,1586.30,413.83,176.92,426.40,0.8665,-1,-1,-1
487,110,1844.42,474.56,60.81,184.39,0.2923,-1,-1,-1
487,115,1035.86,448.16,27.47,80.78,0.3576,-1,-1,-1
487,116,1693.33,431.15,91.22,150.49,0.3267,-1,-1,-1
487,119,1094.36,426.70,60.43,165.96,0.6626,-1,-1,-1
487,122,532.88,460.71,23.12,69.22,0.6093,-1,-1,-1
487,123,739.64,448.13,43.09,131.34,0.5072,-1,-1,-1
487,125,1161.60,438.87,27.85,89.35,0.4779,-1,-1,-1
487,127,1.64,521.20,98.33,333.91,0.4309,-1,-1,-1
488,25,417.82,461.03,42.04,110.62,0.3677,-1,-1,-1
488,38,1377.01,396.48,271.78,677.01,0.7057,-1,-1,-1
488,51,1206.60,419.94,167.36,585.56,0.8641,-1,-1,-1
488,85,867.76,399.69,61.88,279.95,0.4866,-1,-1,-1
488,87,816.07,432.14,102.62,292.87,0.7862,-1,-1,-1
488,89,567.20,451.70,29.13,78.65,0.6547,-1,-1,-1
488,92,908.91,439.75,103.10,242.77,0.7774,-1,-1,-1
488,93,655.01,429.72,102.96,267.26,0.8659,-1,-1,-1
488,95,343.95,479.84,96.44,195.41,0.6171,-1,-1,-1
488,100,1352.32,411.14,96.67,527.12,0.6995,-1,-1,-1
488,101,995.60,448.07,25.81,73.62,0.3584,-1,-1,-1
488,105,1594.51,412.36,172.23,428.79,0.8729,-1,-1,-1
488,110,1843.18,476.79,62.45,181.14,0.3029,-1,-1,-1
488,115,1035.27,447.97,26.95,80.89,0.3209,-1,-1,-1
488,116,1694.57,430.53,92.28,153.29,0.2929,-1,-1,-1
488,119,1093.01,426.89,61.75,165.41,0.3371,-1,-1,-1
488,122,533.03,461.55,23.09,69.22,0.5740,-1,-1,-1
488,123,738.30,444.37,42.11,130.51,0.4755,-1,-1,-1
488,125,1162.15,439.26,27.71,89.12,0.4984,-1,-1,-1
488,126,1110.64,428.98,44.87,160.23,0.5404,-1,-1,-1
488,127,-5.39,545.74,89.16,347.67,0.3354,-1,-1,-1
489,25,419.33,461.13,41.50,109.23,0.4906,-1,-1,-1
489,31,-5.01,537.20,71.10,125.31,0.6136,-1,-1,-1
489,38,1376.12,396.94,279.13,676.41,0.6568,-1,-1,-1
489,48,323.62,483.58,112.80,196.45,0.7310,-1,-1,-1
489,51,1208.93,419.01,170.41,587.41,0.8652,-1,-1,-1
489,85,870.28,397.52,60.16,266.30,0.2885,-1,-1,-1
489,87,817.94,430.20,110.89,294.66,0.8057,-1,-1,-1
489,89,567.72,451.64,29.30,78.53,0.6707,-1,-1,-1
489,93,654.58,431.51,106.75,266.60,0.8620,-1,-1,-1
489,100,1354.89,410.17,100.82,526.39,0.6906,-1,-1,-1
489,101,996.03,447.36,25.25,74.13,0.3768,-1,-1,-1
489,105,1601.63,410.29,165.37,431.36,0.8428,-1,-1,-1
489,110,1842.50,478.15,63.37,178.82,0.3548,-1,-1,-1
489,115,1035.01,448.41,27.61,81.63,0.4299,-1,-1,-1
489,116,1694.74,438.33,92.16,170.71,0.4760,-1,-1,-1
489,119,1092.11,427.43,62.72,164.63,0.2722,-1,-1,-1
489,122,533.50,461.98,23.27,69.12,0.5790,-1,-1,-1
489,123,734.77,442.41,42.06,127.77,0.2678,-1,-1,-1
489,125,1162.59,439.46,27.31,88.44,0.4625,-1,-1,-1
489,126,1112.34,429.31,44.04,159.37,0.6161,-1,-1,-1
490,25,417.34,460.43,41.97,110.73,0.4406,-1,-1,-1
490,31,-7.00,535.91,62.25,124.44,0.4129,-1,-1,-1
490,38,1363.36,396.79,264.29,674.35,0.5397,-1,-1,-1
490,48,318.15,482.81,112.33,197.40,0.6832,-1,-1,-1
490,51,1211.46,419.69,174.62,588.45,0.8698,-1,-1,-1
490,85,872.14,379.05,58.19,224.79,0.2698,-1,-1,-1
490,87,816.98,433.63,117.41,292.27,0.8408,-1,-1,-1
490,89,568.25,451.20,28.79,78.81,0.6772,-1,-1,-1
490,93,655.08,432.68,109.83,266.85,0.8577,-1,-1,-1
490,100,1356.99,412.12,105.72,528.22,0.6891,-1,-1,-1
490,101,996.19,447.45,24.94,74.17,0.3782,-1,-1,-1
490,105,1606.64,408.71,159.98,433.83,0.8540,-1,-1,-1
490,110,1843.08,479.75,64.77,177.11,0.2926,-1,-1,-1
490,115,1034.61,449.10,27.99,80.98,0.5102,-1,-1,-1
490,116,1697.27,437.65,89.60,179.52,0.3960,-1,-1,-1
490,119,1093.49,428.24,62.80,164.87,0.2898,-1,-1,-1
490,122,534.03,462.14,23.36,68.63,0.5825,-1,-1,-1
490,123,734.81,442.85,40.94,128.15,0.5389,-1,-1,-1
490,125,1162.79,439.65,27.10,88.19,0.4543,-1,-1,-1
490,126,1113.22,428.73,44.14,158.23,0.4800,-1,-1,-1
490,128,932.64,440.96,78.59,236.87,0.7679,-1,-1,-1
491,25,417.03,461.53,41.92,110.72,0.4684,-1,-1,-1
491,31,-8.14,543.60,55.50,127.80,0.3227,-1,-1,-1
491,38,1361.89,396.31,252.65,672.91,0.4588,-1,-1,-1
491,48,318.64,483.22,124.23,202.71,0.5508,-1,-1,-1
491,51,1212.61,419.10,178.93,589.48,0.8916,-1,-1,-1
491,85,873.47,378.05,55.32,196.41,0.2678,-1,-1,-1
491,87,816.81,437.21,122.99,289.70,0.8222,-1,-1,-1
491,89,569.24,451.41,28.70,78.46,0.6966,-1,-1,-1
491,93,654.51,434.57,112.42,266.83,0.8597,-1,-1,-1
491,95,319.53,482.06,100.60,201.29,0.7701,-1,-1,-1
491,100,1361.61,412.14,109.66,528.51,0.6869,-1,-1,-1
491,105,1613.78,406.37,154.09,435.93,0.8379,-1,-1,-1
491,115,1033.82,449.38,28.12,79.72,0.4348,-1,-1,-1
491,116,1702.86,435.85,87.48,184.95,0.2964,-1,-1,-1
491,122,535.04,462.39,23.42,68.24,0.5603,-1,-1,-1
491,123,733.10,443.51,40.85,130.24,0.6634,-1,-1,-1
491,125,1163.02,439.87,26.79,87.66,0.4820,-1,-1,-1
491,126,1113.45,428.77,44.07,159.42,0.5969,-1,-1,-1
491,128,946.85,436.65,74.85,238.47,0.8001,-1,-1,-1
491,130,1054.97,440.21,32.25,94.06,0.3122,-1,-1,-1
492,25,416.47,461.43,41.93,110.51,0.4687,-1,-1,-1
492,31,-9.35,556.35,48.20,128.38,0.5964,-1,-1,-1
492,38,1366.77,394.54,251.27,672.53,0.4648,-1,-1,-1
492,51,1212.43,416.73,183.65,590.68,0.8891,-1,-1,-1
492,87,815.20,432.11,128.14,292.58,0.8109,-1,-1,-1
492,89,569.56,452.76,27.95,78.14,0.6738,-1,-1,-1
492,93,655.44,434.33,113.89,266.57,0.8362,-1,-1,-1
492,95,310.85,481.83,101.96,203.86,0.6634,-1,-1,-1
492,100,1366.24,412.30,112.37,529.10,0.6171,-1,-1,-1
492,105,1620.17,405.09,148.62,438.72,0.8280,-1,-1,-1
492,111,383.17,466.82,46.53,104.24,0.3248,-1,-1,-1
492,115,1033.66,448.61,28.85,80.28,0.5282,-1,-1,-1
492,116,1708.70,434.34,85.12,187.53,0.3836,-1,-1,-1
492,119,1091.34,427.85,65.48,166.77,0.4278,-1,-1,-1
492,122,535.12,462.34,23.53,67.62,0.6635,-1,-1,-1
492,123,731.10,443.65,40.17,131.84,0.6573,-1,-1,-1
492,125,1163.16,439.84,26.62,87.41,0.4098,-1,-1,-1
492,126,1113.51,429.03,44.60,160.50,0.5735,-1,-1,-1
492,128,955.76,433.36,75.78,242.89,0.8083,-1,-1,-1
492,130,1055.62,441.78,33.17,95.95,0.3246,-1,-1,-1
493,25,416.49,460.62,41.32,110.74,0.5435,-1,-1,-1
493,38,1406.88,392.19,232.26,673.46,0.4020,-1,-1,-1
493,51,1212.40,416.58,187.85,590.77,0.8837,-1,-1,-1
493,87,814.07,424.23,132.02,298.26,0.6798,-1,-1,-1
493,89,570.41,452.97,27.51,78.09,0.7034,-1,-1,-1
493,93,656.31,437.21,115.01,265.16,0.8217,-1,-1,-1
493,95,304.49,480.60,102.00,203.14,0.6566,-1,-1,-1
493,100,1403.37,411.82,154.81,597.98,0.5960,-1,-1,-1
493,105,1628.55,406.34,148.69,442.33,0.8430,-1,-1,-1
493,111,383.42,465.18,47.06,107.98,0.3355,-1,-1,-1
493,115,1033.70,448.23,29.15,80.86,0.5501,-1,-1,-1
493,119,1090.17,427.26,66.90,166.28,0.3293,-1,-1,-1
493,120,1373.02,418.08,115.32,532.93,0.7326,-1,-1,-1
493,122,534.99,462.41,23.75,67.20,0.6934,-1,-1,-1
493,123,728.84,443.24,39.76,133.18,0.6525,-1,-1,-1
493,125,1163.25,439.82,26.33,87.06,0.3704,-1,-1,-1
493,126,1112.82,428.78,45.14,161.08,0.6258,-1,-1,-1
493,128,958.44,434.60,72.82,240.94,0.7415,-1,-1,-1
493,130,1058.08,441.22,33.23,95.12,0.2643,-1,-1,-1
493,131,1184.39,452.68,31.38,78.97,0.3440,-1,-1,-1
494,25,416.62,460.90,41.00,110.45,0.5045,-1,-1,-1
494,38,1397.09,389.77,244.04,675.91,0.5327,-1,-1,-1
494,51,1212.82,415.57,193.26,591.04,0.8755,-1,-1,-1
494,70,1831.74,478.96,52.21,159.86,0.2705,-1,-1,-1
494,87,822.94,430.71,128.81,295.43,0.6364,-1,-1,-1
494,89,570.89,453.06,27.08,78.40,0.7005,-1,-1,-1
494,93,658.55,437.15,114.44,264.94,0.8375,-1,-1,-1
494,95,295.42,480.24,100.12,204.83,0.7386,-1,-1,-1
494,105,1632.65,404.98,147.79,440.58,0.7560,-1,-1,-1
494,110,1850.50,483.38,62.36,174.32,0.2936,-1,-1,-1
494,111,383.06,464.09,47.47,109.56,0.4485,-1,-1,-1
494,115,1033.57,446.71,28.91,81.45,0.4212,-1,-1,-1
494,119,1088.97,426.93,68.43,165.95,0.3957,-1,-1,-1
494,120,1377.38,414.50,117.93,541.42,0.6693,-1,-1,-1
494,122,534.86,462.49,24.09,66.88,0.7023,-1,-1,-1
494,123,729.48,442.46,39.05,132.79,0.5899,-1,-1,-1
494,125,1163.26,440.03,26.14,86.84,0.4617,-1,-1,-1
494,126,1110.77,427.91,46.78,161.49,0.5530,-1,-1,-1
494,128,963.01,438.13,76.44,240.90,0.6644,-1,-1,-1
494,130,1062.14,440.81,31.24,91.43,0.2715,-1,-1,-1
494,131,1184.70,451.61,31.34,79.97,0.3686,-1,-1,-1
495,25,419.01,462.24,39.67,109.33,0.5113,-1,-1,-1
495,38,1393.76,386.84,252.84,679.75,0.6812,-1,-1,-1
495,51,1214.25,415.60,198.21,591.37,0.8532,-1,-1,-1
495,87,839.02,431.91,119.45,294.75,0.7005,-1,-1,-1
495,89,570.76,452.81,27.44,79.10,0.7163,-1,-1,-1
495,93,657.99,435.03,114.08,265.80,0.8321,-1,-1,-1
495,95,286.55,480.77,101.72,206.31,0.6137,-1,-1,-1
495,105,1639.46,396.77,147.83,429.70,0.7632,-1,-1,-1
495,110,1852.28,480.43,61.22,175.12,0.2513,-1,-1,-1
495,111,382.62,465.43,47.93,110.05,0.5268,-1,-1,-1
495,115,1032.51,446.23,28.88,81.92,0.3644,-1,-1,-1
495,120,1379.98,406.75,121.74,536.33,0.6184,-1,-1,-1
495,122,534.97,462.55,24.42,67.27,0.6586,-1,-1,-1
495,123,729.21,444.11,38.12,132.03,0.3502,-1,-1,-1
495,125,1163.08,439.94,25.93,86.61,0.4446,-1,-1,-1
495,126,1107.25,426.37,49.39,162.75,0.5993,-1,-1,-1
495,128,969.52,434.32,82.68,246.14,0.7542,-1,-1,-1
495,130,1064.47,441.99,29.47,90.13,0.4120,-1,-1,-1
495,131,1183.12,452.10,29.34,78.41,0.4690,-1,-1,-1
496,25,419.89,463.17,39.01,108.20,0.5378,-1,-1,-1
496,38,1400.92,384.99,257.94,683.45,0.6351,-1,-1,-1
496,51,1213.34,417.20,200.02,591.27,0.8729,-1,-1,-1
496,87,832.03,435.15,121.51,292.63,0.7814,-1,-1,-1
496,89,569.72,452.04,27.73,79.74,0.7154,-1,-1,-1
496,93,657.83,434.34,113.27,265.79,0.8232,-1,-1,-1
496,95,275.79,481.22,101.53,208.11,0.7304,-1,-1,-1
496,100,1487.15,412.18,165.46,635.84,0.3934,-1,-1,-1
496,105,1643.87,395.14,146.96,422.26,0.8103,-1,-1,-1
496,111,382.26,465.58,48.25,109.96,0.5099,-1,-1,-1
496,115,1030.45,446.22,30.32,83.81,0.3192,-1,-1,-1
496,120,1372.67,409.52,133.08,550.14,0.6586,-1,-1,-1
496,122,534.95,462.58,24.31,67.09,0.6998,-1,-1,-1
496,125,1162.72,439.90,26.17,86.77,0.4064,-1,-1,-1
496,126,1103.09,425.32,52.82,164.53,0.6062,-1,-1,-1
496,128,971.66,433.13,88.02,249.36,0.8259,-1,-1,-1
496,130,1067.18,442.84,27.83,88.70,0.3545,-1,-1,-1
496,131,1182.53,451.19,28.94,78.86,0.4785,-1,-1,-1
497,25,419.12,462.24,38.58,108.27,0.4822,-1,-1,-1
497,38,1410.06,385.47,260.41,684.76,0.7077,-1,-1,-1
497,51,1215.99,418.10,202.26,590.76,0.8385,-1,-1,-1
497,87,834.00,429.77,120.05,296.20,0.7408,-1,-1,-1
497,89,570.36,452.49,27.65,79.82,0.7325,-1,-1,-1
497,93,661.69,433.86,111.29,266.82,0.8411,-1,-1,-1
497,95,264.92,480.95,104.61,211.58,0.6497,-1,-1,-1
497,100,1502.01,406.06,168.79,653.37,0.4319,-1,-1,-1
497,105,1649.01,405.02,146.66,429.03,0.8218,-1,-1,-1
497,110,1855.39,431.08,63.33,203.92,0.2865,-1,-1,-1
497,111,382.51,465.72,48.62,109.76,0.5672,-1,-1,-1
497,120,1370.86,408.29,140.30,558.05,0.6725,-1,-1,-1
497,122,535.25,462.61,24.50,67.37,0.6824,-1,-1,-1
497,125,1162.54,439.76,26.26,86.70,0.3952,-1,-1,-1
497,126,1101.42,424.97,54.39,165.15,0.6426,-1,-1,-1
497,128,973.52,433.19,94.46,250.28,0.8558,-1,-1,-1
497,131,1182.65,451.18,28.90,79.22,0.4808,-1,-1,-1
497,132,633.02,456.73,27.13,86.86,0.6034,-1,-1,-1
498,25,419.27,460.94,38.08,109.17,0.5061,-1,-1,-1
498,38,1425.03,383.67,266.85,687.02,0.6529,-1,-1,-1
498,51,1220.60,417.44,204.49,592.32,0.8638,-1,-1,-1
498,87,840.12,420.27,115.87,301.49,0.7967,-1,-1,-1
498,89,570.79,452.61,27.59,79.89,0.7437,-1,-1,-1
498,93,666.58,432.42,108.25,268.69,0.8258,-1,-1,-1
498,95,253.89,481.17,105.04,214.13,0.6971,-1,-1,-1
498,105,1665.28,412.72,158.61,446.58,0.8219,-1,-1,-1
498,110,1855.92,417.11,63.84,220.19,0.2608,-1,-1,-1
498,111,382.53,466.55,48.60,109.23,0.6287,-1,-1,-1
498,120,1377.52,406.41,143.55,560.00,0.7209,-1,-1,-1
498,122,535.99,462.79,24.81,68.08,0.7044,-1,-1,-1
498,125,1162.71,439.95,25.92,86.56,0.3766,-1,-1,-1
498,126,1099.74,424.64,56.14,166.11,0.6344,-1,-1,-1
498,128,973.51,436.09,101.41,249.17,0.8391,-1,-1,-1
498,131,1182.99,451.24,28.53,79.40,0.5080,-1,-1,-1
498,132,633.48,455.70,26.93,87.33,0.4915,-1,-1,-1
499,25,420.94,463.27,37.38,107.87,0.4946,-1,-1,-1
499,38,1436.73,381.86,263.80,688.64,0.5485,-1,-1,-1
499,51,1225.12,416.64,205.56,593.83,0.8643,-1,-1,-1
499,87,849.21,432.37,109.07,295.76,0.6914,-1,-1,-1
499,89,571.01,452.67,27.43,80.05,0.7399,-1,-1,-1
499,93,670.98,431.48,104.82,269.89,0.8153,-1,-1,-1
499,95,246.03,480.44,104.96,216.11,0.7592,-1,-1,-1
499,100,1500.62,372.52,182.72,621.22,0.2693,-1,-1,-1
499,105,1672.88,416.69,168.70,453.38,0.8376,-1,-1,-1
499,111,382.06,466.84,48.59,108.86,0.6403,-1,-1,-1
499,120,1383.31,403.39,146.19,562.03,0.7511,-1,-1,-1
499,122,536.69,462.37,25.16,69.18,0.6645,-1,-1,-1
499,125,1162.94,439.96,25.66,86.55,0.3692,-1,-1,-1
499,126,1099.65,425.21,56.28,165.48,0.5039,-1,-1,-1
499,128,973.28,434.93,107.43,250.12,0.8383,-1,-1,-1
499,131,1182.91,450.94,29.02,79.93,0.4661,-1,-1,-1
499,132,633.56,454.79,27.05,87.65,0.4479,-1,-1,-1
500,25,419.69,462.16,37.16,108.32,0.5340,-1,-1,-1
500,38,1444.63,385.50,262.74,687.09,0.6101,-1,-1,-1
500,51,1230.31,415.64,204.76,594.43,0.8322,-1,-1,-1
500,87,856.55,426.20,103.79,298.26,0.6836,-1,-1,-1
500,89,571.09,452.88,27.13,79.76,0.7267,-1,-1,-1
500,93,679.64,431.93,98.00,269.06,0.8148,-1,-1,-1
500,95,236.83,480.77,103.12,217.70,0.7710,-1,-1,-1
500,100,1499.26,366.32,190.34,598.51,0.4673,-1,-1,-1
500,105,1680.70,417.38,181.21,460.22,0.8408,-1,-1,-1
500,110,1852.04,452.21,64.70,206.06,0.2768,-1,-1,-1
500,111,382.14,466.46,48.46,108.87,0.6144,-1,-1,-1
500,120,1387.04,403.09,149.52,564.99,0.7476,-1,-1,-1
500,122,537.24,462.06,25.26,70.14,0.6860,-1,-1,-1
500,125,1162.82,440.56,25.49,87.00,0.3160,-1,-1,-1
500,126,1099.69,425.03,56.05,165.04,0.6703,-1,-1,-1
500,128,972.49,450.17,111.89,239.06,0.7991,-1,-1,-1
500,130,1078.10,443.89,31.63,98.58,0.4334,-1,-1,-1
500,131,1182.23,451.36,28.24,79.43,0.5252,-1,-1,-1
500,132,634.25,454.47,26.70,87.03,0.5234,-1,-1,-1
501,25,419.38,461.76,37.04,108.49,0.5710,-1,-1,-1
501,38,1459.42,384.66,262.08,686.97,0.2647,-1,-1,-1
501,51,1239.24,414.82,202.94,594.94,0.8382,-1,-1,-1
501,87,860.58,432.09,101.80,294.72,0.7242,-1,-1,-1
501,89,571.40,453.28,27.13,79.28,0.7136,-1,-1,-1
501,93,688.68,431.17,90.91,269.60,0.7885,-1,-1,-1
501,95,224.63,481.99,103.82,220.38,0.7705,-1,-1,-1
501,100,1496.92,365.31,200.10,589.37,0.5783,-1,-1,-1
501,105,1685.95,416.31,186.16,464.50,0.8463,-1,-1,-1
501,110,1849.39,462.85,65.79,197.99,0.3111,-1,-1,-1
501,111,381.93,466.68,48.27,108.99,0.6329,-1,-1,-1
501,120,1387.10,402.72,153.22,568.17,0.7397,-1,-1,-1
501,122,537.58,461.82,25.33,70.80,0.6816,-1,-1,-1
501,125,1162.66,440.27,25.54,87.37,0.4110,-1,-1,-1
501,126,1100.99,426.08,54.98,164.61,0.5778,-1,-1,-1
501,128,972.24,445.95,115.08,239.65,0.8037,-1,-1,-1
501,130,1077.90,440.38,33.45,105.10,0.4226,-1,-1,-1
501,131,1182.56,451.71,27.31,78.83,0.4744,-1,-1,-1
501,132,634.11,454.85,27.02,86.74,0.5857,-1,-1,-1
501,133,668.71,456.88,29.46,83.35,0.2709,-1,-1,-1
502,25,419.29,462.10,37.07,108.23,0.5573,-1,-1,-1
502,38,1472.15,380.88,250.16,689.24,0.5381,-1,-1,-1
502,51,1250.03,414.12,198.54,595.28,0.8690,-1,-1,-1
502,87,871.05,433.27,102.58,293.77,0.7224,-1,-1,-1
502,89,570.20,452.80,27.78,79.69,0.6667,-1,-1,-1
502,93,694.48,431.19,85.79,269.71,0.7621,-1,-1,-1
502,95,217.80,483.29,105.04,224.57,0.8319,-1,-1,-1
502,100,1522.91,387.57,243.54,628.98,0.2865,-1,-1,-1
502,105,1695.94,415.53,192.71,469.72,0.8673,-1,-1,-1
502,111,381.84,466.45,48.22,109.38,0.6577,-1,-1,-1
502,120,1389.37,403.91,157.19,569.29,0.7493,-1,-1,-1
502,122,537.97,461.92,25.41,71.21,0.6784,-1,-1,-1
502,125,1163.01,440.56,25.15,87.28,0.3774,-1,-1,-1
502,126,1099.43,427.83,55.51,163.19,0.6092,-1,-1,-1
502,128,976.65,440.88,121.62,243.11,0.8137,-1,-1,-1
502,129,0.22,648.40,131.11,434.07,0.6180,-1,-1,-1
502,130,1076.24,439.81,34.23,108.91,0.4629,-1,-1,-1
502,131,1182.33,451.85,27.55,78.93,0.4841,-1,-1,-1
502,132,634.50,454.91,27.00,86.51,0.6180,-1,-1,-1
502,133,668.02,457.15,27.46,80.67,0.3557,-1,-1,-1
503,25,417.90,461.78,38.11,108.36,0.5342,-1,-1,-1
503,38,1487.01,378.85,238.57,691.18,0.7042,-1,-1,-1
503,51,1267.28,416.16,192.16,597.43,0.8416,-1,-1,-1
503,87,880.60,434.81,98.89,292.75,0.7573,-1,-1,-1
503,89,570.03,452.29,28.64,80.25,0.6658,-1,-1,-1
503,93,701.40,431.28,81.20,269.00,0.8039,-1,-1,-1
503,95,206.16,482.54,105.39,225.62,0.6650,-1,-1,-1
503,100,1535.56,392.99,263.48,651.82,0.2856,-1,-1,-1
503,105,1703.65,413.82,199.58,476.17,0.8706,-1,-1,-1
503,111,381.88,466.65,47.90,109.54,0.5902,-1,-1,-1
503,119,1087.84,429.77,68.28,165.71,0.5514,-1,-1,-1
503,120,1394.83,402.39,163.57,571.81,0.7492,-1,-1,-1
503,122,537.80,462.08,25.99,71.66,0.6484,-1,-1,-1
503,125,1163.09,440.20,24.97,87.48,0.2867,-1,-1,-1
503,126,1104.71,427.73,54.75,161.98,0.3640,-1,-1,-1
503,128,974.26,445.61,118.59,239.33,0.7475,-1,-1,-1
503,129,-3.92,654.24,121.32,427.48,0.5535,-1,-1,-1
503,130,1076.47,440.51,34.42,109.70,0.3149,-1,-1,-1
503,131,1182.21,452.00,27.22,78.69,0.4267,-1,-1,-1
503,132,635.16,455.48,26.67,85.87,0.6023,-1,-1,-1
503,133,667.43,458.56,25.67,78.35,0.3023,-1,-1,-1
504,25,419.28,463.38,38.22,107.19,0.5073,-1,-1,-1
504,38,1499.30,378.74,228.83,692.91,0.6715,-1,-1,-1
504,51,1281.63,417.60,184.47,597.83,0.8334,-1,-1,-1
504,87,879.00,435.70,101.96,291.57,0.7605,-1,-1,-1
504,89,571.43,453.22,28.66,79.82,0.6742,-1,-1,-1
504,93,705.96,432.02,78.26,268.88,0.7835,-1,-1,-1
504,95,194.56,482.31,106.80,227.76,0.8190,-1,-1,-1
504,105,1709.72,411.44,202.58,481.10,0.8751,-1,-1,-1
504,110,1862.97,418.48,60.33,218.24,0.2505,-1,-1,-1
504,111,381.79,466.16,47.81,109.99,0.5975,-1,-1,-1
504,120,1401.55,400.69,164.42,570.72,0.7628,-1,-1,-1
504,122,537.64,462.17,26.47,71.72,0.6471,-1,-1,-1
504,125,1162.80,440.52,24.89,87.90,0.3152,-1,-1,-1
504,126,1105.46,431.11,52.82,160.21,0.4820,-1,-1,-1
504,128,980.56,445.15,113.39,237.73,0.7633,-1,-1,-1
504,130,1076.06,440.57,35.75,113.36,0.4410,-1,-1,-1
504,131,1180.81,452.37,27.14,78.42,0.5088,-1,-1,-1
504,132,635.18,455.34,27.27,85.93,0.5682,-1,-1,-1
504,133,667.26,459.75,24.51,76.74,0.2908,-1,-1,-1
504,134,857.16,422.48,74.37,255.10,0.6326,-1,-1,-1
505,25,418.20,462.81,38.25,107.29,0.4911,-1,-1,-1
505,38,1511.09,375.27,224.95,690.78,0.6780,-1,-1,-1
505,51,1294.73,417.35,179.15,598.94,0.8240,-1,-1,-1
505,87,889.90,438.14,103.95,289.22,0.7774,-1,-1,-1
505,89,572.45,454.31,28.79,79.16,0.6494,-1,-1,-1
505,93,702.28,430.43,80.51,269.35,0.7522,-1,-1,-1
505,95,181.86,482.70,109.18,230.37,0.8077,-1,-1,-1
505,105,1714.45,409.92,204.00,487.49,0.8749,-1,-1,-1
505,111,381.74,466.02,47.65,110.17,0.5915,-1,-1,-1
505,120,1409.75,404.36,162.95,568.55,0.7975,-1,-1,-1
505,122,537.81,461.96,26.85,71.84,0.6137,-1,-1,-1
505,125,1163.18,440.78,24.61,88.29,0.3454,-1,-1,-1
505,126,1103.12,436.64,52.64,157.06,0.5229,-1,-1,-1
505,128,989.13,452.69,106.29,232.06,0.7778,-1,-1,-1
505,130,1076.21,439.65,37.71,116.14,0.4899,-1,-1,-1
505,131,1179.86,452.42,27.29,78.37,0.5028,-1,-1,-1
505,132,635.05,454.59,27.22,86.25,0.5317,-1,-1,-1
505,134,862.00,419.37,71.53,267.62,0.7025,-1,-1,-1
506,25,417.67,462.27,38.55,107.71,0.5600,-1,-1,-1
506,38,1519.06,373.16,222.52,690.49,0.7308,-1,-1,-1
506,51,1303.13,419.88,174.78,606.01,0.8531,-1,-1,-1
506,87,901.58,439.00,107.52,288.29,0.8210,-1,-1,-1
506,89,573.12,454.21,28.91,78.64,0.6725,-1,-1,-1
506,93,711.09,431.38,78.55,269.08,0.7169,-1,-1,-1
506,95,167.80,482.05,110.56,232.95,0.8294,-1,-1,-1
506,105,1722.21,407.77,201.76,494.31,0.8958,-1,-1,-1
506,111,381.72,466.28,47.60,110.12,0.5945,-1,-1,-1
506,120,1421.98,404.22,157.33,568.67,0.8126,-1,-1,-1
506,122,537.73,461.69,27.17,71.91,0.6289,-1,-1,-1
506,125,1162.60,440.30,25.14,88.79,0.4250,-1,-1,-1
506,126,1101.01,438.67,53.00,155.49,0.3773,-1,-1,-1
506,128,998.15,451.97,98.03,230.51,0.5552,-1,-1,-1
506,130,1074.70,441.47,38.57,118.53,0.3646,-1,-1,-1
506,131,1179.63,452.61,27.24,78.09,0.4946,-1,-1,-1
506,132,635.41,454.21,26.47,86.08,0.5461,-1,-1,-1
506,133,667.61,460.69,23.64,75.20,0.4170,-1,-1,-1
506,134,865.16,417.22,69.14,275.82,0.7120,-1,-1,-1
507,25,416.71,462.26,38.73,107.60,0.4937,-1,-1,-1
507,38,1524.88,374.04,219.91,690.45,0.7385,-1,-1,-1
507,51,1311.11,420.86,171.45,612.42,0.8660,-1,-1,-1
507,87,905.08,442.27,110.43,285.98,0.8087,-1,-1,-1
507,89,573.44,454.19,28.86,78.24,0.6535,-1,-1,-1
507,93,709.55,429.49,85.06,270.10,0.7820,-1,-1,-1
507,95,158.01,482.52,111.51,235.76,0.7400,-1,-1,-1
507,105,1730.39,405.53,197.43,500.22,0.8771,-1,-1,-1
507,111,381.78,465.98,47.76,110.38,0.5855,-1,-1,-1
507,120,1435.15,407.02,150.10,567.65,0.7819,-1,-1,-1
507,122,537.27,461.99,27.26,72.17,0.6102,-1,-1,-1
507,125,1162.02,439.52,25.60,88.60,0.4116,-1,-1,-1
507,126,1103.37,435.61,52.42,156.61,0.4681,-1,-1,-1
507,128,1007.60,446.55,90.65,232.08,0.6824,-1,-1,-1
507,130,1074.07,442.08,38.53,118.45,0.3361,-1,-1,-1
507,131,1179.74,452.14,26.85,77.96,0.4006,-1,-1,-1
507,132,635.84,453.71,26.19,86.45,0.5098,-1,-1,-1
507,133,668.03,459.86,24.10,76.30,0.4711,-1,-1,-1
507,134,867.50,414.02,68.79,284.57,0.6934,-1,-1,-1
508,25,416.93,462.69,38.85,107.22,0.5248,-1,-1,-1
508,38,1530.05,376.22,219.21,692.67,0.7873,-1,-1,-1
508,51,1319.23,419.00,172.84,617.90,0.8731,-1,-1,-1
508,87,910.14,443.76,117.34,283.62,0.8388,-1,-1,-1
508,89,573.28,453.96,29.01,78.20,0.6256,-1,-1,-1
508,93,716.57,429.91,91.17,270.44,0.8307,-1,-1,-1
508,95,144.06,482.21,113.83,238.17,0.7956,-1,-1,-1
508,105,1739.77,402.33,190.50,502.46,0.8618,-1,-1,-1
508,111,381.63,466.95,47.74,110.00,0.6064,-1,-1,-1
508,119,1104.25,428.46,60.18,163.35,0.2831,-1,-1,-1
508,120,1444.56,407.61,141.06,567.87,0.7945,-1,-1,-1
508,122,538.27,461.39,27.24,73.20,0.6509,-1,-1,-1
508,125,1162.28,439.66,25.71,88.77,0.3980,-1,-1,-1
508,126,1102.02,439.08,53.05,155.07,0.5171,-1,-1,-1
508,128,1017.27,443.55,83.57,233.23,0.6060,-1,-1,-1
508,131,1180.31,452.56,26.76,77.57,0.5187,-1,-1,-1
508,132,636.09,454.64,25.97,86.52,0.5039,-1,-1,-1
508,133,668.60,459.29,24.77,77.04,0.4295,-1,-1,-1
508,134,868.59,411.55,69.42,291.52,0.7751,-1,-1,-1
509,25,416.26,462.25,39.48,107.56,0.5152,-1,-1,-1
509,38,1534.78,373.74,218.65,692.42,0.5812,-1,-1,-1
509,51,1328.65,419.89,183.00,623.45,0.8297,-1,-1,-1
509,87,911.64,444.30,124.09,282.37,0.8563,-1,-1,-1
509,89,573.09,454.44,29.02,77.72,0.5853,-1,-1,-1
509,93,721.30,429.60,95.68,271.12,0.7947,-1,-1,-1
509,95,126.51,481.34,118.70,241.11,0.7810,-1,-1,-1
509,105,1745.55,397.30,184.10,501.91,0.8561,-1,-1,-1
509,111,381.74,466.28,47.86,110.30,0.5762,-1,-1,-1
509,116,1699.05,426.84,79.52,167.67,0.2579,-1,-1,-1
509,120,1452.44,407.57,134.73,568.50,0.7412,-1,-1,-1
509,122,538.32,461.42,26.81,73.64,0.6256,-1,-1,-1
509,125,1162.40,439.73,25.73,89.03,0.3701,-1,-1,-1
509,126,1101.84,435.99,53.71,156.95,0.5274,-1,-1,-1
509,128,1025.53,454.81,78.00,226.76,0.5528,-1,-1,-1
509,130,1069.59,439.62,37.96,115.50,0.3107,-1,-1,-1
509,131,1180.49,452.92,26.90,77.56,0.5602,-1,-1,-1
509,132,636.66,455.09,25.40,86.49,0.4964,-1,-1,-1
509,133,668.76,458.62,25.44,77.66,0.4559,-1,-1,-1
509,134,870.00,409.33,69.77,293.73,0.7490,-1,-1,-1
510,25,417.81,463.95,39.25,106.96,0.4895,-1,-1,-1
510,38,1540.99,374.15,220.77,694.96,0.6835,-1,-1,-1
510,51,1334.32,417.41,195.17,628.50,0.8439,-1,-1,-1
510,87,911.30,444.83,128.56,281.00,0.8497,-1,-1,-1
510,89,572.86,454.29,29.32,78.17,0.6648,-1,-1,-1
510,93,722.85,427.64,99.92,273.14,0.8098,-1,-1,-1
510,95,110.13,480.78,121.46,243.95,0.7860,-1,-1,-1
510,105,1757.86,395.10,174.75,502.23,0.8793,-1,-1,-1
510,111,381.92,466.89,47.54,109.84,0.4464,-1,-1,-1
510,116,1700.61,429.29,78.50,161.72,0.3460,-1,-1,-1
510,120,1459.78,410.45,129.94,570.89,0.7234,-1,-1,-1
510,122,539.52,461.64,25.91,73.57,0.5397,-1,-1,-1
510,125,1162.55,439.93,25.86,89.04,0.4153,-1,-1,-1
510,126,1100.53,436.13,55.08,158.55,0.5361,-1,-1,-1
510,128,1033.64,460.91,75.13,221.60,0.7264,-1,-1,-1
510,131,1180.03,452.27,27.13,77.77,0.5452,-1,-1,-1
510,132,637.75,455.46,25.02,86.67,0.4490,-1,-1,-1
510,133,668.62,458.75,25.58,77.69,0.4285,-1,-1,-1
510,134,872.45,408.35,69.80,295.91,0.7213,-1,-1,-1
511,25,417.27,463.45,39.50,107.18,0.5056,-1,-1,-1
511,38,1549.14,373.86,233.85,698.08,0.6835,-1,-1,-1
511,51,1336.81,418.08,208.56,632.11,0.8376,-1,-1,-1
511,87,911.81,445.69,133.96,279.88,0.8642,-1,-1,-1
511,89,572.80,454.34,29.35,78.61,0.6900,-1,-1,-1
511,93,722.39,427.88,103.34,273.94,0.8045,-1,-1,-1
511,95,98.98,481.20,125.19,247.76,0.7683,-1,-1,-1
511,105,1767.85,393.47,165.64,503.54,0.8637,-1,-1,-1
511,111,382.11,465.78,47.87,110.31,0.3785,-1,-1,-1
511,115,1015.70,455.22,30.81,109.16,0.2566,-1,-1,-1
511,120,1465.76,404.47,127.67,564.26,0.7546,-1,-1,-1
511,122,540.44,461.87,25.54,73.23,0.5693,-1,-1,-1
511,123,701.39,446.06,48.75,133.14,0.3197,-1,-1,-1
511,125,1162.71,440.03,25.95,89.10,0.3229,-1,-1,-1
511,126,1100.53,434.38,56.20,159.92,0.6518,-1,-1,-1
511,128,1038.56,452.92,76.00,225.26,0.7041,-1,-1,-1
511,131,1180.16,451.77,26.99,77.92,0.4610,-1,-1,-1
511,132,638.01,455.32,25.41,87.41,0.5054,-1,-1,-1
511,133,668.31,459.02,25.53,76.79,0.4535,-1,-1,-1
511,134,874.97,407.70,69.74,296.92,0.7269,-1,-1,-1
512,25,415.89,462.09,39.45,108.18,0.4806,-1,-1,-1
512,38,1545.11,373.05,228.34,698.88,0.6092,-1,-1,-1
512,51,1334.77,412.31,216.44,638.01,0.8355,-1,-1,-1
512,87,910.10,446.75,137.71,278.73,0.8531,-1,-1,-1
512,89,572.02,454.88,28.89,78.55,0.6807,-1,-1,-1
512,93,724.87,429.31,105.24,273.37,0.8390,-1,-1,-1
512,95,80.87,480.77,130.29,248.80,0.7667,-1,-1,-1
512,105,1777.69,390.42,156.41,504.65,0.8363,-1,-1,-1
512,111,380.99,465.13,48.02,110.88,0.5004,-1,-1,-1
512,115,1011.94,451.68,34.42,119.30,0.3061,-1,-1,-1
512,120,1470.51,404.26,123.55,559.20,0.7312,-1,-1,-1
512,122,540.42,462.08,25.08,72.37,0.5659,-1,-1,-1
512,123,697.34,448.56,42.34,128.92,0.4671,-1,-1,-1
512,125,1162.75,440.44,25.93,88.93,0.3219,-1,-1,-1
512,126,1099.77,433.09,57.27,160.84,0.7294,-1,-1,-1
512,128,1041.28,447.76,80.03,229.25,0.7457,-1,-1,-1
512,131,1179.54,451.51,27.27,78.28,0.5046,-1,-1,-1
512,132,638.91,455.03,26.55,88.31,0.5584,-1,-1,-1
512,133,668.85,458.39,26.44,78.52,0.3160,-1,-1,-1
512,134,877.06,407.20,69.98,296.87,0.7288,-1,-1,-1
513,25,415.55,461.36,39.34,108.89,0.4804,-1,-1,-1
513,38,1547.29,370.47,226.23,697.43,0.6359,-1,-1,-1
513,51,1334.36,417.73,224.74,641.53,0.8477,-1,-1,-1
513,87,909.43,447.08,141.34,278.15,0.8480,-1,-1,-1
513,89,571.94,455.51,28.44,78.23,0.6669,-1,-1,-1
513,93,727.31,428.87,107.86,273.85,0.8225,-1,-1,-1
513,95,63.69,480.23,133.63,251.41,0.7872,-1,-1,-1
513,105,1789.42,386.83,145.55,503.18,0.8294,-1,-1,-1
513,111,380.72,465.17,47.85,110.71,0.4616,-1,-1,-1
513,116,1703.59,427.61,81.88,157.89,0.2547,-1,-1,-1
513,120,1476.92,403.75,121.30,554.80,0.7332,-1,-1,-1
513,122,540.56,462.57,24.73,71.70,0.5722,-1,-1,-1
513,123,695.31,449.74,38.79,127.87,0.5835,-1,-1,-1
513,125,1162.80,440.63,26.11,89.03,0.3427,-1,-1,-1
513,126,1099.10,434.24,57.66,160.73,0.7052,-1,-1,-1
513,128,1045.86,443.78,84.40,233.49,0.8235,-1,-1,-1
513,131,1179.28,451.32,27.43,78.54,0.5023,-1,-1,-1
513,132,639.48,455.26,27.11,88.78,0.5293,-1,-1,-1
513,133,668.05,459.13,26.09,77.42,0.3670,-1,-1,-1
513,134,879.70,406.68,71.77,297.35,0.7455,-1,-1,-1
514,25,416.42,462.55,39.22,108.47,0.5359,-1,-1,-1
514,38,1550.97,374.15,222.78,697.02,0.4895,-1,-1,-1
514,51,1331.32,419.42,230.47,642.11,0.8423,-1,-1,-1
514,87,907.17,457.09,144.18,270.58,0.7942,-1,-1,-1
514,89,572.46,455.37,28.16,78.14,0.6896,-1,-1,-1
514,93,728.13,429.27,110.11,273.61,0.8277,-1,-1,-1
514,95,48.66,479.59,136.94,254.18,0.8352,-1,-1,-1
514,105,1797.71,387.99,136.53,504.56,0.8450,-1,-1,-1
514,111,380.60,465.24,47.68,110.52,0.4464,-1,-1,-1
514,120,1482.54,406.11,121.67,552.97,0.6819,-1,-1,-1
514,122,541.08,462.53,24.75,70.82,0.5402,-1,-1,-1
514,123,693.42,450.32,38.32,127.05,0.6802,-1,-1,-1
514,125,1162.86,440.56,26.12,89.12,0.3330,-1,-1,-1
514,126,1099.59,434.04,58.91,161.00,0.7104,-1,-1,-1
514,128,1047.24,441.67,89.65,236.47,0.8117,-1,-1,-1
514,131,1179.08,450.81,27.54,78.94,0.5382,-1,-1,-1
514,132,640.23,454.86,27.99,89.31,0.6180,-1,-1,-1
514,133,667.61,458.60,26.51,78.38,0.3723,-1,-1,-1
514,134,880.56,407.18,72.88,297.31,0.7733,-1,-1,-1
515,25,416.91,461.71,39.28,108.80,0.5488,-1,-1,-1
515,38,1558.64,376.72,221.12,693.45,0.5878,-1,-1,-1
515,51,1326.57,418.62,229.96,642.19,0.8493,-1,-1,-1
515,87,907.11,453.75,146.17,271.71,0.8546,-1,-1,-1
515,89,572.86,455.46,28.05,78.13,0.6712,-1,-1,-1
515,93,728.98,429.42,111.07,273.77,0.8394,-1,-1,-1
515,95,42.05,480.61,139.52,257.59,0.8260,-1,-1,-1
515,105,1807.92,388.61,126.56,507.18,0.8468,-1,-1,-1
515,111,380.63,465.16,48.17,110.81,0.4022,-1,-1,-1
515,120,1488.39,406.21,122.35,552.32,0.7246,-1,-1,-1
515,122,540.93,462.10,24.91,70.97,0.6207,-1,-1,-1
515,123,690.23,450.50,38.78,126.76,0.7425,-1,-1,-1
515,125,1162.93,440.35,26.05,89.51,0.4305,-1,-1,-1
515,126,1099.26,436.04,58.50,159.47,0.5893,-1,-1,-1
515,128,1050.23,441.55,93.01,237.44,0.8281,-1,-1,-1
515,131,1179.74,449.02,27.43,80.18,0.4996,-1,-1,-1
515,132,641.27,454.10,28.57,89.72,0.6274,-1,-1,-1
515,133,667.41,458.30,26.49,79.16,0.3687,-1,-1,-1
515,134,880.26,406.74,74.49,298.57,0.7860,-1,-1,-1
516,25,416.56,461.78,39.30,108.76,0.4903,-1,-1,-1
516,38,1569.90,378.34,223.06,690.64,0.5933,-1,-1,-1
516,51,1326.64,418.51,230.76,643.37,0.8097,-1,-1,-1
516,87,907.39,452.04,147.29,272.41,0.8720,-1,-1,-1
516,89,573.10,456.02,27.82,78.26,0.6826,-1,-1,-1
516,93,730.16,429.14,111.05,273.93,0.8440,-1,-1,-1
516,95,28.12,479.07,144.61,260.37,0.7992,-1,-1,-1
516,105,1815.08,386.36,118.04,505.31,0.8301,-1,-1,-1
516,111,381.21,465.04,48.05,110.30,0.3111,-1,-1,-1
516,120,1492.93,407.80,122.82,549.11,0.7389,-1,-1,-1
516,122,541.14,461.93,25.16,70.91,0.6166,-1,-1,-1
516,123,688.42,450.04,38.18,125.92,0.7597,-1,-1,-1
516,125,1163.00,440.33,26.22,89.96,0.5126,-1,-1,-1
516,126,1099.59,432.65,59.27,160.14,0.6839,-1,-1,-1
516,128,1051.70,439.18,96.41,239.35,0.8473,-1,-1,-1
516,131,1180.52,446.90,27.15,81.70,0.5006,-1,-1,-1
516,132,641.86,453.70,28.71,89.94,0.6130,-1,-1,-1
516,133,667.26,458.19,26.52,79.40,0.3882,-1,-1,-1
516,134,881.41,405.34,76.32,299.28,0.7958,-1,-1,-1
517,25,416.35,461.86,39.66,108.87,0.4781,-1,-1,-1
517,38,1577.34,363.93,219.61,664.91,0.4897,-1,-1,-1
517,51,1327.31,418.55,230.53,644.02,0.8466,-1,-1,-1
517,87,907.58,451.24,148.97,274.11,0.8814,-1,-1,-1
517,89,573.28,456.01,28.02,78.77,0.6796,-1,-1,-1
517,93,733.05,427.38,110.33,274.88,0.8488,-1,-1,-1
517,95,15.71,477.91,148.50,261.82,0.8029,-1,-1,-1
517,105,1824.91,385.16,108.54,503.55,0.8070,-1,-1,-1
517,120,1500.42,408.12,123.32,546.04,0.6878,-1,-1,-1
517,122,541.35,461.22,25.49,71.10,0.5847,-1,-1,-1
517,123,686.54,450.15,38.25,125.66,0.7014,-1,-1,-1
517,125,1163.59,440.35,26.04,90.10,0.4251,-1,-1,-1
517,126,1102.74,433.20,56.99,159.58,0.6015,-1,-1,-1
517,128,1051.85,438.17,98.55,240.46,0.8784,-1,-1,-1
517,131,1180.64,447.53,26.75,81.65,0.4711,-1,-1,-1
517,132,642.28,454.54,29.15,89.90,0.6489,-1,-1,-1
517,133,667.45,457.95,26.09,79.77,0.3592,-1,-1,-1
517,134,883.31,407.87,77.61,300.43,0.8365,-1,-1,-1
518,25,417.61,462.27,39.39,108.66,0.4815,-1,-1,-1
518,38,1583.01,380.15,217.97,670.58,0.5475,-1,-1,-1
518,51,1330.54,418.09,232.90,645.18,0.8299,-1,-1,-1
518,68,720.45,451.90,28.80,91.17,0.6050,-1,-1,-1
518,87,909.08,449.95,149.15,275.33,0.8903,-1,-1,-1
518,89,573.50,455.12,28.36,79.32,0.6579,-1,-1,-1
518,93,737.12,428.24,108.09,273.02,0.8217,-1,-1,-1
518,95,3.65,481.17,151.14,261.20,0.7135,-1,-1,-1
518,100,1589.66,388.72,313.41,689.46,0.3871,-1,-1,-1
518,105,1833.89,384.36,99.36,500.56,0.8035,-1,-1,-1
518,111,381.44,465.89,48.12,110.01,0.4148,-1,-1,-1
518,116,1728.81,430.37,66.55,151.62,0.2807,-1,-1,-1
518,120,1508.00,409.40,124.86,544.76,0.6450,-1,-1,-1
518,122,541.80,460.49,25.41,71.81,0.5954,-1,-1,-1
518,123,684.85,449.38,38.88,125.51,0.6514,-1,-1,-1
518,125,1164.10,440.23,25.54,89.91,0.3608,-1,-1,-1
518,126,1105.23,432.58,55.03,158.26,0.5325,-1,-1,-1
518,128,1051.40,439.50,100.21,240.43,0.8120,-1,-1,-1
518,131,1180.21,448.34,26.80,81.36,0.5524,-1,-1,-1
518,132,643.13,455.20,29.07,89.56,0.6577,-1,-1,-1
518,133,667.95,457.75,25.54,80.17,0.3599,-1,-1,-1
518,134,883.51,405.64,80.34,300.89,0.8579,-1,-1,-1
519,25,416.33,460.67,39.44,109.72,0.5073,-1,-1,-1
519,38,1592.52,382.99,216.24,673.00,0.5942,-1,-1,-1
519,51,1332.99,416.57,234.00,645.96,0.8087,-1,-1,-1
519,68,720.32,451.11,29.78,92.09,0.6145,-1,-1,-1
519,87,914.68,448.82,146.38,275.66,0.8341,-1,-1,-1
519,89,573.76,454.95,28.35,79.60,0.6457,-1,-1,-1
519,93,740.22,427.63,106.55,270.75,0.8262,-1,-1,-1
519,95,-3.70,495.82,150.02,254.42,0.6995,-1,-1,-1
519,105,1841.15,391.64,91.22,495.13,0.7120,-1,-1,-1
519,111,381.48,466.27,48.06,109.87,0.4729,-1,-1,-1
519,120,1513.90,409.20,125.89,543.14,0.5400,-1,-1,-1
519,122,542.02,459.91,25.36,72.44,0.5744,-1,-1,-1
519,123,684.39,449.13,39.11,125.26,0.6947,-1,-1,-1
519,125,1164.29,440.09,25.20,89.74,0.3513,-1,-1,-1
519,126,1106.72,432.90,52.77,157.38,0.5205,-1,-1,-1
519,128,1050.02,439.85,100.25,240.44,0.8061,-1,-1,-1
519,131,1180.00,448.94,27.01,81.01,0.5120,-1,-1,-1
519,132,643.02,456.04,29.39,88.97,0.7188,-1,-1,-1
519,133,668.19,457.52,24.90,80.30,0.3180,-1,-1,-1
519,134,881.81,404.29,82.86,302.61,0.8006,-1,-1,-1
520,25,417.48,462.01,39.20,109.23,0.5173,-1,-1,-1
520,38,1599.46,387.25,222.43,677.67,0.5438,-1,-1,-1
520,51,1337.60,414.81,236.21,648.55,0.8607,-1,-1,-1
520,68,719.78,450.65,30.37,91.35,0.7055,-1,-1,-1
520,87,918.40,447.65,144.60,275.84,0.8430,-1,-1,-1
520,89,573.95,454.47,28.43,79.94,0.6627,-1,-1,-1
520,93,745.64,425.73,104.09,268.15,0.8196,-1,-1,-1
520,95,-7.87,486.95,146.80,259.82,0.7857,-1,-1,-1
520,100,1587.58,397.06,326.72,681.71,0.2870,-1,-1,-1
520,105,1851.98,403.62,81.24,488.44,0.6738,-1,-1,-1
520,111,381.49,466.79,48.10,109.66,0.4984,-1,-1,-1
520,120,1520.77,410.42,127.22,541.85,0.6196,-1,-1,-1
520,122,541.79,460.11,25.08,72.61,0.5965,-1,-1,-1
520,123,683.26,448.96,39.55,125.58,0.7225,-1,-1,-1
520,125,1164.14,440.41,24.82,89.41,0.3493,-1,-1,-1
520,128,1050.69,447.37,101.25,234.65,0.8230,-1,-1,-1
520,131,1179.74,449.33,27.33,80.67,0.6303,-1,-1,-1
520,132,643.37,456.60,29.44,88.73,0.6585,-1,-1,-1
520,134,881.74,403.42,84.57,303.41,0.7733,-1,-1,-1
521,25,418.12,462.06,38.98,109.08,0.5380,-1,-1,-1
521,38,1602.02,388.11,227.94,680.62,0.5757,-1,-1,-1
521,51,1341.81,412.57,238.70,651.05,0.8624,-1,-1,-1
521,68,719.49,449.93,30.96,91.34,0.7115,-1,-1,-1
521,87,926.16,446.50,141.48,276.35,0.8389,-1,-1,-1
521,89,573.81,454.29,28.63,79.94,0.6725,-1,-1,-1
521,93,749.49,424.28,101.09,266.39,0.7932,-1,-1,-1
521,95,-10.43,484.15,141.65,263.76,0.6220,-1,-1,-1
521,105,1862.51,387.22,71.00,479.07,0.2839,-1,-1,-1
521,110,1875.18,408.63,48.07,256.17,0.3078,-1,-1,-1
521,111,381.68,466.70,48.14,109.58,0.4604,-1,-1,-1
521,120,1528.20,410.54,130.23,542.74,0.6394,-1,-1,-1
521,122,541.78,461.06,24.79,72.62,0.6272,-1,-1,-1
521,123,682.68,448.87,39.36,125.24,0.7058,-1,-1,-1
521,125,1164.05,440.29,25.01,89.66,0.3991,-1,-1,-1
521,128,1050.76,444.75,102.78,235.13,0.8454,-1,-1,-1
521,131,1179.77,448.92,27.48,80.74,0.5606,-1,-1,-1
521,132,643.21,457.09,29.74,88.09,0.6245,-1,-1,-1
521,133,668.54,457.25,23.93,79.50,0.3471,-1,-1,-1
521,134,882.19,402.65,86.81,303.65,0.7512,-1,-1,-1
522,25,416.64,460.09,38.97,110.30,0.5073,-1,-1,-1
522,38,1608.76,384.71,231.32,681.32,0.4968,-1,-1,-1
522,51,1348.08,412.46,240.58,652.20,0.8628,-1,-1,-1
522,68,718.68,450.40,31.36,90.36,0.7467,-1,-1,-1
522,87,940.77,444.39,134.45,275.78,0.8495,-1,-1,-1
522,89,573.77,454.32,28.92,79.97,0.6560,-1,-1,-1
522,93,759.99,424.20,93.61,264.92,0.7728,-1,-1,-1
522,95,-11.88,488.10,135.29,262.07,0.5886,-1,-1,-1
522,110,1882.74,422.58,40.31,241.98,0.3316,-1,-1,-1
522,111,381.58,466.57,47.89,109.41,0.4122,-1,-1,-1
522,120,1534.23,413.51,130.88,545.88,0.6350,-1,-1,-1
522,122,541.83,461.81,24.47,72.32,0.6277,-1,-1,-1
522,123,681.61,448.73,39.86,125.49,0.6842,-1,-1,-1
522,125,1164.09,440.41,25.22,90.12,0.3855,-1,-1,-1
522,128,1050.67,440.68,104.08,236.61,0.8369,-1,-1,-1
522,131,1179.72,448.56,27.60,81.05,0.5681,-1,-1,-1
522,132,643.94,455.71,29.84,88.09,0.3826,-1,-1,-1
522,134,880.97,403.74,89.25,304.88,0.7894,-1,-1,-1
523,25,416.78,459.92,38.62,110.67,0.5744,-1,-1,-1
523,38,1624.26,363.23,228.44,657.44,0.5777,-1,-1,-1
523,51,1353.71,411.62,238.07,653.49,0.8597,-1,-1,-1
523,68,718.52,450.69,30.95,90.76,0.6986,-1,-1,-1
523,87,949.61,444.06,126.80,275.90,0.8191,-1,-1,-1
523,89,574.05,454.39,29.25,80.08,0.6923,-1,-1,-1
523,93,770.88,423.94,86.79,263.43,0.7125,-1,-1,-1
523,95,-14.67,502.98,125.53,256.67,0.5421,-1,-1,-1
523,100,1578.13,386.63,311.39,684.02,0.4785,-1,-1,-1
523,111,381.76,466.24,47.88,109.90,0.5334,-1,-1,-1
523,120,1541.93,413.51,135.27,549.09,0.7179,-1,-1,-1
523,122,542.44,461.83,24.45,72.39,0.6846,-1,-1,-1
523,123,679.14,449.35,41.13,125.37,0.7353,-1,-1,-1
523,125,1164.95,440.54,24.73,90.31,0.3818,-1,-1,-1
523,128,1051.59,440.55,103.73,236.71,0.8347,-1,-1,-1
523,131,1179.44,448.24,27.40,81.22,0.5763,-1,-1,-1
523,132,644.54,454.95,30.39,89.14,0.4501,-1,-1,-1
523,134,881.30,403.83,90.97,305.62,0.7682,-1,-1,-1
524,25,417.20,460.66,38.46,110.03,0.5797,-1,-1,-1
524,38,1640.15,355.64,225.97,633.29,0.4835,-1,-1,-1
524,51,1363.70,410.75,237.81,653.48,0.8461,-1,-1,-1
524,68,718.29,450.34,31.34,90.49,0.6472,-1,-1,-1
524,87,962.50,441.64,123.93,277.71,0.8098,-1,-1,-1
524,89,574.34,454.86,29.39,79.84,0.7336,-1,-1,-1
524,93,776.31,426.66,82.97,263.81,0.7167,-1,-1,-1
524,95,-16.60,514.40,114.17,250.92,0.3669,-1,-1,-1
524,100,1587.48,380.63,318.78,690.49,0.4310,-1,-1,-1
524,111,381.70,463.15,48.24,111.54,0.4234,-1,-1,-1
524,120,1550.45,413.06,137.67,553.35,0.6924,-1,-1,-1
524,122,542.56,462.09,24.29,71.97,0.7000,-1,-1,-1
524,123,676.52,449.02,42.54,125.43,0.7845,-1,-1,-1
524,125,1164.41,440.57,24.89,90.51,0.4188,-1,-1,-1
524,128,1053.35,438.95,102.74,237.44,0.7820,-1,-1,-1
524,131,1180.40,448.50,26.73,80.91,0.6009,-1,-1,-1
524,132,645.54,454.57,30.70,90.58,0.4768,-1,-1,-1
524,134,882.44,403.63,91.22,306.46,0.7865,-1,-1,-1
525,25,417.54,460.29,38.63,110.64,0.6098,-1,-1,-1
525,38,1649.59,369.35,226.82,636.14,0.4097,-1,-1,-1
525,51,1374.58,411.05,232.97,654.48,0.8329,-1,-1,-1
525,68,718.15,450.52,31.13,90.77,0.6974,-1,-1,-1
525,87,970.85,442.36,117.10,277.95,0.7378,-1,-1,-1
525,89,575.31,454.73,29.15,79.79,0.6442,-1,-1,-1
525,93,771.73,428.19,86.53,263.59,0.7218,-1,-1,-1
525,95,-15.60,526.49,105.34,240.66,0.3721,-1,-1,-1
525,100,1590.78,376.16,322.44,695.19,0.5557,-1,-1,-1
525,111,381.93,464.17,48.42,111.24,0.4196,-1,-1,-1
525,120,1554.41,414.25,143.50,561.21,0.6572,-1,-1,-1
525,122,543.17,463.09,24.29,71.88,0.6911,-1,-1,-1
525,123,674.42,449.20,43.65,125.25,0.7707,-1,-1,-1
525,125,1164.22,440.32,24.75,89.32,0.3137,-1,-1,-1
525,128,1056.71,437.87,100.93,238.11,0.8037,-1,-1,-1
525,131,1180.98,447.37,26.38,81.31,0.5869,-1,-1,-1
525,132,645.89,454.66,31.20,91.44,0.5954,-1,-1,-1
525,134,887.14,403.29,90.51,306.98,0.8018,-1,-1,-1
526,25,417.67,459.99,38.78,111.05,0.6037,-1,-1,-1
526,38,1660.34,351.75,228.53,590.94,0.4270,-1,-1,-1
526,51,1391.86,410.91,225.34,654.67,0.8464,-1,-1,-1
526,68,717.96,450.36,30.91,91.35,0.7417,-1,-1,-1
526,87,978.95,444.94,106.24,277.22,0.8093,-1,-1,-1
526,89,575.85,454.38,28.81,79.62,0.6784,-1,-1,-1
526,93,782.90,429.70,83.14,262.26,0.7158,-1,-1,-1
526,95,-14.99,530.32,96.46,231.36,0.2991,-1,-1,-1
526,100,1594.04,382.06,323.10,693.22,0.4635,-1,-1,-1
526,111,382.00,464.58,48.55,110.92,0.3967,-1,-1,-1
526,120,1555.09,414.67,152.55,569.50,0.7021,-1,-1,-1
526,122,543.52,463.52,24.23,71.53,0.6766,-1,-1,-1
526,123,672.30,449.21,45.33,125.13,0.7642,-1,-1,-1
526,125,1164.07,440.97,24.91,88.74,0.2902,-1,-1,-1
526,128,1061.09,437.16,98.59,238.46,0.8294,-1,-1,-1
526,131,1180.87,447.96,26.22,80.97,0.5531,-1,-1,-1
526,132,647.52,456.01,30.51,91.08,0.5605,-1,-1,-1
526,134,891.30,403.35,88.76,307.32,0.8025,-1,-1,-1
527,25,417.74,459.66,38.85,111.42,0.6023,-1,-1,-1
527,38,1669.62,360.73,229.37,582.62,0.3540,-1,-1,-1
527,51,1409.61,409.94,216.43,655.38,0.8790,-1,-1,-1
527,68,717.96,449.92,30.53,91.81,0.7678,-1,-1,-1
527,87,987.96,446.40,99.96,276.77,0.7425,-1,-1,-1
527,89,575.74,453.70,28.85,79.78,0.6879,-1,-1,-1
527,93,783.66,429.80,89.59,261.68,0.7048,-1,-1,-1
527,100,1596.36,383.02,323.68,692.49,0.4270,-1,-1,-1
527,111,382.01,464.95,48.57,110.62,0.4071,-1,-1,-1
527,120,1563.40,414.87,154.59,577.19,0.7765,-1,-1,-1
527,122,543.77,463.74,24.06,71.36,0.6802,-1,-1,-1
527,123,670.31,449.84,46.57,124.54,0.7644,-1,-1,-1
527,128,1066.84,441.29,96.77,235.26,0.7274,-1,-1,-1
527,131,1180.45,448.92,26.42,80.33,0.5447,-1,-1,-1
527,132,649.28,456.63,29.54,90.64,0.6576,-1,-1,-1
527,134,895.17,402.95,87.00,307.49,0.7876,-1,-1,-1
527,138,2.33,525.39,58.88,132.67,0.3152,-1,-1,-1
528,25,417.50,457.85,39.40,112.31,0.5764,-1,-1,-1
528,51,1426.27,409.02,206.48,655.73,0.8673,-1,-1,-1
528,68,718.47,450.37,29.83,91.74,0.6884,-1,-1,-1
528,87,998.03,445.03,98.83,278.57,0.7901,-1,-1,-1
528,89,576.52,453.44,29.05,80.14,0.7334,-1,-1,-1
528,93,792.31,430.70,91.04,259.78,0.7461,-1,-1,-1
528,100,1597.76,386.92,323.30,687.62,0.6781,-1,-1,-1
528,111,381.74,466.03,47.96,109.97,0.5539,-1,-1,-1
528,120,1572.41,413.01,157.26,582.23,0.8408,-1,-1,-1
528,122,543.91,461.87,23.80,72.21,0.5950,-1,-1,-1
528,123,669.73,449.98,47.43,124.09,0.7677,-1,-1,-1
528,128,1075.38,444.97,99.46,232.40,0.7050,-1,-1,-1
528,131,1181.13,449.50,25.68,79.36,0.3936,-1,-1,-1
528,132,648.45,457.15,29.96,90.45,0.6052,-1,-1,-1
528,134,900.88,403.05,85.04,308.49,0.8175,-1,-1,-1
528,138,-0.32,542.66,51.95,121.20,0.4225,-1,-1,-1
528,139,1009.39,448.24,31.21,38.39,0.3241,-1,-1,-1
529,25,417.38,456.74,39.49,112.89,0.5926,-1,-1,-1
529,38,1691.98,367.14,227.94,572.09,0.6108,-1,-1,-1
529,51,1435.24,407.98,200.89,654.74,0.8806,-1,-1,-1
529,68,718.43,449.98,29.62,91.72,0.7345,-1,-1,-1
529,87,1003.21,444.00,96.42,278.54,0.8136,-1,-1,-1
529,89,576.95,453.05,29.21,80.73,0.7202,-1,-1,-1
529,93,787.61,431.60,95.37,258.62,0.8205,-1,-1,-1
529,111,381.87,467.24,47.63,109.15,0.6126,-1,-1,-1
529,120,1581.04,414.52,161.14,590.43,0.8272,-1,-1,-1
529,122,543.85,460.72,23.66,72.96,0.5986,-1,-1,-1
529,123,668.95,450.07,47.34,123.57,0.7250,-1,-1,-1
529,128,1082.27,445.39,98.93,231.07,0.6952,-1,-1,-1
529,131,1180.63,451.24,25.70,78.05,0.4175,-1,-1,-1
529,132,648.26,456.92,29.75,91.21,0.5876,-1,-1,-1
529,134,908.96,402.62,81.05,308.99,0.8028,-1,-1,-1
529,138,-1.32,557.63,44.54,109.70,0.4616,-1,-1,-1
529,139,1009.51,449.12,31.08,38.69,0.3967,-1,-1,-1
530,25,418.06,456.59,39.51,113.02,0.6246,-1,-1,-1
530,38,1697.86,358.47,224.84,540.84,0.5204,-1,-1,-1
530,51,1442.06,407.70,195.12,655.45,0.8780,-1,-1,-1
530,68,718.64,449.61,29.79,91.92,0.7555,-1,-1,-1
530,87,1007.38,444.04,96.39,277.93,0.7990,-1,-1,-1
530,89,576.75,452.65,29.25,81.28,0.6868,-1,-1,-1
530,93,799.38,432.22,99.37,257.56,0.7203,-1,-1,-1
530,111,381.76,466.86,47.37,109.14,0.6300,-1,-1,-1
530,120,1585.98,413.10,163.11,594.30,0.8000,-1,-1,-1
530,122,543.27,460.89,23.83,73.33,0.6398,-1,-1,-1
530,123,667.51,449.99,46.73,122.66,0.7125,-1,-1,-1
530,128,1083.17,444.51,90.55,229.97,0.7311,-1,-1,-1
530,131,1179.72,451.48,26.39,77.71,0.4922,-1,-1,-1
530,132,647.93,456.32,29.88,92.61,0.4647,-1,-1,-1
530,134,913.25,402.86,78.56,308.58,0.7436,-1,-1,-1
530,138,-2.69,570.70,35.19,98.37,0.4529,-1,-1,-1
530,139,1009.32,449.46,32.21,39.99,0.4982,-1,-1,-1
531,25,417.56,456.73,39.45,113.11,0.5899,-1,-1,-1
531,38,1706.01,382.22,220.38,545.33,0.2733,-1,-1,-1
531,51,1450.48,408.16,194.52,656.86,0.8844,-1,-1,-1
531,68,718.35,449.73,29.56,91.94,0.7734,-1,-1,-1
531,87,1011.30,444.61,99.20,277.42,0.8419,-1,-1,-1
531,89,576.36,452.30,29.25,81.77,0.6878,-1,-1,-1
531,93,804.62,432.77,106.64,256.74,0.8231,-1,-1,-1
531,100,1607.32,387.68,319.53,688.87,0.5642,-1,-1,-1
531,111,381.25,466.52,47.50,109.37,0.6460,-1,-1,-1
531,120,1593.64,412.23,168.24,600.90,0.7956,-1,-1,-1
531,122,542.63,461.51,24.00,73.31,0.6243,-1,-1,-1
531,123,666.77,449.76,44.81,121.28,0.6959,-1,-1,-1
531,128,1086.74,442.04,83.27,230.62,0.7603,-1,-1,-1
531,131,1179.85,450.18,26.42,77.88,0.3942,-1,-1,-1
531,132,647.30,456.44,29.55,93.06,0.4774,-1,-1,-1
531,134,918.62,402.31,77.13,307.26,0.7838,-1,-1,-1
531,138,-2.23,575.52,23.08,66.00,0.2858,-1,-1,-1
531,139,1009.23,450.11,32.53,40.95,0.4392,-1,-1,-1
532,25,417.61,457.06,39.81,113.00,0.5997,-1,-1,-1
532,38,1713.19,378.17,215.09,553.70,0.7037,-1,-1,-1
532,51,1456.34,408.12,195.78,656.84,0.8388,-1,-1,-1
532,68,717.48,450.67,29.52,91.83,0.8046,-1,-1,-1
532,87,1013.54,445.08,103.28,277.12,0.8560,-1,-1,-1
532,89,576.84,452.66,29.74,81.92,0.7141,-1,-1,-1
532,93,802.29,433.40,111.87,256.25,0.7787,-1,-1,-1
532,111,381.31,466.72,47.50,109.33,0.6294,-1,-1,-1
532,120,1598.85,412.38,172.61,606.99,0.8151,-1,-1,-1
532,122,542.66,462.47,24.12,72.64,0.6828,-1,-1,-1
532,123,665.88,449.84,43.27,120.60,0.7588,-1,-1,-1
532,128,1092.49,446.75,75.08,228.02,0.6365,-1,-1,-1
532,131,1179.47,450.58,26.47,77.63,0.4540,-1,-1,-1
532,132,647.29,456.23,29.07,94.24,0.3636,-1,-1,-1
532,134,921.39,403.14,76.42,305.62,0.7471,-1,-1,-1
532,139,1009.22,450.41,34.14,43.73,0.5138,-1,-1,-1
533,25,417.81,456.72,39.92,113.17,0.5981,-1,-1,-1
533,38,1719.79,379.10,209.43,565.12,0.6106,-1,-1,-1
533,51,1460.17,407.66,201.08,657.56,0.8170,-1,-1,-1
533,68,717.13,450.91,29.80,91.89,0.7904,-1,-1,-1
533,87,1014.40,446.10,108.27,275.58,0.8433,-1,-1,-1
533,89,577.01,452.27,30.53,82.51,0.7093,-1,-1,-1
533,93,799.63,434.88,112.24,255.14,0.8000,-1,-1,-1
533,111,381.60,467.12,47.46,108.76,0.6726,-1,-1,-1
533,120,1601.81,412.60,174.87,611.11,0.7581,-1,-1,-1
533,122,543.04,463.24,24.41,72.11,0.7020,-1,-1,-1
533,123,665.00,449.34,41.50,119.92,0.7820,-1,-1,-1
533,128,1099.22,447.48,69.05,227.39,0.5020,-1,-1,-1
533,131,1177.74,449.76,27.40,78.66,0.2939,-1,-1,-1
533,134,923.07,404.27,80.13,305.82,0.7426,-1,-1,-1
533,139,1009.12,449.69,34.64,45.16,0.3042,-1,-1,-1
534,25,418.67,456.43,39.62,113.30,0.5995,-1,-1,-1
534,38,1727.69,378.95,202.60,577.86,0.6493,-1,-1,-1
534,51,1461.43,407.13,206.56,658.53,0.8505,-1,-1,-1
534,68,717.02,451.02,29.89,91.82,0.7723,-1,-1,-1
534,87,1015.53,444.88,112.51,275.62,0.8683,-1,-1,-1
534,89,577.98,452.84,30.71,82.85,0.7484,-1,-1,-1
534,93,800.62,435.76,114.50,253.87,0.8114,-1,-1,-1
534,100,1648.45,365.36,291.29,702.38,0.3908,-1,-1,-1
534,111,381.59,467.29,47.40,108.30,0.6891,-1,-1,-1
534,120,1606.22,411.74,177.71,615.04,0.7640,-1,-1,-1
534,122,543.17,463.15,24.57,72.19,0.6917,-1,-1,-1
534,123,664.42,449.53,39.52,119.53,0.7983,-1,-1,-1
534,125,1162.04,442.62,28.01,91.37,0.2692,-1,-1,-1
534,128,1105.38,447.80,67.10,227.82,0.6681,-1,-1,-1
534,134,924.50,404.58,84.25,306.37,0.7742,-1,-1,-1
534,139,1009.23,450.26,36.45,49.21,0.4062,-1,-1,-1
535,25,418.80,456.16,39.33,113.82,0.6257,-1,-1,-1
535,38,1735.74,387.06,195.23,593.75,0.6690,-1,-1,-1
535,51,1462.11,407.40,210.18,659.09,0.8366,-1,-1,-1
535,68,717.22,450.23,29.36,92.04,0.7817,-1,-1,-1
535,87,1015.56,442.92,116.11,276.81,0.8699,-1,-1,-1
535,89,578.36,452.11,31.06,83.50,0.7550,-1,-1,-1
535,93,803.50,434.27,117.58,254.32,0.8421,-1,-1,-1
535,111,382.02,467.83,46.99,108.12,0.6396,-1,-1,-1
535,120,1608.98,414.70,182.11,625.46,0.7859,-1,-1,-1
535,122,543.72,462.37,24.65,73.20,0.7344,-1,-1,-1
535,123,663.77,449.65,38.23,119.88,0.7665,-1,-1,-1
535,128,1108.07,444.97,67.19,229.29,0.7237,-1,-1,-1
535,131,1177.68,448.75,26.99,79.24,0.2794,-1,-1,-1
535,134,924.41,405.14,88.41,306.42,0.7960,-1,-1,-1
535,139,1008.78,450.48,38.91,54.67,0.4217,-1,-1,-1
536,25,419.12,456.95,39.10,113.65,0.6219,-1,-1,-1
536,38,1742.14,390.02,188.39,607.71,0.6767,-1,-1,-1
536,51,1462.60,407.78,214.08,659.55,0.8355,-1,-1,-1
536,68,717.16,449.44,28.84,92.23,0.7894,-1,-1,-1
536,87,1015.02,443.75,118.81,276.65,0.8516,-1,-1,-1
536,89,578.76,452.09,31.25,83.66,0.7550,-1,-1,-1
536,93,805.61,432.93,119.54,254.73,0.8587,-1,-1,-1
536,111,382.09,467.60,46.67,108.32,0.6500,-1,-1,-1
536,120,1612.99,411.54,184.10,628.61,0.7591,-1,-1,-1
536,122,544.09,462.69,24.44,73.34,0.7173,-1,-1,-1
536,123,661.58,449.25,37.60,119.92,0.7132,-1,-1,-1
536,125,1165.28,443.84,31.73,100.52,0.2981,-1,-1,-1
536,128,1110.61,443.68,68.67,230.61,0.7132,-1,-1,-1
536,131,1172.68,449.47,29.89,81.12,0.2597,-1,-1,-1
536,134,924.42,406.40,92.39,305.69,0.8061,-1,-1,-1
536,139,1008.18,450.12,39.74,58.33,0.4678,-1,-1,-1
536,140,693.19,456.11,22.31,74.17,0.3492,-1,-1,-1
537,25,419.15,457.54,39.01,113.41,0.6296,-1,-1,-1
537,38,1749.70,405.94,181.08,623.99,0.8342,-1,-1,-1
537,51,1462.98,407.51,217.66,660.12,0.8273,-1,-1,-1
537,68,717.31,448.82,28.23,92.23,0.7789,-1,-1,-1
537,87,1014.60,445.37,121.52,275.50,0.8445,-1,-1,-1
537,89,579.50,453.55,31.05,82.85,0.7726,-1,-1,-1
537,93,806.91,432.15,120.93,255.39,0.8518,-1,-1,-1
537,111,382.22,467.38,46.56,108.51,0.6573,-1,-1,-1
537,120,1616.18,409.56,185.02,631.64,0.7683,-1,-1,-1
537,122,544.21,463.61,24.21,73.18,0.7149,-1,-1,-1
537,123,661.07,448.86,37.06,120.05,0.6970,-1,-1,-1
537,125,1166.04,442.76,32.01,103.15,0.3959,-1,-1,-1
537,128,1111.28,445.35,69.74,229.99,0.6777,-1,-1,-1
537,134,923.68,407.13,95.48,305.15,0.8050,-1,-1,-1
537,139,1007.62,450.35,40.45,62.22,0.4520,-1,-1,-1
537,140,692.30,457.90,21.55,69.98,0.3425,-1,-1,-1
538,25,419.16,456.77,38.93,113.60,0.6191,-1,-1,-1
538,38,1756.92,408.58,173.73,636.60,0.8877,-1,-1,-1
538,51,1463.30,406.82,220.48,660.89,0.8239,-1,-1,-1
538,68,717.46,448.71,28.44,92.34,0.7608,-1,-1,-1
538,87,1013.60,443.76,122.64,275.67,0.8541,-1,-1,-1
538,89,580.11,453.68,30.74,82.69,0.7722,-1,-1,-1
538,93,805.63,431.88,122.56,255.44,0.8582,-1,-1,-1
538,111,381.94,466.73,46.78,109.01,0.6421,-1,-1,-1
538,120,1618.34,411.67,181.89,630.91,0.6101,-1,-1,-1
538,122,544.31,463.19,24.18,73.23,0.7058,-1,-1,-1
538,123,658.98,449.26,37.50,119.38,0.6380,-1,-1,-1
538,125,1167.36,444.34,33.40,103.38,0.2880,-1,-1,-1
538,128,1113.57,442.07,69.34,232.56,0.7376,-1,-1,-1
538,134,923.49,407.48,98.70,304.76,0.8129,-1,-1,-1
538,139,1007.87,451.35,39.32,65.02,0.4190,-1,-1,-1
538,140,691.77,459.49,21.96,70.02,0.4582,-1,-1,-1
539,25,418.99,456.87,38.94,113.55,0.5937,-1,-1,-1
539,38,1765.36,402.70,165.88,649.64,0.8969,-1,-1,-1
539,51,1464.55,406.62,223.14,660.90,0.7681,-1,-1,-1
539,68,717.19,448.45,28.57,92.59,0.7468,-1,-1,-1
539,87,1012.98,445.79,123.72,275.64,0.8497,-1,-1,-1
539,89,580.23,453.68,30.58,82.53,0.7554,-1,-1,-1
539,93,806.74,431.70,122.30,255.68,0.8426,-1,-1,-1
539,111,381.97,466.73,47.06,109.21,0.6453,-1,-1,-1
539,120,1624.38,408.36,178.47,627.89,0.6923,-1,-1,-1
539,122,544.32,463.58,24.29,73.38,0.6837,-1,-1,-1
539,123,658.56,449.01,36.95,119.35,0.7504,-1,-1,-1
539,125,1171.17,446.84,32.38,102.08,0.2590,-1,-1,-1
539,128,1114.29,441.40,68.56,233.83,0.6955,-1,-1,-1
539,134,922.79,406.54,101.35,304.00,0.8204,-1,-1,-1
539,139,1007.72,451.77,37.49,67.41,0.4602,-1,-1,-1
539,140,691.31,459.42,22.34,70.41,0.4296,-1,-1,-1
540,25,417.74,459.11,39.09,111.98,0.6049,-1,-1,-1
540,38,1773.16,398.97,158.09,658.80,0.8754,-1,-1,-1
540,51,1467.74,405.53,225.57,661.21,0.6472,-1,-1,-1
540,68,715.56,448.69,28.89,92.93,0.7753,-1,-1,-1
540,87,1014.75,440.18,124.90,279.10,0.8382,-1,-1,-1
540,89,580.55,454.05,30.55,82.45,0.7664,-1,-1,-1
540,93,808.87,431.52,121.60,255.81,0.8325,-1,-1,-1
540,111,381.57,465.69,47.60,109.45,0.3256,-1,-1,-1
540,120,1631.93,405.86,180.03,625.38,0.7099,-1,-1,-1
540,122,544.09,462.85,24.47,73.70,0.6649,-1,-1,-1
540,123,657.04,450.47,36.64,118.07,0.7530,-1,-1,-1
540,125,1172.11,444.23,32.31,103.76,0.2829,-1,-1,-1
540,128,1115.47,440.15,67.06,235.06,0.6642,-1,-1,-1
540,134,922.59,407.93,103.56,304.07,0.8555,-1,-1,-1
540,139,1007.32,451.52,36.50,69.99,0.3744,-1,-1,-1
540,140,689.28,462.11,22.47,69.15,0.3764,-1,-1,-1
541,25,417.33,459.76,39.26,110.80,0.5928,-1,-1,-1
541,38,1781.87,400.42,149.64,662.90,0.8637,-1,-1,-1
541,51,1472.24,406.00,229.03,661.09,0.5750,-1,-1,-1
541,68,714.93,449.19,29.09,93.34,0.7866,-1,-1,-1
541,87,1022.83,436.83,121.01,281.69,0.8364,-1,-1,-1
541,89,580.55,454.51,30.58,82.38,0.7821,-1,-1,-1
541,93,813.74,431.81,119.17,255.38,0.8382,-1,-1,-1
541,111,381.24,465.51,48.37,108.91,0.2985,-1,-1,-1
541,120,1633.34,407.58,178.36,620.40,0.6034,-1,-1,-1
541,122,544.21,463.11,25.08,74.03,0.6905,-1,-1,-1
541,123,656.10,451.33,36.42,116.66,0.7225,-1,-1,-1
541,125,1173.71,444.45,32.39,104.71,0.4545,-1,-1,-1
541,128,1115.39,441.85,66.43,234.87,0.7085,-1,-1,-1
541,134,924.44,406.08,108.05,303.93,0.8534,-1,-1,-1
541,140,688.26,462.75,23.16,69.42,0.4054,-1,-1,-1
542,25,417.23,460.32,39.35,109.86,0.5718,-1,-1,-1
542,38,1789.42,399.66,141.73,666.46,0.8725,-1,-1,-1
542,51,1494.79,406.96,259.87,659.70,0.5144,-1,-1,-1
542,68,715.31,449.93,29.12,93.29,0.7691,-1,-1,-1
542,87,1029.39,433.78,118.49,284.37,0.8075,-1,-1,-1
542,89,580.44,455.01,30.65,82.23,0.7862,-1,-1,-1
542,93,818.34,432.44,116.86,255.03,0.7961,-1,-1,-1
542,111,380.98,465.59,48.64,108.61,0.3386,-1,-1,-1
542,120,1641.30,406.48,182.52,619.63,0.6664,-1,-1,-1
542,122,543.53,463.23,25.66,74.17,0.6522,-1,-1,-1
542,123,656.30,451.68,36.57,116.11,0.6634,-1,-1,-1
542,125,1175.62,444.47,32.86,105.31,0.2723,-1,-1,-1
542,128,1117.01,440.09,65.33,236.44,0.6377,-1,-1,-1
542,134,927.98,405.65,116.14,304.16,0.8715,-1,-1,-1
542,139,1007.57,451.54,36.63,74.39,0.2874,-1,-1,-1
542,140,687.42,461.01,23.36,70.19,0.3929,-1,-1,-1
543,25,418.25,459.83,39.16,109.49,0.5855,-1,-1,-1
543,38,1798.41,396.89,133.07,669.16,0.8610,-1,-1,-1
543,51,1488.93,405.30,252.86,658.25,0.4471,-1,-1,-1
543,68,715.24,450.36,29.47,92.97,0.7530,-1,-1,-1
543,87,1032.97,432.58,117.81,286.30,0.7629,-1,-1,-1
543,89,580.40,454.59,30.46,82.38,0.7603,-1,-1,-1
543,93,823.32,431.97,114.33,254.44,0.8215,-1,-1,-1
543,100,1622.19,382.00,239.76,652.08,0.6550,-1,-1,-1
543,111,380.83,466.19,48.66,108.17,0.4087,-1,-1,-1
543,119,1132.40,435.47,50.84,181.72,0.3001,-1,-1,-1
543,120,1568.79,410.64,226.92,636.77,0.5629,-1,-1,-1
543,122,544.14,463.01,26.63,74.50,0.6919,-1,-1,-1
543,123,655.92,452.45,37.08,115.22,0.7009,-1,-1,-1
543,128,1118.61,439.33,64.53,236.85,0.6549,-1,-1,-1
543,134,924.81,406.64,117.55,302.47,0.8587,-1,-1,-1
543,139,1006.98,453.13,36.78,80.52,0.2880,-1,-1,-1
543,140,687.26,461.78,23.09,69.26,0.3442,-1,-1,-1
544,25,417.85,459.40,38.87,109.38,0.5912,-1,-1,-1
544,38,1806.45,400.09,124.79,668.84,0.7782,-1,-1,-1
544,51,1495.57,409.26,250.03,657.75,0.5645,-1,-1,-1
544,68,715.21,450.63,29.83,92.55,0.7524,-1,-1,-1
544,87,1040.77,435.21,111.15,286.30,0.7121,-1,-1,-1
544,89,581.23,455.04,30.15,82.33,0.7629,-1,-1,-1
544,93,829.10,431.78,110.60,253.64,0.8033,-1,-1,-1
544,100,1629.53,394.29,222.79,631.06,0.6568,-1,-1,-1
544,111,380.58,466.30,48.75,108.24,0.4764,-1,-1,-1
544,122,544.61,462.59,27.63,74.76,0.6177,-1,-1,-1
544,123,655.54,452.71,37.29,114.62,0.7534,-1,-1,-1
544,125,1179.31,444.83,38.65,104.12,0.2717,-1,-1,-1
544,128,1120.39,441.97,63.67,235.99,0.6693,-1,-1,-1
544,134,925.57,412.61,120.50,299.36,0.7850,-1,-1,-1
544,140,688.03,463.10,23.44,68.97,0.3643,-1,-1,-1
545,25,416.85,458.52,39.32,109.96,0.6063,-1,-1,-1
545,38,1811.78,421.95,118.01,657.02,0.7854,-1,-1,-1
545,51,1508.40,407.52,243.12,657.12,0.6139,-1,-1,-1
545,68,715.59,451.65,29.81,92.05,0.7678,-1,-1,-1
545,87,1055.98,436.42,106.37,286.27,0.6197,-1,-1,-1
545,89,581.99,454.97,29.61,82.49,0.7324,-1,-1,-1
545,93,837.70,430.76,106.36,253.97,0.7870,-1,-1,-1
545,100,1636.45,400.29,212.61,621.99,0.6854,-1,-1,-1
545,111,380.55,466.09,49.06,108.43,0.3924,-1,-1,-1
545,120,1551.88,409.90,263.47,649.72,0.2931,-1,-1,-1
545,122,545.13,460.59,28.56,75.89,0.5907,-1,-1,-1
545,123,655.69,452.35,37.42,113.50,0.7370,-1,-1,-1
545,125,1183.60,446.01,41.26,103.00,0.4421,-1,-1,-1
545,128,1122.86,440.69,63.44,237.12,0.4834,-1,-1,-1
545,134,927.72,411.82,122.28,298.91,0.8516,-1,-1,-1
545,140,690.09,464.04,23.17,68.06,0.3395,-1,-1,-1
546,25,416.71,458.21,39.26,110.60,0.5371,-1,-1,-1
546,38,1817.19,442.30,111.82,642.97,0.7710,-1,-1,-1
546,51,1522.64,404.54,232.63,657.57,0.7699,-1,-1,-1
546,68,715.11,451.07,30.08,93.09,0.7285,-1,-1,-1
546,87,1063.93,435.64,100.87,286.61,0.6059,-1,-1,-1
546,89,582.50,454.73,29.27,82.63,0.7328,-1,-1,-1
546,93,851.18,429.16,98.72,253.28,0.7638,-1,-1,-1
546,100,1647.43,403.78,205.21,613.43,0.6989,-1,-1,-1
546,111,380.27,467.13,49.04,108.14,0.4704,-1,-1,-1
546,122,545.33,458.96,29.29,77.00,0.4803,-1,-1,-1
546,123,655.62,452.35,36.91,112.71,0.7613,-1,-1,-1
546,125,1183.95,446.81,44.83,102.86,0.4980,-1,-1,-1
546,128,1126.10,441.94,62.77,236.39,0.5061,-1,-1,-1
546,134,930.06,410.93,122.59,297.23,0.8438,-1,-1,-1
546,140,690.98,462.60,23.18,68.44,0.3648,-1,-1,-1
547,25,417.29,459.38,39.23,109.78,0.5024,-1,-1,-1
547,38,1822.40,443.29,105.95,637.45,0.7707,-1,-1,-1
547,51,1531.03,403.11,223.18,657.99,0.7897,-1,-1,-1
547,68,714.77,450.75,30.09,93.69,0.7455,-1,-1,-1
547,87,1072.28,435.19,96.13,287.05,0.6163,-1,-1,-1
547,89,583.18,454.87,28.96,83.04,0.7445,-1,-1,-1
547,93,862.76,428.55,91.69,252.76,0.7580,-1,-1,-1
547,100,1654.65,408.85,199.94,612.82,0.7186,-1,-1,-1
547,111,380.21,467.44,49.26,108.05,0.5199,-1,-1,-1
547,122,545.72,456.91,29.78,78.76,0.5065,-1,-1,-1
547,123,655.94,452.29,37.21,112.02,0.7717,-1,-1,-1
547,125,1183.54,445.63,48.20,103.92,0.4177,-1,-1,-1
547,128,1128.49,441.71,62.14,236.58,0.4858,-1,-1,-1
547,134,933.79,410.59,121.81,297.92,0.8447,-1,-1,-1
547,140,691.17,462.01,23.30,68.49,0.4394,-1,-1,-1
548,25,417.78,457.64,38.99,110.80,0.5821,-1,-1,-1
548,38,1825.98,438.11,101.25,637.03,0.6493,-1,-1,-1
548,51,1537.45,403.36,215.05,659.37,0.7901,-1,-1,-1
548,68,715.62,453.20,29.73,92.31,0.7369,-1,-1,-1
548,87,1079.50,434.44,92.73,287.62,0.7206,-1,-1,-1
548,89,583.60,454.67,28.65,82.85,0.7322,-1,-1,-1
548,93,869.96,428.61,86.22,252.18,0.7647,-1,-1,-1
548,100,1665.17,410.69,195.27,612.22,0.7444,-1,-1,-1
548,111,380.03,467.22,49.17,108.27,0.5197,-1,-1,-1
548,122,546.39,454.67,30.73,80.89,0.5044,-1,-1,-1
548,123,655.09,452.12,37.53,111.96,0.7837,-1,-1,-1
548,125,1185.93,445.04,47.90,104.81,0.4420,-1,-1,-1
548,128,1132.85,439.44,60.14,237.22,0.3883,-1,-1,-1
548,134,937.61,409.99,119.80,298.05,0.8419,-1,-1,-1
548,140,691.46,462.69,23.82,68.57,0.4153,-1,-1,-1
548,141,556.16,447.14,27.03,91.90,0.2817,-1,-1,-1
549,25,418.33,458.58,38.76,110.58,0.6081,-1,-1,-1
549,38,1827.45,447.71,98.16,630.27,0.3446,-1,-1,-1
549,51,1542.88,403.36,208.27,658.96,0.4766,-1,-1,-1
549,68,715.80,453.55,29.61,91.73,0.7369,-1,-1,-1
549,87,1084.89,434.91,90.81,287.36,0.7419,-1,-1,-1
549,89,583.85,453.94,28.76,83.02,0.7294,-1,-1,-1
549,93,876.42,430.93,81.26,251.91,0.7144,-1,-1,-1
549,100,1672.53,412.39,189.90,609.43,0.6203,-1,-1,-1
549,111,380.03,466.77,49.34,108.86,0.5111,-1,-1,-1
549,120,1559.25,409.26,287.42,657.23,0.4319,-1,-1,-1
549,122,545.72,453.48,30.64,82.14,0.4840,-1,-1,-1
549,123,653.65,452.05,37.11,111.76,0.7611,-1,-1,-1
549,125,1189.15,445.30,48.01,105.55,0.4501,-1,-1,-1
549,128,1133.36,437.55,59.26,238.59,0.3669,-1,-1,-1
549,134,941.50,409.50,116.46,296.59,0.8290,-1,-1,-1
549,140,691.88,461.85,24.02,69.70,0.3104,-1,-1,-1
549,141,555.54,449.50,26.28,88.62,0.3080,-1,-1,-1
550,25,418.63,458.57,38.52,110.79,0.5721,-1,-1,-1
550,51,1550.47,401.98,207.00,654.83,0.5822,-1,-1,-1
550,68,716.05,453.18,29.66,91.77,0.7478,-1,-1,-1
550,87,1089.21,435.69,92.09,287.24,0.7618,-1,-1,-1
550,89,583.97,454.38,28.50,82.95,0.7380,-1,-1,-1
550,93,876.74,431.64,80.40,250.82,0.7353,-1,-1,-1
550,100,1680.42,417.53,186.98,605.51,0.5769,-1,-1,-1
550,111,379.99,466.60,49.36,109.21,0.5023,-1,-1,-1
550,120,1560.15,405.54,298.39,652.38,0.4368,-1,-1,-1
550,122,546.41,453.27,30.73,83.18,0.4526,-1,-1,-1
550,123,652.71,451.53,36.95,111.65,0.7327,-1,-1,-1
550,125,1192.81,444.34,46.70,106.60,0.4049,-1,-1,-1
550,128,1131.43,436.16,59.36,241.06,0.2504,-1,-1,-1
550,134,950.26,408.37,111.10,295.41,0.8076,-1,-1,-1
550,140,694.93,461.57,23.28,71.05,0.3087,-1,-1,-1
551,25,417.75,457.04,38.98,112.00,0.5753,-1,-1,-1
551,51,1552.75,403.09,204.50,653.28,0.5322,-1,-1,-1
551,68,716.35,451.99,29.46,92.63,0.7607,-1,-1,-1
551,87,1090.40,435.16,93.11,287.46,0.7495,-1,-1,-1
551,89,584.10,454.29,28.50,83.02,0.7389,-1,-1,-1
551,93,878.84,430.28,79.99,250.93,0.7384,-1,-1,-1
551,100,1679.89,420.40,185.03,607.20,0.4988,-1,-1,-1
551,111,380.00,467.57,49.20,108.21,0.5081,-1,-1,-1
551,120,1559.45,406.02,303.98,654.30,0.3715,-1,-1,-1
551,122,546.21,452.05,31.03,84.15,0.5078,-1,-1,-1
551,123,652.17,451.65,36.31,111.65,0.7049,-1,-1,-1
551,125,1193.85,444.04,43.31,106.89,0.4606,-1,-1,-1
551,128,1128.74,438.37,61.06,240.98,0.3504,-1,-1,-1
551,134,958.16,407.83,105.05,294.41,0.7839,-1,-1,-1
551,140,696.09,460.82,23.18,72.63,0.3217,-1,-1,-1
551,141,553.36,448.34,28.30,89.53,0.3287,-1,-1,-1
552,25,417.92,456.08,39.02,112.99,0.5907,-1,-1,-1
552,51,1560.62,408.27,210.42,654.60,0.6015,-1,-1,-1
552,68,716.77,450.72,30.08,93.64,0.7729,-1,-1,-1
552,87,1091.41,436.05,95.31,286.95,0.7464,-1,-1,-1
552,89,583.97,453.70,28.76,83.67,0.7920,-1,-1,-1
552,93,886.07,430.17,79.02,251.77,0.7184,-1,-1,-1
552,100,1688.55,418.24,182.51,605.80,0.5866,-1,-1,-1
552,111,379.94,467.29,49.52,108.72,0.4472,-1,-1,-1
552,120,1560.48,405.23,309.36,659.93,0.3392,-1,-1,-1
552,122,547.24,451.65,31.48,85.07,0.5369,-1,-1,-1
552,123,652.59,452.07,36.38,111.80,0.7024,-1,-1,-1
552,125,1195.34,445.31,40.78,106.17,0.5736,-1,-1,-1
552,134,966.75,407.20,98.49,293.05,0.7396,-1,-1,-1
552,140,696.81,461.35,23.35,73.33,0.4106,-1,-1,-1
553,25,416.47,455.86,39.70,113.33,0.5624,-1,-1,-1
553,51,1561.85,405.18,212.34,657.31,0.7353,-1,-1,-1
553,68,717.02,450.15,30.32,94.00,0.7918,-1,-1,-1
553,87,1091.54,434.90,99.10,287.66,0.8056,-1,-1,-1
553,89,584.15,453.67,28.87,84.09,0.7990,-1,-1,-1
553,93,893.53,429.40,80.84,252.17,0.7478,-1,-1,-1
553,100,1699.13,413.16,185.34,608.12,0.6871,-1,-1,-1
553,111,380.16,466.79,49.87,108.81,0.3741,-1,-1,-1
553,120,1559.71,405.98,314.69,661.79,0.5173,-1,-1,-1
553,122,546.80,450.69,31.51,86.24,0.5370,-1,-1,-1
553,123,651.78,451.95,35.98,111.64,0.7353,-1,-1,-1
553,125,1197.20,443.29,38.67,106.92,0.5870,-1,-1,-1
553,128,1150.61,439.04,57.00,236.96,0.3585,-1,-1,-1
553,134,976.70,407.21,91.40,291.52,0.7421,-1,-1,-1
553,140,697.24,460.61,23.52,74.51,0.3735,-1,-1,-1
554,25,417.52,456.19,39.62,113.47,0.6105,-1,-1,-1
554,68,717.15,449.59,30.56,94.31,0.7876,-1,-1,-1
554,87,1091.60,433.73,103.15,288.62,0.8153,-1,-1,-1
554,89,583.97,453.39,28.99,84.57,0.8123,-1,-1,-1
554,93,896.69,430.14,83.33,251.98,0.7575,-1,-1,-1
554,100,1702.50,412.90,188.88,615.36,0.5635,-1,-1,-1
554,111,380.07,466.57,49.83,108.92,0.4138,-1,-1,-1
554,120,1551.82,402.65,309.60,661.40,0.5655,-1,-1,-1
554,122,546.24,450.84,30.84,85.69,0.5304,-1,-1,-1
554,123,650.75,452.23,35.76,111.21,0.6995,-1,-1,-1
554,125,1199.34,441.56,38.58,108.56,0.5682,-1,-1,-1
554,128,1157.74,439.09,55.66,235.94,0.2850,-1,-1,-1
554,134,987.49,408.45,84.62,292.12,0.7219,-1,-1,-1
554,140,697.08,461.45,23.82,75.07,0.3184,-1,-1,-1
554,141,553.37,448.28,29.78,88.62,0.3048,-1,-1,-1
554,142,1048.36,448.90,31.39,94.78,0.5208,-1,-1,-1
555,25,416.60,457.31,39.91,112.92,0.5520,-1,-1,-1
555,51,1563.24,403.79,219.74,656.49,0.6098,-1,-1,-1
555,68,716.13,449.33,30.96,94.82,0.7942,-1,-1,-1
555,87,1091.73,432.46,105.29,289.61,0.7569,-1,-1,-1
555,89,584.10,453.30,28.79,85.01,0.8089,-1,-1,-1
555,93,895.61,431.50,84.42,251.75,0.7825,-1,-1,-1
555,100,1709.77,416.09,187.33,620.19,0.5171,-1,-1,-1
555,111,379.72,465.22,50.25,109.60,0.2618,-1,-1,-1
555,122,546.17,453.53,30.28,84.28,0.5309,-1,-1,-1
555,125,1199.83,444.25,38.44,107.21,0.5147,-1,-1,-1
555,128,1159.57,438.40,57.91,237.36,0.3358,-1,-1,-1
555,132,651.77,458.46,32.19,103.89,0.6538,-1,-1,-1
555,134,994.06,408.92,80.31,292.52,0.7442,-1,-1,-1
555,140,694.93,461.43,23.28,73.44,0.2737,-1,-1,-1
555,141,552.22,450.57,30.35,86.03,0.2667,-1,-1,-1
555,142,1048.66,448.76,30.65,92.29,0.5200,-1,-1,-1
556,25,416.02,457.54,40.14,112.45,0.5550,-1,-1,-1
556,68,716.08,449.13,31.28,95.28,0.7928,-1,-1,-1
556,87,1092.80,431.88,107.89,289.87,0.7981,-1,-1,-1
556,89,583.91,453.08,28.82,85.26,0.7990,-1,-1,-1
556,93,893.85,431.97,85.23,251.46,0.7912,-1,-1,-1
556,100,1709.48,413.91,186.98,623.41,0.4830,-1,-1,-1
556,111,379.38,463.84,50.49,110.48,0.2903,-1,-1,-1
556,120,1548.38,401.43,299.90,662.34,0.5094,-1,-1,-1
556,122,546.76,454.06,29.85,84.29,0.5317,-1,-1,-1
556,123,648.85,455.13,35.11,109.77,0.6770,-1,-1,-1
556,125,1199.00,443.40,37.58,107.50,0.4935,-1,-1,-1
556,128,1159.07,438.57,61.19,236.71,0.3431,-1,-1,-1
556,134,1003.06,408.34,83.82,293.71,0.7228,-1,-1,-1
556,140,694.49,461.64,23.28,72.30,0.2538,-1,-1,-1
556,142,1049.36,450.14,29.45,89.71,0.4936,-1,-1,-1
557,25,416.00,456.61,40.40,112.99,0.5788,-1,-1,-1
557,68,716.06,449.28,31.46,95.65,0.7965,-1,-1,-1
557,87,1093.22,432.02,110.45,289.71,0.8002,-1,-1,-1
557,89,583.60,452.88,28.85,85.53,0.8029,-1,-1,-1
557,93,894.99,432.75,88.39,250.78,0.7904,-1,-1,-1
557,100,1716.23,411.01,187.87,625.75,0.3265,-1,-1,-1
557,111,379.19,465.21,50.83,109.97,0.2958,-1,-1,-1
557,120,1561.30,404.53,311.85,663.67,0.5849,-1,-1,-1
557,122,547.24,450.45,30.37,86.19,0.5853,-1,-1,-1
557,125,1202.74,444.03,35.08,107.25,0.6199,-1,-1,-1
557,128,1154.72,437.69,65.85,238.27,0.3830,-1,-1,-1
557,132,651.10,457.57,32.68,106.03,0.6070,-1,-1,-1
557,134,1003.08,408.01,87.30,293.07,0.7219,-1,-1,-1
557,140,694.50,461.73,22.70,71.33,0.2922,-1,-1,-1
557,142,1049.59,450.10,29.53,89.52,0.5094,-1,-1,-1
558,25,416.06,455.70,40.43,113.47,0.5578,-1,-1,-1
558,68,716.26,448.90,31.64,96.26,0.7742,-1,-1,-1
558,87,1093.14,431.98,112.35,290.28,0.8276,-1,-1,-1
558,89,583.69,452.89,28.74,85.54,0.8061,-1,-1,-1
558,93,896.10,433.08,93.69,249.96,0.8409,-1,-1,-1
558,111,378.55,466.03,50.84,109.52,0.3277,-1,-1,-1
558,120,1565.62,403.67,320.56,667.24,0.7285,-1,-1,-1
558,122,547.77,448.83,30.45,87.76,0.6449,-1,-1,-1
558,125,1206.24,444.41,33.66,106.71,0.5863,-1,-1,-1
558,128,1152.88,436.83,68.85,238.99,0.2902,-1,-1,-1
558,130,1081.02,438.87,40.80,122.65,0.2638,-1,-1,-1
558,132,649.90,456.29,33.69,107.36,0.6229,-1,-1,-1
558,134,1003.22,407.72,93.34,291.66,0.7342,-1,-1,-1
558,142,1049.34,448.63,30.52,92.69,0.3459,-1,-1,-1
559,25,415.95,455.55,40.69,113.44,0.5684,-1,-1,-1
559,68,716.36,448.96,31.77,96.52,0.7879,-1,-1,-1
559,87,1094.48,432.65,115.94,289.90,0.7976,-1,-1,-1
559,89,582.84,452.68,29.05,85.57,0.8001,-1,-1,-1
559,93,896.14,432.86,98.05,249.32,0.8284,-1,-1,-1
559,100,1735.08,409.98,177.37,621.69,0.3707,-1,-1,-1
559,111,378.24,466.00,51.09,109.31,0.2859,-1,-1,-1
559,120,1563.40,402.39,323.22,667.82,0.5357,-1,-1,-1
559,122,547.90,448.43,30.72,89.00,0.6477,-1,-1,-1
559,123,646.74,454.56,35.86,108.98,0.6688,-1,-1,-1
559,125,1208.67,443.50,32.89,107.31,0.6946,-1,-1,-1
559,130,1079.84,440.00,41.54,123.35,0.3471,-1,-1,-1
559,134,1003.75,408.53,94.08,289.71,0.7041,-1,-1,-1
559,144,672.21,456.39,26.73,80.56,0.4901,-1,-1,-1
560,25,417.88,456.05,40.08,113.42,0.5789,-1,-1,-1
560,68,716.14,449.15,31.66,96.92,0.7953,-1,-1,-1
560,87,1099.12,433.44,117.44,288.77,0.8293,-1,-1,-1
560,89,582.75,452.58,29.29,85.72,0.7982,-1,-1,-1
560,93,896.04,433.10,99.82,248.93,0.7943,-1,-1,-1
560,100,1730.70,408.21,180.33,619.04,0.2991,-1,-1,-1
560,111,378.14,466.29,50.96,108.93,0.3296,-1,-1,-1
560,120,1567.18,400.98,330.89,670.16,0.7401,-1,-1,-1
560,122,548.23,449.80,30.53,88.95,0.6264,-1,-1,-1
560,123,644.51,453.67,36.16,108.97,0.6714,-1,-1,-1
560,125,1211.29,442.57,32.55,107.77,0.7407,-1,-1,-1
560,130,1078.50,439.70,42.55,123.03,0.5688,-1,-1,-1
560,134,1005.75,412.79,95.92,286.55,0.7387,-1,-1,-1
560,140,693.65,462.48,22.09,69.61,0.2940,-1,-1,-1
560,144,670.99,456.75,26.40,80.14,0.5313,-1,-1,-1
561,25,418.21,456.45,40.06,113.46,0.5919,-1,-1,-1
561,68,716.50,449.17,31.76,97.03,0.7870,-1,-1,-1
561,87,1103.79,433.55,117.09,286.57,0.8277,-1,-1,-1
561,89,583.60,452.98,29.13,85.89,0.7873,-1,-1,-1
561,93,897.91,432.60,99.62,247.38,0.8059,-1,-1,-1
561,100,1741.99,405.64,177.38,614.12,0.3996,-1,-1,-1
561,111,378.63,467.11,50.91,109.00,0.2954,-1,-1,-1
561,120,1569.18,399.92,337.00,671.35,0.5256,-1,-1,-1
561,122,548.03,450.25,30.27,88.81,0.6780,-1,-1,-1
561,123,642.11,452.73,36.10,109.14,0.7063,-1,-1,-1
561,125,1214.95,443.73,32.51,108.55,0.6673,-1,-1,-1
561,134,1006.97,413.13,97.93,285.90,0.7924,-1,-1,-1
561,140,693.92,461.83,22.01,69.69,0.3208,-1,-1,-1
561,144,670.33,456.40,26.97,80.99,0.4243,-1,-1,-1
562,25,416.82,456.38,40.80,113.67,0.5419,-1,-1,-1
562,68,717.08,449.04,32.14,96.74,0.7983,-1,-1,-1
562,87,1110.53,434.53,114.04,284.77,0.8189,-1,-1,-1
562,89,583.65,452.41,29.48,86.24,0.7767,-1,-1,-1
562,93,904.43,432.81,96.65,245.46,0.7470,-1,-1,-1
562,100,1751.35,403.02,172.56,607.97,0.3752,-1,-1,-1
562,120,1560.19,399.18,323.94,673.21,0.6288,-1,-1,-1
562,122,547.97,449.85,30.39,88.96,0.7151,-1,-1,-1
562,123,641.78,452.04,35.42,109.04,0.7118,-1,-1,-1
562,125,1217.31,443.43,33.95,109.78,0.6319,-1,-1,-1
562,130,1076.38,440.74,42.48,125.26,0.2784,-1,-1,-1
562,134,1010.28,414.94,100.26,284.30,0.8504,-1,-1,-1
562,140,694.48,460.15,21.98,70.33,0.3253,-1,-1,-1
562,144,670.01,455.80,27.88,82.03,0.4021,-1,-1,-1
563,25,416.51,457.02,41.26,113.04,0.4999,-1,-1,-1
563,68,717.71,448.97,32.73,96.30,0.7749,-1,-1,-1
563,87,1117.43,433.75,111.20,283.71,0.8090,-1,-1,-1
563,89,584.06,452.27,29.32,86.28,0.7800,-1,-1,-1
563,93,909.13,434.20,93.94,243.90,0.7432,-1,-1,-1
563,120,1571.05,396.58,332.22,671.05,0.7994,-1,-1,-1
563,122,548.20,450.94,30.38,87.36,0.6947,-1,-1,-1
563,123,641.03,451.78,35.42,109.39,0.7001,-1,-1,-1
563,125,1217.43,442.48,36.23,110.74,0.5769,-1,-1,-1
563,130,1076.25,440.05,42.66,128.54,0.3244,-1,-1,-1
563,134,1010.57,416.00,103.75,283.34,0.8291,-1,-1,-1
563,140,694.90,461.17,21.80,69.83,0.2758,-1,-1,-1
563,144,669.25,457.26,29.03,86.53,0.5025,-1,-1,-1
564,25,416.88,456.90,41.58,112.86,0.4472,-1,-1,-1
564,68,717.76,449.65,32.89,95.98,0.7668,-1,-1,-1
564,87,1117.84,433.44,111.51,281.58,0.8077,-1,-1,-1
564,89,584.48,452.40,29.19,85.80,0.7564,-1,-1,-1
564,93,914.44,434.08,90.31,242.19,0.7439,-1,-1,-1
564,120,1578.54,395.87,335.21,672.24,0.8101,-1,-1,-1
564,122,548.17,448.17,30.74,88.46,0.6567,-1,-1,-1
564,123,641.04,449.80,35.12,110.77,0.7129,-1,-1,-1
564,125,1219.10,443.07,37.98,110.47,0.4932,-1,-1,-1
564,134,1011.19,415.91,105.25,283.09,0.8016,-1,-1,-1
564,140,695.70,463.05,21.48,68.07,0.3077,-1,-1,-1
564,144,669.97,457.66,28.76,88.38,0.5359,-1,-1,-1
565,25,416.80,456.74,41.85,112.96,0.4477,-1,-1,-1
565,68,717.99,449.95,32.88,95.83,0.7723,-1,-1,-1
565,87,1130.38,435.20,106.29,280.91,0.8127,-1,-1,-1
565,89,584.95,452.39,29.05,86.03,0.7481,-1,-1,-1
565,93,922.41,433.60,85.42,241.26,0.7486,-1,-1,-1
565,100,1772.56,407.16,158.75,612.21,0.5318,-1,-1,-1
565,120,1585.01,397.76,331.75,672.73,0.4985,-1,-1,-1
565,122,548.63,447.43,31.27,89.29,0.6810,-1,-1,-1
565,123,641.22,450.13,34.96,110.63,0.6952,-1,-1,-1
565,125,1221.44,443.24,38.52,110.25,0.5552,-1,-1,-1
565,134,1012.90,415.37,112.86,284.62,0.8155,-1,-1,-1
565,140,696.18,465.14,21.05,66.16,0.2512,-1,-1,-1
565,144,669.80,458.07,28.85,91.26,0.5420,-1,-1,-1
566,25,416.47,457.23,41.96,112.92,0.4929,-1,-1,-1
566,68,718.29,450.21,33.07,96.09,0.7931,-1,-1,-1
566,87,1128.57,435.62,107.36,280.29,0.7669,-1,-1,-1
566,89,584.87,452.04,29.47,86.32,0.7546,-1,-1,-1
566,93,930.81,431.59,83.32,241.69,0.7670,-1,-1,-1
566,100,1780.46,408.93,149.54,614.85,0.3096,-1,-1,-1
566,120,1596.03,398.01,327.30,673.34,0.8106,-1,-1,-1
566,122,548.44,447.21,31.22,89.92,0.6694,-1,-1,-1
566,123,640.53,450.47,34.90,110.72,0.6921,-1,-1,-1
566,125,1223.53,444.21,38.93,109.60,0.5797,-1,-1,-1
566,134,1010.93,412.11,112.89,286.75,0.8241,-1,-1,-1
566,140,696.89,466.55,21.31,66.71,0.2745,-1,-1,-1
566,144,668.89,457.44,28.67,93.03,0.4883,-1,-1,-1
566,145,916.96,470.13,33.45,115.27,0.3182,-1,-1,-1
567,25,415.68,457.51,42.24,112.93,0.4978,-1,-1,-1
567,68,718.41,450.10,33.55,96.40,0.7844,-1,-1,-1
567,87,1128.33,435.66,107.82,280.00,0.7826,-1,-1,-1
567,89,585.76,452.37,29.12,86.93,0.7735,-1,-1,-1
567,93,935.10,430.54,80.30,241.90,0.7283,-1,-1,-1
567,100,1790.34,406.12,139.90,620.31,0.5095,-1,-1,-1
567,111,377.75,466.73,51.87,110.17,0.2765,-1,-1,-1
567,120,1608.60,397.78,312.16,675.24,0.8248,-1,-1,-1
567,122,548.18,447.19,31.35,90.60,0.6558,-1,-1,-1
567,123,639.60,450.99,34.51,110.27,0.7472,-1,-1,-1
567,125,1224.41,445.19,39.83,109.36,0.5380,-1,-1,-1
567,126,1108.44,430.27,44.41,145.04,0.2804,-1,-1,-1
567,134,1010.60,410.62,113.66,287.83,0.7909,-1,-1,-1
567,140,697.76,468.45,21.20,65.85,0.2611,-1,-1,-1
567,144,668.60,457.09,28.77,94.52,0.5151,-1,-1,-1
568,25,416.50,457.23,42.10,113.38,0.5496,-1,-1,-1
568,68,718.97,449.96,33.82,96.75,0.7898,-1,-1,-1
568,87,1133.73,435.32,106.57,280.13,0.7517,-1,-1,-1
568,89,586.29,452.54,28.60,87.05,0.7688,-1,-1,-1
568,93,942.74,430.54,77.60,242.09,0.7401,-1,-1,-1
568,100,1794.27,407.76,134.23,625.22,0.2868,-1,-1,-1
568,111,378.13,466.63,50.97,109.45,0.2848,-1,-1,-1
568,120,1623.29,397.13,294.10,676.86,0.8560,-1,-1,-1
568,122,548.39,447.90,32.10,90.62,0.6262,-1,-1,-1
568,123,638.89,450.59,34.40,110.57,0.7600,-1,-1,-1
568,125,1226.35,446.66,39.86,108.46,0.5418,-1,-1,-1
568,134,1012.87,415.61,120.05,285.59,0.8371,-1,-1,-1
568,140,698.64,468.79,20.71,65.71,0.3713,-1,-1,-1
568,144,667.63,456.83,28.78,95.55,0.6350,-1,-1,-1
569,25,416.67,458.15,42.19,113.14,0.4985,-1,-1,-1
569,68,719.06,449.88,33.98,96.89,0.7903,-1,-1,-1
569,87,1137.17,435.29,108.64,280.01,0.8036,-1,-1,-1
569,89,586.00,452.52,28.99,87.42,0.7527,-1,-1,-1
569,93,945.86,431.18,76.91,242.59,0.7295,-1,-1,-1
569,100,1796.27,411.33,130.42,628.51,0.5691,-1,-1,-1
569,111,378.13,467.27,50.43,109.26,0.2783,-1,-1,-1
569,120,1637.59,397.37,276.95,677.78,0.8828,-1,-1,-1
569,122,549.16,450.83,31.97,89.54,0.6401,-1,-1,-1
569,123,637.61,451.20,34.78,110.08,0.7984,-1,-1,-1
569,125,1229.80,443.99,38.39,109.15,0.6441,-1,-1,-1
569,126,1113.12,431.61,40.10,144.85,0.5643,-1,-1,-1
569,134,1012.87,416.43,124.29,284.95,0.8366,-1,-1,-1
569,140,699.39,469.14,20.35,65.66,0.3879,-1,-1,-1
569,144,667.27,455.36,29.07,97.28,0.6286,-1,-1,-1
570,25,417.93,460.68,41.71,111.64,0.4310,-1,-1,-1
570,68,719.19,449.57,33.98,97.20,0.8091,-1,-1,-1
570,87,1143.38,434.42,113.18,281.10,0.8361,-1,-1,-1
570,89,585.38,452.09,29.63,88.03,0.7427,-1,-1,-1
570,93,948.49,430.97,77.25,243.22,0.7909,-1,-1,-1
570,100,1802.03,403.13,125.02,625.88,0.5541,-1,-1,-1
570,120,1647.31,396.39,264.01,678.75,0.8705,-1,-1,-1
570,122,549.23,450.92,32.16,89.45,0.6335,-1,-1,-1
570,123,637.29,451.24,34.71,110.04,0.8026,-1,-1,-1
570,125,1234.04,443.79,36.20,109.01,0.5708,-1,-1,-1
570,126,1115.03,430.76,38.95,144.80,0.6468,-1,-1,-1
570,134,1012.52,416.63,126.43,283.69,0.7685,-1,-1,-1
570,140,698.80,469.62,20.53,65.03,0.3679,-1,-1,-1
570,144,666.71,455.07,29.29,98.17,0.6053,-1,-1,-1
571,25,418.03,460.29,40.74,111.29,0.4844,-1,-1,-1
571,68,718.98,449.19,34.27,97.57,0.8068,-1,-1,-1
571,87,1147.60,433.65,119.29,281.64,0.8469,-1,-1,-1
571,89,584.82,452.17,29.97,88.49,0.7233,-1,-1,-1
571,93,948.08,430.88,79.44,243.86,0.7645,-1,-1,-1
571,100,1807.49,383.80,120.01,588.30,0.5182,-1,-1,-1
571,111,378.51,466.91,49.69,109.65,0.4427,-1,-1,-1
571,120,1657.14,396.41,257.33,679.16,0.8844,-1,-1,-1
571,122,549.36,451.12,32.02,89.29,0.6407,-1,-1,-1
571,123,636.84,451.93,34.86,109.71,0.7852,-1,-1,-1
571,125,1236.48,446.33,34.61,107.49,0.5568,-1,-1,-1
571,126,1114.76,430.14,39.64,144.96,0.6477,-1,-1,-1
571,134,1012.85,414.76,127.92,283.87,0.8165,-1,-1,-1
571,140,696.42,469.43,21.02,63.95,0.3866,-1,-1,-1
571,144,666.40,454.15,29.66,99.26,0.6699,-1,-1,-1
572,25,418.51,459.74,39.76,111.30,0.5004,-1,-1,-1
572,68,718.99,448.83,34.51,98.38,0.8156,-1,-1,-1
572,87,1153.40,434.42,122.26,280.95,0.8494,-1,-1,-1
572,89,584.00,451.58,30.62,89.03,0.7349,-1,-1,-1
572,93,948.74,431.62,80.93,243.16,0.7538,-1,-1,-1
572,100,1813.80,384.16,114.31,551.02,0.6685,-1,-1,-1
572,111,377.78,466.37,48.46,109.98,0.3497,-1,-1,-1
572,120,1663.37,395.98,251.19,679.78,0.8550,-1,-1,-1
572,122,548.95,450.91,32.29,89.50,0.6587,-1,-1,-1
572,123,636.69,452.71,34.59,109.58,0.7941,-1,-1,-1
572,125,1238.38,444.98,33.44,108.25,0.4604,-1,-1,-1
572,126,1114.03,429.89,40.02,145.49,0.6774,-1,-1,-1
572,134,1013.45,416.15,128.22,283.18,0.7849,-1,-1,-1
572,140,695.55,467.11,21.29,64.95,0.2917,-1,-1,-1
572,144,666.22,453.63,29.94,100.11,0.6913,-1,-1,-1
572,146,1004.38,451.84,31.86,72.29,0.2923,-1,-1,-1
573,25,418.79,459.30,38.88,111.45,0.4976,-1,-1,-1
573,68,719.28,448.89,35.04,98.95,0.7951,-1,-1,-1
573,87,1157.32,434.57,124.70,280.39,0.8351,-1,-1,-1
573,89,584.55,451.45,30.96,89.44,0.7418,-1,-1,-1
573,93,947.59,431.66,84.71,242.90,0.7114,-1,-1,-1
573,100,1822.16,389.97,106.98,522.76,0.4865,-1,-1,-1
573,111,378.00,466.42,47.49,109.99,0.3799,-1,-1,-1
573,120,1670.07,396.12,249.59,680.75,0.8857,-1,-1,-1
573,122,549.30,453.50,32.64,88.09,0.6644,-1,-1,-1
573,123,636.42,453.10,34.11,108.95,0.7740,-1,-1,-1
573,125,1240.49,443.16,32.40,109.27,0.4416,-1,-1,-1
573,126,1114.45,429.53,39.54,145.90,0.6890,-1,-1,-1
573,128,1152.29,439.19,84.78,268.04,0.4893,-1,-1,-1
573,134,1015.79,417.30,127.39,283.15,0.8151,-1,-1,-1
573,140,695.39,468.18,21.60,64.24,0.3367,-1,-1,-1
573,144,666.26,453.56,30.52,100.88,0.6864,-1,-1,-1
574,25,419.69,460.34,38.31,110.67,0.5046,-1,-1,-1
574,68,719.38,448.77,35.28,99.15,0.7801,-1,-1,-1
574,87,1159.80,434.04,126.61,280.60,0.8344,-1,-1,-1
574,89,583.68,452.45,31.55,89.26,0.7612,-1,-1,-1
574,93,943.28,431.43,91.05,242.69,0.6578,-1,-1,-1
574,100,1829.71,418.55,99.52,527.92,0.2951,-1,-1,-1
574,111,378.34,466.33,46.66,110.13,0.4947,-1,-1,-1
574,120,1672.70,396.28,248.94,681.85,0.8817,-1,-1,-1
574,122,550.88,456.34,32.08,86.04,0.7046,-1,-1,-1
574,123,636.51,452.96,33.76,108.24,0.7904,-1,-1,-1
574,125,1242.39,441.77,31.56,109.09,0.4514,-1,-1,-1
574,126,1115.90,429.50,38.74,146.05,0.6531,-1,-1,-1
574,128,1152.13,436.32,85.83,270.16,0.3262,-1,-1,-1
574,134,1019.76,416.72,124.78,283.52,0.8566,-1,-1,-1
574,140,695.04,468.02,21.59,64.40,0.3392,-1,-1,-1
574,141,548.40,457.19,27.13,82.79,0.2725,-1,-1,-1
574,144,666.32,453.39,30.98,101.53,0.6906,-1,-1,-1
575,25,418.20,461.29,38.95,110.25,0.4583,-1,-1,-1
575,68,719.51,449.04,35.61,99.57,0.7970,-1,-1,-1
575,87,1161.66,436.58,127.71,279.13,0.8162,-1,-1,-1
575,89,583.86,453.13,31.73,88.44,0.7239,-1,-1,-1
575,93,950.60,432.08,92.75,242.89,0.7137,-1,-1,-1
575,100,1835.10,433.27,93.67,555.28,0.2640,-1,-1,-1
575,111,377.47,467.28,47.04,109.07,0.3591,-1,-1,-1
575,120,1673.35,396.89,248.81,681.17,0.8823,-1,-1,-1
575,122,552.10,456.66,31.68,85.21,0.6686,-1,-1,-1
575,123,636.83,453.03,33.43,107.48,0.8161,-1,-1,-1
575,126,1116.26,427.74,38.25,147.33,0.6019,-1,-1,-1
575,128,1151.81,437.11,84.67,266.78,0.3126,-1,-1,-1
575,134,1025.62,417.26,120.74,282.91,0.8043,-1,-1,-1
575,140,696.34,468.30,22.25,65.61,0.3796,-1,-1,-1
575,144,666.57,454.01,31.38,101.86,0.6970,-1,-1,-1
576,25,418.05,459.75,39.24,111.34,0.5057,-1,-1,-1
576,68,720.55,449.19,35.70,99.90,0.7896,-1,-1,-1
576,87,1162.62,437.96,130.29,277.96,0.8339,-1,-1,-1
576,89,584.77,453.67,31.74,88.01,0.7371,-1,-1,-1
576,93,956.87,432.64,95.63,243.36,0.7821,-1,-1,-1
576,111,378.34,467.57,46.73,108.67,0.2552,-1,-1,-1
576,119,1152.93,441.88,72.07,247.36,0.3089,-1,-1,-1
576,120,1674.91,395.84,248.34,683.08,0.9066,-1,-1,-1
576,122,552.82,458.76,30.79,83.79,0.6217,-1,-1,-1
576,123,636.88,453.21,33.42,106.91,0.7931,-1,-1,-1
576,126,1117.32,425.18,37.57,149.19,0.5424,-1,-1,-1
576,128,1156.79,440.81,90.99,268.35,0.3139,-1,-1,-1
576,134,1031.94,415.87,116.55,283.09,0.7891,-1,-1,-1
576,140,697.36,468.59,22.44,66.18,0.4117,-1,-1,-1
576,144,666.51,454.07,31.68,101.34,0.6797,-1,-1,-1
577,25,417.47,460.00,39.84,111.53,0.4243,-1,-1,-1
577,68,720.88,449.44,35.91,100.02,0.7721,-1,-1,-1
577,87,1162.78,437.43,131.38,277.65,0.5363,-1,-1,-1
577,89,585.19,454.10,31.79,87.51,0.7271,-1,-1,-1
577,93,961.80,434.67,101.78,247.62,0.8040,-1,-1,-1
577,111,379.17,467.11,45.50,109.01,0.3648,-1,-1,-1
577,119,1152.95,437.10,74.26,257.86,0.5541,-1,-1,-1
577,120,1674.87,396.92,247.99,681.71,0.8940,-1,-1,-1
577,122,553.61,459.73,30.26,82.58,0.6368,-1,-1,-1
577,123,636.47,452.65,32.94,106.98,0.7498,-1,-1,-1
577,126,1116.44,430.42,37.50,147.43,0.3923,-1,-1,-1
577,128,1157.89,438.86,94.76,270.99,0.5515,-1,-1,-1
577,134,1038.47,415.19,110.10,283.25,0.7126,-1,-1,-1
577,140,697.39,468.20,22.70,66.96,0.4166,-1,-1,-1
577,144,666.04,454.37,31.79,100.80,0.7010,-1,-1,-1
578,25,417.21,460.75,40.12,110.84,0.4282,-1,-1,-1
578,68,720.92,449.38,36.19,100.42,0.8068,-1,-1,-1
578,87,1162.01,438.41,131.39,276.69,0.3708,-1,-1,-1
578,89,585.96,454.05,31.86,87.46,0.7119,-1,-1,-1
578,93,960.51,434.10,100.31,245.07,0.8254,-1,-1,-1
578,111,379.26,467.41,44.24,108.84,0.4669,-1,-1,-1
578,119,1153.79,439.65,78.15,262.33,0.4358,-1,-1,-1
578,120,1673.61,397.24,248.32,680.32,0.8691,-1,-1,-1
578,122,554.27,460.57,29.60,81.36,0.6709,-1,-1,-1
578,123,635.84,452.50,32.48,106.82,0.7284,-1,-1,-1
578,126,1116.73,430.00,37.35,147.23,0.5248,-1,-1,-1
578,134,1049.10,417.23,102.15,282.04,0.6840,-1,-1,-1
578,140,697.47,468.47,22.94,67.27,0.3113,-1,-1,-1
578,144,665.46,455.14,31.89,100.39,0.7177,-1,-1,-1
579,25,416.13,459.60,40.69,111.30,0.4917,-1,-1,-1
579,68,721.33,449.55,36.42,100.47,0.7937,-1,-1,-1
579,87,1166.72,439.57,128.95,275.60,0.5159,-1,-1,-1
579,89,586.06,454.10,31.91,87.29,0.7109,-1,-1,-1
579,93,961.88,434.04,101.45,243.02,0.8358,-1,-1,-1
579,111,378.76,466.40,42.87,109.42,0.5180,-1,-1,-1
579,119,1152.25,435.21,78.16,257.95,0.2972,-1,-1,-1
579,120,1673.67,398.54,248.50,679.24,0.8659,-1,-1,-1
579,122,554.51,460.94,29.55,80.56,0.6652,-1,-1,-1
579,123,635.52,451.92,32.09,106.83,0.7540,-1,-1,-1
579,126,1114.64,423.93,39.45,150.32,0.5298,-1,-1,-1
579,128,1158.41,440.24,98.88,269.90,0.5463,-1,-1,-1
579,134,1054.30,417.17,97.15,282.34,0.6952,-1,-1,-1
579,140,698.79,467.39,23.83,67.86,0.3647,-1,-1,-1
579,144,664.97,455.18,32.14,100.38,0.7388,-1,-1,-1
579,147,1226.93,449.47,66.62,255.43,0.2868,-1,-1,-1
580,25,414.54,460.00,41.69,111.11,0.3837,-1,-1,-1
580,68,721.66,449.66,36.52,100.63,0.7751,-1,-1,-1
580,87,1166.02,439.82,128.71,274.85,0.6427,-1,-1,-1
580,89,585.99,453.86,32.00,87.25,0.7055,-1,-1,-1
580,93,963.68,433.78,103.70,241.50,0.8595,-1,-1,-1
580,111,378.38,466.28,41.73,109.59,0.3049,-1,-1,-1
580,119,1151.79,433.76,76.73,255.82,0.2571,-1,-1,-1
580,120,1673.90,398.94,248.34,678.49,0.8953,-1,-1,-1
580,122,555.11,460.20,29.61,80.69,0.7062,-1,-1,-1
580,123,635.16,451.45,31.57,107.07,0.7019,-1,-1,-1
580,126,1111.86,419.35,42.20,152.43,0.4727,-1,-1,-1
580,128,1157.35,440.74,97.02,267.43,0.3817,-1,-1,-1
580,134,1063.15,417.50,90.30,282.16,0.7019,-1,-1,-1
580,140,695.96,467.45,22.78,66.44,0.4183,-1,-1,-1
580,144,664.70,455.12,32.88,100.35,0.7717,-1,-1,-1
580,147,1234.95,455.20,60.10,246.89,0.3255,-1,-1,-1
581,25,415.56,458.63,41.44,111.41,0.4360,-1,-1,-1
581,68,722.43,449.28,35.99,100.93,0.7560,-1,-1,-1
581,87,1171.97,436.73,125.59,276.10,0.8419,-1,-1,-1
581,89,586.55,453.01,32.03,87.31,0.7258,-1,-1,-1
581,93,963.95,435.56,106.07,238.91,0.8692,-1,-1,-1
581,111,378.53,466.18,41.36,109.56,0.3831,-1,-1,-1
581,119,1152.82,430.69,76.97,255.02,0.5620,-1,-1,-1
581,120,1673.73,400.08,248.48,676.98,0.8944,-1,-1,-1
581,122,555.48,460.54,29.65,80.31,0.6607,-1,-1,-1
581,123,634.47,451.75,31.20,106.71,0.7322,-1,-1,-1
581,134,1073.50,416.16,85.45,282.84,0.7754,-1,-1,-1
581,140,700.01,468.11,23.71,66.69,0.3772,-1,-1,-1
581,144,664.51,455.33,33.40,100.48,0.7706,-1,-1,-1
582,25,414.86,457.32,41.98,112.35,0.4131,-1,-1,-1
582,68,723.22,448.93,35.81,101.36,0.7440,-1,-1,-1
582,87,1178.31,435.04,122.42,277.02,0.8092,-1,-1,-1
582,89,586.62,452.35,32.17,87.43,0.7485,-1,-1,-1
582,93,964.31,434.84,107.70,238.43,0.8617,-1,-1,-1
582,111,378.83,465.60,42.51,109.03,0.4959,-1,-1,-1
582,119,1153.53,430.88,78.47,256.59,0.5544,-1,-1,-1
582,120,1673.60,401.81,248.56,675.15,0.9029,-1,-1,-1
582,122,555.06,460.31,29.66,80.04,0.6767,-1,-1,-1
582,123,633.78,451.43,31.68,106.39,0.7539,-1,-1,-1
582,134,1080.20,414.96,80.49,283.38,0.7254,-1,-1,-1
582,140,701.32,470.55,24.51,65.47,0.3353,-1,-1,-1
582,144,664.52,454.86,33.86,100.34,0.7561,-1,-1,-1
583,25,414.74,457.09,42.06,113.17,0.4374,-1,-1,-1
583,68,723.12,449.12,35.74,101.30,0.7277,-1,-1,-1
583,87,1186.82,435.99,118.42,276.63,0.8200,-1,-1,-1
583,89,586.40,451.89,32.21,87.86,0.7619,-1,-1,-1
583,93,965.70,432.24,108.41,239.39,0.8489,-1,-1,-1
583,111,378.31,465.09,43.02,110.13,0.2797,-1,-1,-1
583,119,1157.30,429.80,77.55,256.07,0.5287,-1,-1,-1
583,120,1673.82,403.00,248.18,674.00,0.8939,-1,-1,-1
583,122,554.49,457.87,30.14,81.21,0.5675,-1,-1,-1
583,123,632.61,451.21,31.68,106.49,0.7360,-1,-1,-1
583,134,1083.50,414.08,77.27,284.28,0.7311,-1,-1,-1
583,140,703.73,473.94,24.22,63.26,0.3071,-1,-1,-1
583,144,663.98,454.74,34.14,101.34,0.7524,-1,-1,-1
584,25,414.08,456.11,42.41,114.31,0.4430,-1,-1,-1
584,68,723.32,448.89,35.85,101.39,0.7169,-1,-1,-1
584,87,1193.47,436.41,114.30,276.45,0.7925,-1,-1,-1
584,89,586.98,451.40,32.33,88.17,0.7615,-1,-1,-1
584,93,967.73,433.81,107.96,238.85,0.8604,-1,-1,-1
584,111,378.09,464.77,43.77,110.90,0.2600,-1,-1,-1
584,119,1159.14,428.69,78.89,253.96,0.6707,-1,-1,-1
584,120,1675.53,402.90,246.94,674.34,0.8904,-1,-1,-1
584,122,554.56,458.19,30.46,81.25,0.5728,-1,-1,-1
584,123,632.06,451.81,31.84,106.31,0.7397,-1,-1,-1
584,131,1159.15,441.34,29.05,96.70,0.2725,-1,-1,-1
584,134,1085.89,413.44,76.16,284.77,0.7663,-1,-1,-1
584,144,663.66,454.11,34.32,102.43,0.7295,-1,-1,-1
585,25,414.64,454.46,42.32,115.49,0.3930,-1,-1,-1
585,68,723.46,448.15,36.24,101.84,0.6950,-1,-1,-1
585,87,1200.61,437.82,110.92,276.69,0.8108,-1,-1,-1
585,89,587.04,451.06,32.62,88.76,0.7844,-1,-1,-1
585,93,969.67,430.98,107.23,240.25,0.8439,-1,-1,-1
585,119,1160.85,429.52,78.60,251.87,0.6037,-1,-1,-1
585,120,1678.40,399.16,244.83,676.65,0.8744,-1,-1,-1
585,122,552.52,455.26,31.32,83.14,0.5802,-1,-1,-1
585,123,631.56,452.51,31.88,105.83,0.7430,-1,-1,-1
585,128,1171.30,426.96,77.57,258.10,0.2612,-1,-1,-1
585,131,1159.67,440.78,29.49,98.10,0.4214,-1,-1,-1
585,134,1088.33,412.92,74.17,285.64,0.7516,-1,-1,-1
585,140,704.12,473.64,24.80,62.82,0.3060,-1,-1,-1
585,144,663.58,454.47,34.86,102.66,0.7631,-1,-1,-1
586,25,414.24,452.51,42.90,117.09,0.3865,-1,-1,-1
586,68,724.38,447.49,36.10,102.90,0.7111,-1,-1,-1
586,87,1205.00,437.31,109.41,277.24,0.7995,-1,-1,-1
586,89,587.16,451.15,32.81,88.79,0.7768,-1,-1,-1
586,93,974.69,432.39,104.27,238.93,0.8417,-1,-1,-1
586,119,1165.35,432.72,76.40,248.05,0.7017,-1,-1,-1
586,120,1682.04,398.99,241.98,677.30,0.8700,-1,-1,-1
586,122,553.83,457.53,30.79,82.20,0.5551,-1,-1,-1
586,123,629.77,452.64,32.10,105.68,0.7256,-1,-1,-1
586,131,1160.98,440.66,30.10,99.82,0.3708,-1,-1,-1
586,134,1090.59,413.12,72.57,286.09,0.7769,-1,-1,-1
586,140,704.50,473.65,25.17,62.58,0.3197,-1,-1,-1
586,144,663.58,455.17,35.43,102.69,0.7614,-1,-1,-1
587,25,413.59,451.83,43.17,117.79,0.2865,-1,-1,-1
587,68,725.37,447.57,35.93,103.69,0.7564,-1,-1,-1
587,87,1215.17,437.50,104.65,277.38,0.7520,-1,-1,-1
587,89,587.09,451.13,33.03,88.99,0.7826,-1,-1,-1
587,93,979.91,432.36,100.66,238.27,0.8741,-1,-1,-1
587,119,1169.92,432.86,74.10,246.53,0.7173,-1,-1,-1
587,120,1684.52,393.32,239.75,681.06,0.8488,-1,-1,-1
587,122,554.83,459.74,30.38,80.82,0.5193,-1,-1,-1
587,123,628.89,452.29,32.49,105.89,0.7402,-1,-1,-1
587,131,1162.18,439.52,29.61,100.88,0.4450,-1,-1,-1
587,134,1092.32,412.68,72.76,286.64,0.7874,-1,-1,-1
587,140,704.96,473.21,25.37,62.58,0.2727,-1,-1,-1
587,144,663.73,455.13,35.72,103.04,0.7785,-1,-1,-1
588,25,413.87,455.72,43.14,115.76,0.2785,-1,-1,-1
588,68,725.68,447.73,35.64,104.21,0.7543,-1,-1,-1
588,87,1217.05,436.44,104.33,277.31,0.7599,-1,-1,-1
588,89,586.92,452.08,33.15,89.22,0.7704,-1,-1,-1
588,93,985.88,434.03,96.99,236.48,0.8145,-1,-1,-1
588,119,1174.85,431.07,71.13,246.23,0.7207,-1,-1,-1
588,120,1687.53,387.24,237.07,685.43,0.8324,-1,-1,-1
588,122,554.89,461.29,29.99,79.65,0.5869,-1,-1,-1
588,123,626.28,452.44,33.88,105.15,0.7591,-1,-1,-1
588,132,662.27,457.96,31.09,95.22,0.2733,-1,-1,-1
588,134,1097.63,411.39,78.83,288.29,0.7907,-1,-1,-1
588,140,704.72,474.37,25.56,61.79,0.3227,-1,-1,-1
588,144,663.65,454.58,36.28,103.87,0.7828,-1,-1,-1
589,25,415.25,461.18,42.32,112.10,0.2955,-1,-1,-1
589,68,725.74,447.45,35.60,105.14,0.7620,-1,-1,-1
589,87,1220.89,436.44,103.71,277.11,0.7573,-1,-1,-1
589,89,586.58,453.38,33.27,89.09,0.7679,-1,-1,-1
589,93,992.42,433.83,92.74,235.80,0.8221,-1,-1,-1
589,119,1181.04,430.33,67.79,246.67,0.6627,-1,-1,-1
589,120,1702.18,390.62,227.33,684.56,0.6425,-1,-1,-1
589,122,554.76,462.17,29.64,78.72,0.6187,-1,-1,-1
589,123,625.22,452.55,34.80,104.12,0.7982,-1,-1,-1
589,134,1098.65,410.04,82.39,289.55,0.8100,-1,-1,-1
589,140,703.54,473.94,25.85,61.95,0.3701,-1,-1,-1
589,144,663.70,454.72,36.63,104.58,0.7794,-1,-1,-1
590,25,411.77,456.93,43.97,114.59,0.3873,-1,-1,-1
590,68,726.11,447.58,36.00,105.79,0.7756,-1,-1,-1
590,87,1227.93,437.44,99.75,276.08,0.7629,-1,-1,-1
590,89,585.84,453.81,33.67,89.44,0.7326,-1,-1,-1
590,93,999.36,434.85,88.82,234.67,0.7301,-1,-1,-1
590,119,1183.81,434.53,65.71,245.34,0.6842,-1,-1,-1
590,120,1707.94,436.17,221.34,658.23,0.4480,-1,-1,-1
590,122,554.67,462.82,29.11,77.99,0.6311,-1,-1,-1
590,123,624.77,452.40,35.51,104.14,0.8030,-1,-1,-1
590,134,1098.30,411.68,87.36,288.49,0.8355,-1,-1,-1
590,140,702.89,473.52,26.27,62.18,0.4738,-1,-1,-1
590,144,663.08,454.78,37.10,104.85,0.7919,-1,-1,-1
591,25,412.05,453.81,43.87,116.15,0.3489,-1,-1,-1
591,68,726.05,447.94,36.21,105.68,0.7395,-1,-1,-1
591,87,1229.33,440.57,100.27,273.69,0.7845,-1,-1,-1
591,89,585.16,453.11,32.95,89.74,0.7206,-1,-1,-1
591,93,1004.04,434.58,86.45,234.32,0.7478,-1,-1,-1
591,119,1185.95,442.44,65.16,240.25,0.6095,-1,-1,-1
591,120,1719.79,438.90,211.52,650.65,0.2738,-1,-1,-1
591,122,554.47,463.52,28.19,77.53,0.6331,-1,-1,-1
591,123,625.20,452.41,35.80,104.18,0.7964,-1,-1,-1
591,134,1097.98,412.06,93.43,288.06,0.8676,-1,-1,-1
591,140,702.76,473.57,26.27,62.16,0.5356,-1,-1,-1
591,144,662.28,454.72,37.69,105.17,0.7936,-1,-1,-1
592,25,411.79,452.69,44.14,117.20,0.3309,-1,-1,-1
592,51,1804.12,435.04,126.37,638.23,0.3229,-1,-1,-1
592,68,725.69,448.46,36.16,105.61,0.7619,-1,-1,-1
592,87,1232.74,442.61,101.08,271.79,0.7813,-1,-1,-1
592,89,585.66,453.40,32.44,89.60,0.7154,-1,-1,-1
592,93,1010.16,435.15,84.05,233.40,0.7832,-1,-1,-1
592,119,1188.24,439.36,64.78,240.51,0.6002,-1,-1,-1
592,120,1736.91,434.94,197.78,648.64,0.4236,-1,-1,-1
592,122,554.92,463.47,27.67,77.13,0.5989,-1,-1,-1
592,123,625.38,452.64,36.26,104.29,0.7771,-1,-1,-1
592,134,1097.30,413.17,97.35,287.40,0.8636,-1,-1,-1
592,140,702.69,473.03,26.15,62.55,0.5118,-1,-1,-1
592,144,661.73,453.92,38.38,105.76,0.8016,-1,-1,-1
593,25,414.02,451.57,43.10,117.75,0.3301,-1,-1,-1
593,68,725.90,449.12,35.95,105.22,0.7354,-1,-1,-1
593,87,1242.72,442.48,100.31,271.21,0.7708,-1,-1,-1
593,89,585.82,452.44,31.88,90.00,0.6873,-1,-1,-1
593,93,1018.90,435.05,80.76,232.88,0.7223,-1,-1,-1
593,111,381.29,467.58,43.57,109.60,0.5286,-1,-1,-1
593,119,1192.11,437.71,64.48,240.78,0.6295,-1,-1,-1
593,122,554.80,463.24,27.55,77.19,0.6686,-1,-1,-1
593,123,625.31,452.46,36.73,104.31,0.7877,-1,-1,-1
593,134,1096.71,413.24,98.48,287.04,0.8488,-1,-1,-1
593,140,702.63,472.65,26.21,62.96,0.5530,-1,-1,-1
593,144,661.37,453.99,38.72,105.71,0.8266,-1,-1,-1
593,150,1827.75,477.89,71.96,166.19,0.2883,-1,-1,-1
593,151,1859.19,435.33,62.33,487.23,0.2570,-1,-1,-1
594,25,414.37,451.63,42.44,117.79,0.3198,-1,-1,-1
594,51,1817.15,426.31,111.21,642.49,0.3126,-1,-1,-1
594,68,725.77,449.28,35.62,104.77,0.7395,-1,-1,-1
594,87,1247.05,440.40,100.91,271.85,0.8242,-1,-1,-1
594,89,585.11,451.18,32.07,90.97,0.7174,-1,-1,-1
594,93,1018.29,435.40,80.56,231.67,0.6312,-1,-1,-1
594,111,381.16,467.13,43.71,109.66,0.4626,-1,-1,-1
594,119,1194.06,435.00,64.91,242.15,0.7344,-1,-1,-1
594,122,554.83,461.56,27.78,78.25,0.7000,-1,-1,-1
594,123,625.16,452.20,37.11,104.11,0.7475,-1,-1,-1
594,134,1097.67,413.67,99.94,286.73,0.8447,-1,-1,-1
594,140,702.09,473.07,26.30,62.89,0.5718,-1,-1,-1
594,144,660.80,454.00,38.86,105.84,0.8423,-1,-1,-1
594,150,1826.92,475.81,73.60,166.36,0.2657,-1,-1,-1
595,25,414.14,452.17,42.27,117.63,0.3253,-1,-1,-1
595,68,725.93,449.37,35.69,105.26,0.7309,-1,-1,-1
595,87,1249.91,438.67,100.78,272.98,0.8619,-1,-1,-1
595,89,585.07,450.61,31.84,91.38,0.6979,-1,-1,-1
595,93,1019.48,435.63,80.49,230.59,0.6956,-1,-1,-1
595,111,380.50,465.21,44.13,111.41,0.4178,-1,-1,-1
595,119,1195.54,435.50,65.52,242.25,0.7099,-1,-1,-1
595,122,554.78,460.79,28.39,79.23,0.6906,-1,-1,-1
595,123,625.11,452.27,36.93,103.72,0.7588,-1,-1,-1
595,134,1098.46,414.35,100.75,286.47,0.8653,-1,-1,-1
595,140,701.37,473.06,26.68,63.05,0.5916,-1,-1,-1
595,144,660.49,453.73,38.75,105.96,0.8214,-1,-1,-1
595,150,1826.03,476.10,74.17,165.66,0.3264,-1,-1,-1
596,25,415.26,452.11,41.24,117.20,0.3076,-1,-1,-1
596,68,726.21,449.29,35.83,105.89,0.7311,-1,-1,-1
596,87,1252.18,436.29,101.56,274.51,0.8701,-1,-1,-1
596,89,584.76,449.99,31.88,91.81,0.7286,-1,-1,-1
596,93,1022.49,436.15,81.01,229.96,0.7255,-1,-1,-1
596,111,380.82,464.68,44.21,112.06,0.4601,-1,-1,-1
596,119,1197.27,437.37,67.37,241.07,0.8118,-1,-1,-1
596,122,554.57,461.34,28.38,79.37,0.7206,-1,-1,-1
596,123,624.75,453.02,36.84,103.25,0.7699,-1,-1,-1
596,134,1098.75,414.74,101.06,285.29,0.8722,-1,-1,-1
596,140,700.85,471.90,27.27,63.88,0.5804,-1,-1,-1
596,144,660.47,453.62,38.65,106.06,0.8242,-1,-1,-1
597,25,416.23,451.88,40.26,117.08,0.4455,-1,-1,-1
597,68,726.10,449.01,35.87,106.40,0.7594,-1,-1,-1
597,87,1253.00,435.39,102.84,275.58,0.8752,-1,-1,-1
597,89,583.87,450.23,32.14,91.94,0.7126,-1,-1,-1
597,93,1029.88,434.43,79.51,230.79,0.7770,-1,-1,-1
597,111,381.34,464.86,43.87,112.07,0.5706,-1,-1,-1
597,119,1197.96,438.37,69.03,240.51,0.8086,-1,-1,-1
597,122,554.36,462.00,27.81,79.38,0.7144,-1,-1,-1
597,123,625.39,453.57,36.66,102.80,0.7761,-1,-1,-1
597,134,1099.17,414.68,101.07,284.71,0.8638,-1,-1,-1
597,140,700.88,471.02,27.34,64.44,0.5037,-1,-1,-1
597,144,660.67,453.25,38.35,106.31,0.8150,-1,-1,-1
597,150,1831.44,477.55,77.35,173.66,0.2693,-1,-1,-1
597,151,1884.37,387.66,35.15,258.31,0.2579,-1,-1,-1
598,25,416.41,451.02,39.80,117.10,0.3778,-1,-1,-1
598,68,725.60,449.03,35.87,106.98,0.7284,-1,-1,-1
598,87,1253.32,434.05,104.14,276.97,0.8670,-1,-1,-1
598,89,583.43,449.87,32.56,92.33,0.7086,-1,-1,-1
598,93,1032.25,434.69,81.34,231.59,0.7367,-1,-1,-1
598,111,381.67,464.95,43.53,111.94,0.5653,-1,-1,-1
598,119,1198.92,435.94,70.98,242.77,0.8228,-1,-1,-1
598,122,553.58,458.87,27.85,81.19,0.6198,-1,-1,-1
598,123,624.87,453.75,36.86,102.40,0.7889,-1,-1,-1
598,134,1100.82,414.71,101.12,284.64,0.8629,-1,-1,-1
598,140,701.30,472.03,27.21,64.06,0.5154,-1,-1,-1
598,141,547.84,434.99,34.76,105.11,0.2634,-1,-1,-1
598,144,660.58,452.80,38.16,106.73,0.7933,-1,-1,-1
598,148,1102.79,431.12,51.47,145.75,0.3154,-1,-1,-1
598,150,1841.66,482.34,68.92,170.32,0.3102,-1,-1,-1
598,151,1887.66,397.42,30.60,221.23,0.2853,-1,-1,-1
599,25,416.29,451.13,39.59,117.00,0.3770,-1,-1,-1
599,68,725.56,448.85,36.25,107.07,0.7491,-1,-1,-1
599,87,1253.16,435.42,105.15,276.54,0.8647,-1,-1,-1
599,89,584.22,448.78,32.44,93.04,0.6933,-1,-1,-1
599,93,1032.04,435.66,83.78,231.57,0.7693,-1,-1,-1
599,111,380.91,464.42,43.67,112.53,0.5063,-1,-1,-1
599,119,1198.78,435.04,72.86,244.65,0.8204,-1,-1,-1
599,122,554.08,458.52,28.07,81.66,0.5984,-1,-1,-1
599,123,624.82,454.24,36.49,101.82,0.7711,-1,-1,-1
599,134,1103.72,415.01,100.10,284.10,0.8575,-1,-1,-1
599,140,700.86,472.92,27.23,63.49,0.5192,-1,-1,-1
599,144,660.83,452.43,37.86,107.17,0.7967,-1,-1,-1
599,148,1102.91,431.33,50.66,143.67,0.4168,-1,-1,-1
599,150,1846.67,500.76,62.59,158.37,0.3553,-1,-1,-1
600,25,415.79,452.34,39.64,116.69,0.3787,-1,-1,-1
600,68,725.03,448.83,36.19,107.02,0.7655,-1,-1,-1
600,87,1256.87,434.14,104.74,277.29,0.8420,-1,-1,-1
600,89,584.35,448.65,32.21,93.29,0.6818,-1,-1,-1
600,93,1030.38,435.51,89.78,232.56,0.7684,-1,-1,-1
600,111,380.64,465.68,43.10,111.88,0.6540,-1,-1,-1
600,119,1198.85,434.62,74.79,246.02,0.8086,-1,-1,-1
600,122,554.63,460.98,27.73,80.52,0.6065,-1,-1,-1
600,123,624.92,454.57,36.23,101.41,0.7917,-1,-1,-1
600,134,1110.23,414.51,97.41,282.53,0.8246,-1,-1,-1
600,140,699.84,472.33,27.73,63.59,0.4787,-1,-1,-1
600,144,660.75,452.13,37.28,107.52,0.7903,-1,-1,-1
600,148,1103.74,432.25,49.22,141.42,0.3199,-1,-1,-1
600,150,1842.44,490.13,63.83,163.86,0.2880,-1,-1,-1
