1,1,582.38,442.86,88.35,265.22,0.8878,-1,-1,-1
1,2,1337.83,418.67,169.16,365.40,0.8709,-1,-1,-1
1,3,439.15,443.24,111.01,283.22,0.8126,-1,-1,-1
1,4,1455.20,430.98,146.58,334.77,0.7897,-1,-1,-1
1,5,730.74,467.80,35.24,101.98,0.7152,-1,-1,-1
1,6,545.30,448.45,37.51,108.16,0.6776,-1,-1,-1
1,7,1256.10,445.50,36.77,101.89,0.6752,-1,-1,-1
1,8,1015.24,428.61,44.60,102.14,0.6525,-1,-1,-1
1,9,937.00,436.24,36.86,80.30,0.5278,-1,-1,-1
1,10,1080.10,439.43,55.75,155.67,0.5128,-1,-1,-1
1,11,972.23,449.72,37.17,98.99,0.4094,-1,-1,-1
1,12,688.37,480.41,44.18,117.67,0.3792,-1,-1,-1
1,13,1845.51,471.42,64.65,186.10,0.3716,-1,-1,-1
2,1,582.92,442.81,88.32,264.96,0.8686,-1,-1,-1
2,2,1342.85,420.16,169.61,368.34,0.8579,-1,-1,-1
2,3,439.27,441.85,114.12,285.09,0.8315,-1,-1,-1
2,4,1459.15,434.09,142.25,334.01,0.8235,-1,-1,-1
2,5,731.55,470.07,34.56,100.51,0.7120,-1,-1,-1
2,6,545.91,447.56,37.48,109.27,0.6520,-1,-1,-1
2,7,1256.74,446.15,36.41,101.18,0.7070,-1,-1,-1
2,8,1012.51,428.07,46.49,103.34,0.7173,-1,-1,-1
2,9,936.78,436.01,37.41,80.85,0.5356,-1,-1,-1
2,10,1103.81,438.38,34.71,107.30,0.3517,-1,-1,-1
3,1,583.46,442.84,88.98,264.80,0.8585,-1,-1,-1
3,2,1346.59,419.96,172.85,376.58,0.8892,-1,-1,-1
3,3,438.15,441.84,115.58,286.34,0.8346,-1,-1,-1
3,4,1471.33,433.01,137.64,333.97,0.8367,-1,-1,-1
3,5,732.38,464.79,35.43,103.56,0.7292,-1,-1,-1
3,6,545.82,447.31,37.66,109.12,0.6587,-1,-1,-1
3,7,1256.79,445.70,36.59,101.46,0.6975,-1,-1,-1
3,8,1012.23,428.28,46.57,102.76,0.7135,-1,-1,-1
3,9,936.84,436.13,37.36,81.01,0.5658,-1,-1,-1
3,14,1092.66,438.21,45.60,151.57,0.4010,-1,-1,-1
3,15,1099.54,437.33,38.51,111.89,0.3633,-1,-1,-1
4,1,583.18,443.08,89.37,264.35,0.8439,-1,-1,-1
4,2,1350.61,419.98,172.82,379.02,0.9002,-1,-1,-1
4,3,439.08,441.21,118.28,287.52,0.8384,-1,-1,-1
4,4,1479.52,433.37,132.87,332.33,0.8036,-1,-1,-1
4,5,732.48,469.57,35.03,100.90,0.7354,-1,-1,-1
4,6,544.98,444.40,39.83,112.69,0.6316,-1,-1,-1
4,7,1256.93,445.53,36.92,101.79,0.7092,-1,-1,-1
4,8,1010.91,427.17,47.80,103.18,0.6776,-1,-1,-1
4,9,936.85,435.93,37.61,81.50,0.5508,-1,-1,-1
5,1,583.00,444.02,89.32,264.80,0.7976,-1,-1,-1
5,2,1354.32,417.52,174.80,383.12,0.8922,-1,-1,-1
5,3,439.15,440.28,120.69,288.40,0.8381,-1,-1,-1
5,4,1481.91,433.15,127.42,330.55,0.7529,-1,-1,-1
5,5,732.87,472.01,34.75,99.14,0.7330,-1,-1,-1
5,6,543.66,443.55,40.62,113.73,0.6417,-1,-1,-1
5,7,1256.74,445.52,37.14,101.69,0.7183,-1,-1,-1
5,8,1009.84,426.94,48.95,103.46,0.6802,-1,-1,-1
5,9,936.59,435.76,37.40,81.45,0.5911,-1,-1,-1
5,14,1087.10,435.99,50.66,157.80,0.4568,-1,-1,-1
5,15,1097.88,435.50,40.93,116.46,0.3953,-1,-1,-1
6,1,583.08,444.14,89.14,265.02,0.8230,-1,-1,-1
6,2,1359.25,418.34,172.17,382.45,0.8974,-1,-1,-1
6,3,440.21,439.29,122.30,286.96,0.8295,-1,-1,-1
6,4,1491.39,436.94,118.07,323.57,0.7880,-1,-1,-1
6,5,733.25,472.54,34.71,98.08,0.7188,-1,-1,-1
6,6,544.60,444.51,39.75,112.38,0.6102,-1,-1,-1
6,7,1256.76,445.73,36.55,100.82,0.7470,-1,-1,-1
6,8,1009.66,427.13,49.03,103.08,0.6863,-1,-1,-1
6,9,936.40,435.68,37.42,81.56,0.5050,-1,-1,-1
6,14,1087.71,436.52,50.36,157.06,0.3715,-1,-1,-1
6,15,1096.65,437.34,42.27,121.43,0.4114,-1,-1,-1
6,16,643.03,447.36,62.54,200.80,0.4009,-1,-1,-1
7,1,583.37,444.03,89.05,265.08,0.8464,-1,-1,-1
7,2,1367.77,418.69,165.79,380.02,0.9025,-1,-1,-1
7,3,440.37,439.96,123.31,286.87,0.8264,-1,-1,-1
7,4,1497.08,441.40,115.47,320.94,0.7763,-1,-1,-1
7,5,732.77,472.70,35.16,98.82,0.7328,-1,-1,-1
7,6,544.65,443.44,39.67,112.78,0.5296,-1,-1,-1
7,7,1257.05,445.77,35.76,100.19,0.7380,-1,-1,-1
7,8,1010.46,427.71,49.16,102.65,0.6616,-1,-1,-1
7,9,935.95,435.56,37.07,81.50,0.5576,-1,-1,-1
7,14,1087.70,436.58,50.63,157.59,0.4845,-1,-1,-1
7,16,643.02,451.82,62.36,197.45,0.4896,-1,-1,-1
8,1,583.57,443.34,89.11,265.30,0.8537,-1,-1,-1
8,2,1381.59,420.64,155.68,376.21,0.9021,-1,-1,-1
8,3,440.95,440.65,125.44,287.54,0.8256,-1,-1,-1
8,4,1498.88,436.37,119.87,327.02,0.7230,-1,-1,-1
8,5,732.14,471.25,35.77,100.94,0.7320,-1,-1,-1
8,6,545.35,443.29,39.15,113.02,0.5416,-1,-1,-1
8,7,1256.34,446.15,35.00,99.50,0.7232,-1,-1,-1
8,8,1011.00,428.13,48.31,101.93,0.5950,-1,-1,-1
8,9,935.67,435.46,35.94,80.61,0.5031,-1,-1,-1
8,14,1090.69,437.71,48.53,155.47,0.4015,-1,-1,-1
8,16,643.62,453.69,61.22,195.46,0.4371,-1,-1,-1
9,1,583.52,442.96,88.88,265.35,0.8700,-1,-1,-1
9,2,1396.95,420.72,146.46,373.89,0.9021,-1,-1,-1
9,3,441.90,440.06,126.37,286.48,0.8365,-1,-1,-1
9,4,1500.27,433.33,119.00,329.75,0.7057,-1,-1,-1
9,5,731.92,468.68,35.88,103.44,0.7641,-1,-1,-1
9,6,545.90,443.95,38.25,112.56,0.4373,-1,-1,-1
9,7,1256.05,446.18,34.65,99.35,0.7461,-1,-1,-1
9,8,1011.58,428.57,47.61,101.21,0.6335,-1,-1,-1
9,9,935.07,435.40,35.56,80.36,0.5455,-1,-1,-1
9,14,1083.02,436.12,51.52,159.78,0.4555,-1,-1,-1
9,15,1092.05,443.53,47.13,145.34,0.3644,-1,-1,-1
9,16,645.01,457.36,60.50,192.94,0.5127,-1,-1,-1
9,18,1376.47,433.95,45.20,128.85,0.5391,-1,-1,-1
10,1,583.72,442.86,88.71,265.27,0.8780,-1,-1,-1
10,2,1411.82,419.30,137.08,371.42,0.8595,-1,-1,-1
10,3,442.71,439.53,127.84,286.23,0.8391,-1,-1,-1
10,4,1510.97,433.39,112.47,329.50,0.7523,-1,-1,-1
10,5,731.57,465.91,36.04,106.02,0.7707,-1,-1,-1
10,6,544.81,441.88,39.64,114.99,0.4873,-1,-1,-1
10,7,1256.12,446.06,34.76,99.53,0.7441,-1,-1,-1
10,8,1012.74,429.36,46.81,100.54,0.6838,-1,-1,-1
10,9,934.71,435.50,35.80,80.64,0.6298,-1,-1,-1
10,14,1080.61,435.62,53.22,161.52,0.5558,-1,-1,-1
10,18,1377.61,434.23,48.25,129.84,0.6592,-1,-1,-1
11,1,583.85,442.85,88.87,265.67,0.8819,-1,-1,-1
11,2,1424.77,419.29,128.16,369.52,0.8710,-1,-1,-1
11,3,442.35,440.34,128.21,286.08,0.8296,-1,-1,-1
11,4,1525.67,433.58,104.95,326.50,0.8121,-1,-1,-1
11,5,731.53,466.90,35.94,106.43,0.7654,-1,-1,-1
11,6,544.06,441.49,40.42,116.47,0.4575,-1,-1,-1
11,7,1256.35,446.16,34.73,99.53,0.7551,-1,-1,-1
11,8,1012.35,430.23,46.43,100.10,0.7019,-1,-1,-1
11,9,934.36,435.56,35.47,80.61,0.6057,-1,-1,-1
11,14,1080.46,435.67,54.13,162.19,0.5660,-1,-1,-1
11,16,649.93,460.04,58.98,190.15,0.5095,-1,-1,-1
11,18,1379.21,435.25,49.42,128.77,0.6878,-1,-1,-1
11,19,708.96,454.64,24.96,80.18,0.3503,-1,-1,-1
12,1,583.90,442.70,89.26,266.17,0.8654,-1,-1,-1
12,2,1435.45,419.28,121.26,368.61,0.7989,-1,-1,-1
12,3,440.72,442.12,127.68,284.95,0.8086,-1,-1,-1
12,4,1534.20,434.96,100.38,327.30,0.8325,-1,-1,-1
12,5,731.24,466.46,36.03,107.34,0.7791,-1,-1,-1
12,7,1255.84,446.35,34.38,99.12,0.7483,-1,-1,-1
12,8,1014.29,431.25,44.60,98.63,0.5774,-1,-1,-1
12,9,934.27,435.43,35.33,80.55,0.5483,-1,-1,-1
12,14,1080.41,437.43,54.25,161.27,0.5586,-1,-1,-1
12,16,652.61,460.76,57.95,190.12,0.3907,-1,-1,-1
12,18,1381.38,433.81,49.94,128.32,0.4418,-1,-1,-1
13,1,584.05,442.98,89.71,266.61,0.8724,-1,-1,-1
13,2,1448.03,419.20,118.30,369.05,0.8185,-1,-1,-1
13,3,440.74,444.04,127.54,284.03,0.8092,-1,-1,-1
13,4,1539.01,429.15,104.11,337.15,0.7113,-1,-1,-1
13,5,730.56,465.68,36.17,108.48,0.7672,-1,-1,-1
13,7,1256.07,446.18,34.30,99.05,0.7345,-1,-1,-1
13,8,1015.83,432.23,42.72,97.07,0.6258,-1,-1,-1
13,9,934.13,435.52,35.32,80.46,0.5349,-1,-1,-1
13,14,1080.20,437.34,54.01,160.76,0.5631,-1,-1,-1
13,18,1382.68,433.12,49.52,127.70,0.5889,-1,-1,-1
14,1,583.87,442.68,90.43,266.76,0.8714,-1,-1,-1
14,2,1460.20,417.29,123.01,374.74,0.8595,-1,-1,-1
14,3,440.48,444.86,126.16,284.00,0.8305,-1,-1,-1
14,4,1554.68,428.07,116.05,350.59,0.6663,-1,-1,-1
14,5,729.98,463.67,36.45,110.54,0.7983,-1,-1,-1
14,7,1256.12,446.20,34.02,99.00,0.7426,-1,-1,-1
14,8,1014.89,432.06,43.45,97.30,0.6173,-1,-1,-1
14,9,934.48,435.71,35.04,80.40,0.5356,-1,-1,-1
14,13,1851.38,477.05,58.33,177.96,0.3729,-1,-1,-1
14,14,1082.15,437.21,53.38,160.35,0.6325,-1,-1,-1
14,18,1385.81,432.00,49.99,128.50,0.6379,-1,-1,-1
14,19,709.19,455.83,24.04,78.35,0.3652,-1,-1,-1
15,1,583.56,442.58,90.56,266.80,0.8758,-1,-1,-1
15,2,1465.56,425.43,132.01,374.16,0.7760,-1,-1,-1
15,3,441.15,445.74,125.33,284.81,0.8191,-1,-1,-1
15,4,1561.36,426.10,128.38,358.74,0.7560,-1,-1,-1
15,5,729.45,463.26,36.85,111.31,0.7606,-1,-1,-1
15,7,1255.50,446.66,33.31,98.67,0.7407,-1,-1,-1
15,8,1016.24,433.14,42.33,96.07,0.3875,-1,-1,-1
15,9,933.60,435.49,35.11,80.63,0.5448,-1,-1,-1
15,12,666.79,455.38,63.54,153.50,0.4063,-1,-1,-1
15,13,1853.39,482.26,56.29,174.03,0.3679,-1,-1,-1
15,14,1091.51,429.11,48.31,144.89,0.4322,-1,-1,-1
15,18,1389.64,430.08,49.65,129.22,0.4772,-1,-1,-1
16,1,583.36,442.78,90.28,266.71,0.8740,-1,-1,-1
16,2,1467.13,418.22,141.14,381.40,0.7632,-1,-1,-1
16,3,441.55,447.20,124.24,284.91,0.8141,-1,-1,-1
16,4,1567.77,424.86,143.33,367.54,0.7446,-1,-1,-1
16,5,728.86,464.45,37.23,111.17,0.7501,-1,-1,-1
16,6,542.47,441.16,41.12,117.25,0.4241,-1,-1,-1
16,7,1255.57,446.91,33.89,99.00,0.6388,-1,-1,-1
16,8,1017.16,434.49,41.31,95.29,0.3749,-1,-1,-1
16,9,933.84,435.55,34.88,80.84,0.5017,-1,-1,-1
16,15,1077.65,438.12,55.33,161.34,0.3987,-1,-1,-1
16,18,1395.49,431.69,46.50,127.02,0.4563,-1,-1,-1
17,1,583.17,442.54,90.75,266.79,0.8734,-1,-1,-1
17,2,1467.59,415.90,149.62,384.54,0.8295,-1,-1,-1
17,3,442.32,449.24,123.04,284.86,0.8110,-1,-1,-1
17,4,1576.60,424.36,153.77,371.62,0.7651,-1,-1,-1
17,5,727.58,466.16,37.24,110.92,0.7140,-1,-1,-1
17,6,534.59,466.53,48.11,167.06,0.4110,-1,-1,-1
17,7,1254.89,447.20,33.24,98.43,0.7290,-1,-1,-1
17,9,933.71,435.17,34.36,80.79,0.5393,-1,-1,-1
17,12,665.90,453.40,65.09,156.32,0.3651,-1,-1,-1
17,15,1074.90,436.32,60.13,162.90,0.4551,-1,-1,-1
17,18,1399.79,432.41,42.99,125.33,0.4952,-1,-1,-1
18,1,583.24,442.71,90.35,266.27,0.8529,-1,-1,-1
18,2,1471.49,424.22,163.46,381.49,0.8128,-1,-1,-1
18,3,443.50,447.95,122.46,286.06,0.8301,-1,-1,-1
18,4,1586.49,425.68,158.35,376.07,0.7707,-1,-1,-1
18,5,726.58,465.82,37.31,111.41,0.7006,-1,-1,-1
18,7,1254.76,447.37,32.76,98.11,0.7268,-1,-1,-1
18,8,1017.42,434.28,40.64,94.23,0.4465,-1,-1,-1
18,9,933.67,435.10,33.85,80.50,0.5561,-1,-1,-1
18,13,1852.02,480.29,56.59,174.78,0.4147,-1,-1,-1
18,15,1076.37,437.60,58.77,161.82,0.4891,-1,-1,-1
19,1,584.80,442.91,90.82,267.36,0.8371,-1,-1,-1
19,2,1476.50,417.65,181.97,392.15,0.8320,-1,-1,-1
19,3,446.08,447.21,123.13,286.94,0.8045,-1,-1,-1
19,4,1597.01,427.13,156.87,376.31,0.7334,-1,-1,-1
19,5,726.45,467.33,38.25,110.76,0.5477,-1,-1,-1
19,7,1254.48,447.14,32.30,97.92,0.7518,-1,-1,-1
19,8,1017.33,433.97,40.55,94.72,0.6031,-1,-1,-1
19,9,933.76,435.26,33.36,80.44,0.6222,-1,-1,-1
20,1,586.01,442.78,92.39,268.54,0.8364,-1,-1,-1
20,2,1475.51,412.59,194.90,397.07,0.4687,-1,-1,-1
20,3,451.03,446.35,122.00,287.67,0.8226,-1,-1,-1
20,4,1597.07,434.92,161.31,373.57,0.6909,-1,-1,-1
20,5,725.73,466.65,39.23,111.23,0.4725,-1,-1,-1
20,7,1253.79,447.10,32.09,97.57,0.7205,-1,-1,-1
20,8,1017.76,433.57,40.46,95.06,0.6642,-1,-1,-1
20,9,933.66,435.54,33.04,80.47,0.5710,-1,-1,-1
20,14,1100.34,433.75,39.14,123.68,0.3594,-1,-1,-1
20,20,1163.27,439.29,27.77,87.90,0.4426,-1,-1,-1
21,1,586.83,442.54,94.79,269.53,0.8433,-1,-1,-1
21,2,1475.34,412.38,208.28,404.09,0.8704,-1,-1,-1
21,3,454.30,444.90,120.57,288.67,0.8325,-1,-1,-1
21,4,1612.59,431.83,156.57,374.56,0.7654,-1,-1,-1
21,5,726.11,460.92,39.51,108.10,0.3917,-1,-1,-1
21,7,1253.59,447.07,31.92,97.48,0.7268,-1,-1,-1
21,8,1018.29,433.04,40.09,95.16,0.6377,-1,-1,-1
21,9,934.19,436.15,32.79,80.37,0.5807,-1,-1,-1
21,14,1100.94,436.45,36.81,117.25,0.3699,-1,-1,-1
21,18,1417.30,447.31,39.27,113.14,0.3972,-1,-1,-1
21,20,1163.26,439.33,27.86,87.73,0.4551,-1,-1,-1
22,1,587.55,442.51,97.37,270.64,0.8374,-1,-1,-1
22,2,1477.04,410.59,221.59,410.52,0.8387,-1,-1,-1
22,3,455.13,444.52,120.18,289.34,0.8301,-1,-1,-1
22,4,1624.94,428.78,148.28,375.79,0.7205,-1,-1,-1
22,5,725.32,461.64,41.43,111.44,0.4983,-1,-1,-1
22,7,1253.28,446.32,32.11,97.70,0.7258,-1,-1,-1
22,8,1018.49,433.12,39.86,94.96,0.6956,-1,-1,-1
22,9,933.79,436.13,32.54,79.99,0.6036,-1,-1,-1
22,15,1078.23,436.30,57.90,163.45,0.5270,-1,-1,-1
22,18,1419.36,445.62,40.97,113.39,0.4740,-1,-1,-1
22,20,1163.32,439.59,27.39,86.96,0.3879,-1,-1,-1
23,1,588.06,442.42,99.32,271.61,0.8330,-1,-1,-1
23,2,1469.14,406.69,216.85,406.94,0.7056,-1,-1,-1
23,3,458.40,444.76,119.45,288.81,0.8417,-1,-1,-1
23,4,1638.20,426.37,145.20,377.45,0.7606,-1,-1,-1
23,5,723.80,461.92,44.02,113.93,0.5696,-1,-1,-1
23,7,1252.93,446.40,31.92,97.45,0.7133,-1,-1,-1
23,8,1018.56,432.60,39.66,94.76,0.6105,-1,-1,-1
23,9,933.81,436.46,32.20,79.47,0.5980,-1,-1,-1
23,13,1844.66,474.45,63.39,180.24,0.4117,-1,-1,-1
23,15,1081.15,438.94,55.34,159.98,0.5169,-1,-1,-1
23,18,1420.95,441.53,45.83,117.14,0.5936,-1,-1,-1
23,20,1163.55,439.92,26.92,86.34,0.3631,-1,-1,-1
23,21,1002.89,453.55,21.30,66.18,0.3802,-1,-1,-1
24,1,588.37,442.34,100.57,272.14,0.8341,-1,-1,-1
24,2,1480.89,407.86,223.72,412.10,0.7403,-1,-1,-1
24,3,462.15,444.70,117.88,288.71,0.8235,-1,-1,-1
24,4,1643.37,424.86,137.06,378.49,0.6777,-1,-1,-1
24,5,721.62,464.52,46.49,113.77,0.5976,-1,-1,-1
24,7,1252.67,446.01,31.94,97.53,0.7096,-1,-1,-1
24,8,1018.81,432.97,39.27,94.26,0.5631,-1,-1,-1
24,9,933.82,436.69,31.97,79.08,0.5559,-1,-1,-1
24,13,1845.75,474.68,63.46,181.23,0.4029,-1,-1,-1
24,15,1080.98,438.63,54.92,159.57,0.5718,-1,-1,-1
24,18,1421.85,436.85,51.29,121.41,0.7556,-1,-1,-1
24,21,1002.70,453.44,20.96,65.78,0.4222,-1,-1,-1
25,1,588.68,442.59,101.17,272.84,0.8393,-1,-1,-1
25,2,1487.99,408.08,225.35,415.68,0.7600,-1,-1,-1
25,3,463.25,444.45,117.54,288.52,0.8500,-1,-1,-1
25,4,1656.57,423.80,135.25,380.16,0.7837,-1,-1,-1
25,5,720.07,465.55,49.03,113.41,0.5449,-1,-1,-1
25,7,1251.66,445.82,32.46,97.87,0.7703,-1,-1,-1
25,8,1018.54,434.53,38.33,93.05,0.5729,-1,-1,-1
25,9,934.17,436.95,31.94,79.03,0.5535,-1,-1,-1
25,15,1079.81,440.96,54.53,157.86,0.5371,-1,-1,-1
25,16,664.31,461.55,58.81,189.10,0.3809,-1,-1,-1
25,18,1421.80,435.72,55.03,122.52,0.6983,-1,-1,-1
26,1,589.22,442.60,100.67,272.45,0.8360,-1,-1,-1
26,2,1499.82,407.18,222.46,418.38,0.6172,-1,-1,-1
26,3,465.39,444.65,117.00,288.22,0.8431,-1,-1,-1
26,4,1661.98,422.00,128.94,380.82,0.7556,-1,-1,-1
26,5,720.35,465.57,50.61,111.84,0.4956,-1,-1,-1
26,7,1251.01,445.58,32.79,97.93,0.7959,-1,-1,-1
26,8,1018.87,436.55,37.83,91.97,0.4553,-1,-1,-1
26,9,934.15,437.26,31.78,78.76,0.4462,-1,-1,-1
26,15,1080.76,442.68,53.64,156.38,0.5506,-1,-1,-1
26,16,665.65,460.54,58.70,187.52,0.5323,-1,-1,-1
26,18,1422.28,436.81,58.38,122.16,0.6783,-1,-1,-1
27,1,589.46,442.96,100.17,273.24,0.8368,-1,-1,-1
27,2,1507.18,404.69,217.91,420.64,0.7726,-1,-1,-1
27,3,467.41,444.81,116.04,287.82,0.8261,-1,-1,-1
27,4,1668.60,422.58,124.24,380.73,0.7374,-1,-1,-1
27,5,720.41,464.61,51.64,110.70,0.4014,-1,-1,-1
27,7,1250.47,445.39,33.13,97.99,0.8021,-1,-1,-1
27,8,1019.23,438.09,37.04,90.97,0.4001,-1,-1,-1
27,9,934.18,437.52,31.72,78.52,0.4371,-1,-1,-1
27,15,1081.28,442.12,53.41,156.22,0.5534,-1,-1,-1
27,16,667.08,460.94,58.01,187.31,0.5470,-1,-1,-1
27,18,1422.51,436.36,60.94,122.27,0.6844,-1,-1,-1
27,19,696.83,446.32,25.97,66.25,0.3947,-1,-1,-1
28,1,589.61,443.50,99.35,272.80,0.8464,-1,-1,-1
28,2,1520.36,403.63,207.53,422.44,0.8860,-1,-1,-1
28,3,471.10,445.24,113.24,288.89,0.8402,-1,-1,-1
28,4,1678.77,417.44,124.31,382.19,0.7221,-1,-1,-1
28,5,719.64,463.36,52.49,111.63,0.5117,-1,-1,-1
28,7,1249.94,445.60,33.34,97.93,0.7897,-1,-1,-1
28,8,1018.77,437.25,36.37,90.78,0.5292,-1,-1,-1
28,9,934.19,437.80,31.54,78.23,0.4984,-1,-1,-1
28,15,1080.80,440.75,53.99,156.54,0.5761,-1,-1,-1
28,16,667.37,461.55,56.76,186.00,0.5244,-1,-1,-1
28,18,1423.36,435.36,62.07,123.10,0.8199,-1,-1,-1
28,19,697.22,446.78,28.27,64.30,0.4365,-1,-1,-1
29,1,591.83,443.32,97.70,272.56,0.8389,-1,-1,-1
29,2,1537.33,401.53,193.86,424.03,0.8517,-1,-1,-1
29,3,472.83,445.05,112.34,289.21,0.8585,-1,-1,-1
29,4,1684.12,418.68,128.39,382.43,0.6926,-1,-1,-1
29,5,720.63,462.37,52.15,112.17,0.5918,-1,-1,-1
29,7,1249.74,445.59,33.35,97.84,0.7667,-1,-1,-1
29,8,1019.47,438.85,35.08,89.82,0.3917,-1,-1,-1
29,9,934.17,438.03,31.49,78.00,0.4739,-1,-1,-1
29,15,1080.46,441.34,54.13,156.46,0.6099,-1,-1,-1
29,16,667.98,462.03,56.01,187.54,0.5215,-1,-1,-1
29,18,1425.75,434.98,61.34,124.22,0.8373,-1,-1,-1
29,22,1557.08,454.15,28.59,103.37,0.4428,-1,-1,-1
30,1,595.88,443.05,94.54,272.08,0.8121,-1,-1,-1
30,2,1563.22,400.01,181.53,423.93,0.8567,-1,-1,-1
30,3,474.44,444.45,112.01,289.82,0.8539,-1,-1,-1
30,4,1695.87,415.49,153.31,387.15,0.7537,-1,-1,-1
30,5,720.01,464.20,51.55,111.68,0.6092,-1,-1,-1
30,7,1249.62,445.62,33.84,98.61,0.7394,-1,-1,-1
30,9,934.17,439.02,31.35,77.26,0.3547,-1,-1,-1
30,15,1081.34,442.53,53.25,155.77,0.5796,-1,-1,-1
30,16,669.46,463.39,55.09,188.16,0.4748,-1,-1,-1
30,18,1429.20,432.94,58.81,124.59,0.7758,-1,-1,-1
30,22,1557.15,450.71,30.00,107.40,0.5288,-1,-1,-1
31,1,598.37,442.79,92.82,271.83,0.8086,-1,-1,-1
31,2,1584.34,397.14,172.95,422.04,0.8384,-1,-1,-1
31,3,475.80,443.96,111.90,290.60,0.8706,-1,-1,-1
31,4,1700.40,413.26,174.22,392.68,0.8108,-1,-1,-1
31,5,719.40,463.88,50.87,112.10,0.6283,-1,-1,-1
31,7,1249.49,445.64,34.60,98.79,0.6810,-1,-1,-1
31,9,934.44,438.36,31.37,77.49,0.4955,-1,-1,-1
31,15,1081.63,440.20,53.49,156.95,0.5387,-1,-1,-1
31,16,672.15,461.02,54.20,189.72,0.4393,-1,-1,-1
31,18,1433.90,432.34,55.25,124.82,0.7724,-1,-1,-1
31,22,1556.33,444.94,30.50,110.16,0.3537,-1,-1,-1
32,1,600.43,443.74,91.75,271.33,0.8386,-1,-1,-1
32,2,1600.52,399.44,172.02,426.72,0.8839,-1,-1,-1
32,3,477.26,444.26,111.52,292.09,0.8658,-1,-1,-1
32,4,1721.82,412.46,178.09,395.21,0.8173,-1,-1,-1
32,5,719.00,464.39,48.86,111.71,0.5257,-1,-1,-1
32,7,1249.75,445.58,34.17,98.00,0.7174,-1,-1,-1
32,9,934.50,438.31,31.35,77.61,0.5101,-1,-1,-1
32,15,1081.56,438.32,53.93,158.35,0.6034,-1,-1,-1
32,16,674.96,462.43,52.13,188.85,0.5556,-1,-1,-1
32,18,1439.93,432.01,51.40,124.52,0.7315,-1,-1,-1
33,1,601.72,443.58,91.29,270.58,0.8314,-1,-1,-1
33,2,1607.70,398.38,172.03,429.63,0.8481,-1,-1,-1
33,3,477.44,444.27,111.93,293.65,0.8795,-1,-1,-1
33,4,1733.05,406.76,180.62,401.26,0.7165,-1,-1,-1
33,5,716.96,463.03,47.12,112.23,0.4957,-1,-1,-1
33,7,1250.46,445.83,33.75,97.84,0.7551,-1,-1,-1
33,9,934.55,438.25,31.27,77.67,0.5174,-1,-1,-1
33,15,1082.59,436.28,53.58,159.01,0.4349,-1,-1,-1
33,16,676.38,462.24,51.93,189.46,0.4696,-1,-1,-1
33,18,1445.88,430.86,46.81,124.64,0.7061,-1,-1,-1
34,1,602.89,443.51,90.92,270.31,0.8250,-1,-1,-1
34,2,1618.23,398.19,174.53,432.16,0.8335,-1,-1,-1
34,3,477.84,445.31,111.79,295.96,0.8759,-1,-1,-1
34,4,1740.73,404.68,180.41,407.21,0.4738,-1,-1,-1
34,5,717.20,461.97,44.76,112.71,0.3821,-1,-1,-1
34,7,1251.09,445.88,33.86,97.88,0.7699,-1,-1,-1
34,9,934.26,438.91,31.11,77.26,0.4373,-1,-1,-1
34,15,1081.99,436.08,53.84,159.49,0.5266,-1,-1,-1
34,16,676.74,461.99,52.26,190.19,0.4666,-1,-1,-1
34,18,1452.61,430.39,42.75,123.96,0.7898,-1,-1,-1
35,1,604.99,443.48,89.35,270.21,0.7995,-1,-1,-1
35,2,1626.53,402.49,179.84,440.93,0.8159,-1,-1,-1
35,3,477.74,445.66,111.75,297.97,0.8704,-1,-1,-1
35,4,1754.02,415.73,173.53,404.35,0.7249,-1,-1,-1
35,7,1251.27,445.98,33.78,97.90,0.7501,-1,-1,-1
35,9,934.08,439.42,31.20,76.82,0.4589,-1,-1,-1
35,15,1082.35,437.67,53.32,158.60,0.4741,-1,-1,-1
35,16,675.79,461.63,53.49,191.12,0.4724,-1,-1,-1
35,18,1455.68,430.54,39.37,123.41,0.7140,-1,-1,-1
35,20,1163.56,440.14,26.24,85.33,0.3529,-1,-1,-1
36,1,606.21,443.70,88.62,270.09,0.8076,-1,-1,-1
36,2,1637.50,403.18,193.22,449.98,0.8754,-1,-1,-1
36,3,478.17,446.50,111.39,299.78,0.8739,-1,-1,-1
36,4,1769.68,416.08,163.77,404.38,0.5414,-1,-1,-1
36,5,717.20,461.54,42.66,114.01,0.4069,-1,-1,-1
36,7,1251.40,445.87,33.73,98.14,0.7657,-1,-1,-1
36,15,1082.78,439.27,53.19,157.21,0.5305,-1,-1,-1
36,16,675.25,462.03,54.64,191.70,0.5619,-1,-1,-1
36,18,1458.30,431.12,38.12,123.97,0.7762,-1,-1,-1
36,24,575.29,441.17,42.23,147.08,0.6324,-1,-1,-1
37,1,607.99,442.92,86.98,271.01,0.7898,-1,-1,-1
37,2,1644.49,400.39,208.45,454.26,0.8594,-1,-1,-1
37,3,478.33,445.68,111.23,298.91,0.8173,-1,-1,-1
37,4,1778.87,418.78,155.31,405.45,0.7315,-1,-1,-1
37,5,717.12,461.21,42.02,115.28,0.5089,-1,-1,-1
37,7,1252.24,445.94,33.02,98.02,0.7320,-1,-1,-1
37,9,934.39,439.25,31.06,76.88,0.4406,-1,-1,-1
37,15,1083.02,438.94,52.59,157.60,0.5781,-1,-1,-1
37,16,676.73,460.70,55.70,193.60,0.5606,-1,-1,-1
37,18,1459.52,431.00,38.50,124.89,0.7277,-1,-1,-1
37,24,574.69,441.08,42.58,146.37,0.5814,-1,-1,-1
38,1,609.68,443.44,85.99,271.24,0.8276,-1,-1,-1
38,2,1649.52,401.77,227.10,463.53,0.8834,-1,-1,-1
38,3,478.12,445.31,111.20,297.78,0.8239,-1,-1,-1
38,4,1791.90,413.32,144.34,407.83,0.4145,-1,-1,-1
38,5,716.66,462.01,41.95,115.44,0.4296,-1,-1,-1
38,7,1252.90,445.87,32.35,97.81,0.7297,-1,-1,-1
38,9,934.58,439.17,31.04,76.94,0.4283,-1,-1,-1
38,15,1084.11,437.64,52.09,158.01,0.4219,-1,-1,-1
38,18,1460.84,430.53,39.45,125.28,0.7621,-1,-1,-1
38,24,572.58,439.20,43.89,148.52,0.5087,-1,-1,-1
39,1,610.51,443.33,85.00,271.42,0.7859,-1,-1,-1
39,2,1644.69,400.18,234.67,464.45,0.9033,-1,-1,-1
39,3,478.79,444.44,110.91,297.03,0.8641,-1,-1,-1
39,4,1802.66,413.13,133.65,408.62,0.7983,-1,-1,-1
39,5,716.21,466.38,41.45,112.99,0.3599,-1,-1,-1
39,7,1254.28,445.64,32.09,98.12,0.7112,-1,-1,-1
39,9,934.58,438.69,30.91,77.24,0.4857,-1,-1,-1
39,15,1085.15,436.58,51.68,158.61,0.5793,-1,-1,-1
39,18,1462.53,429.40,43.63,126.77,0.7361,-1,-1,-1
39,24,574.90,443.12,42.28,144.08,0.5170,-1,-1,-1
40,1,611.26,443.98,85.65,270.89,0.7709,-1,-1,-1
40,2,1646.55,403.59,247.60,472.39,0.9023,-1,-1,-1
40,3,478.94,446.45,110.94,298.89,0.8429,-1,-1,-1
40,4,1813.05,402.18,123.17,412.70,0.7503,-1,-1,-1
40,7,1255.39,445.72,31.88,98.06,0.7091,-1,-1,-1
40,9,934.74,438.28,30.71,77.57,0.4485,-1,-1,-1
40,15,1084.73,437.64,51.58,158.19,0.4729,-1,-1,-1
40,18,1463.56,429.25,46.63,127.30,0.7747,-1,-1,-1
40,24,576.53,444.89,41.15,141.61,0.5137,-1,-1,-1
41,1,613.05,444.72,85.58,270.61,0.7980,-1,-1,-1
41,2,1648.27,403.11,257.16,478.53,0.9001,-1,-1,-1
41,3,478.73,447.06,111.12,300.05,0.8636,-1,-1,-1
41,4,1822.84,399.76,112.95,415.34,0.7417,-1,-1,-1
41,5,710.71,453.07,37.93,110.61,0.3877,-1,-1,-1
41,7,1256.22,445.51,32.12,98.21,0.7178,-1,-1,-1
41,8,1005.88,442.54,39.65,83.99,0.3891,-1,-1,-1
41,9,934.74,438.05,30.59,77.84,0.4891,-1,-1,-1
41,15,1084.51,436.88,51.59,158.40,0.5120,-1,-1,-1
41,18,1464.85,428.94,48.18,127.54,0.7361,-1,-1,-1
41,20,1163.43,439.65,26.76,86.29,0.3550,-1,-1,-1
41,24,577.40,446.37,40.57,140.11,0.4279,-1,-1,-1
41,26,712.50,451.84,23.13,48.18,0.4253,-1,-1,-1
42,1,614.39,445.25,85.26,270.38,0.8527,-1,-1,-1
42,2,1647.83,400.42,260.05,481.13,0.8859,-1,-1,-1
42,3,478.60,448.96,111.05,303.53,0.8661,-1,-1,-1
42,4,1831.72,396.80,103.28,418.62,0.7460,-1,-1,-1
42,7,1257.40,444.86,32.93,98.82,0.7065,-1,-1,-1
42,8,1004.56,442.54,41.54,83.87,0.5253,-1,-1,-1
42,9,934.82,438.74,30.43,77.51,0.5061,-1,-1,-1
42,15,1084.62,439.00,51.37,156.45,0.6012,-1,-1,-1
42,16,687.60,462.76,53.11,196.18,0.3768,-1,-1,-1
42,18,1464.94,429.41,51.30,127.24,0.8335,-1,-1,-1
42,24,578.43,443.47,41.14,142.46,0.4558,-1,-1,-1
42,26,713.37,451.56,24.77,48.19,0.3813,-1,-1,-1
43,1,615.64,443.94,85.34,271.19,0.8173,-1,-1,-1
43,2,1653.03,406.49,260.34,478.32,0.8718,-1,-1,-1
43,3,477.69,449.92,111.31,306.78,0.8766,-1,-1,-1
43,4,1841.35,400.30,93.29,416.97,0.7097,-1,-1,-1
43,5,710.63,448.84,35.00,111.03,0.3900,-1,-1,-1
43,7,1257.43,444.56,33.13,98.85,0.7026,-1,-1,-1
43,8,1004.11,442.31,42.89,83.71,0.4405,-1,-1,-1
43,9,934.81,438.47,30.42,77.66,0.5010,-1,-1,-1
43,15,1085.82,440.62,50.61,154.86,0.4771,-1,-1,-1
43,18,1466.77,429.62,51.31,126.85,0.7491,-1,-1,-1
43,24,579.73,438.91,41.92,146.27,0.4537,-1,-1,-1
43,26,713.84,452.07,27.15,56.09,0.3759,-1,-1,-1
43,28,735.56,459.14,30.52,100.24,0.4167,-1,-1,-1
44,1,616.15,443.38,85.35,271.73,0.8608,-1,-1,-1
44,2,1663.96,400.95,256.86,482.89,0.8779,-1,-1,-1
44,3,477.34,449.94,111.70,309.46,0.8744,-1,-1,-1
44,4,1851.73,410.46,82.87,408.83,0.4169,-1,-1,-1
44,7,1257.68,444.67,33.73,98.99,0.7089,-1,-1,-1
44,8,1004.60,442.56,44.03,83.62,0.5563,-1,-1,-1
44,9,934.76,439.39,30.47,77.16,0.5079,-1,-1,-1
44,15,1085.12,441.87,50.50,154.46,0.5046,-1,-1,-1
44,16,690.30,459.80,51.41,199.83,0.3675,-1,-1,-1
44,18,1469.31,429.98,50.28,126.32,0.7126,-1,-1,-1
44,24,580.29,433.84,43.41,151.54,0.3639,-1,-1,-1
44,27,405.34,461.10,47.10,95.92,0.3542,-1,-1,-1
44,28,736.63,459.20,29.91,101.20,0.5209,-1,-1,-1
45,1,617.99,443.40,86.76,272.04,0.8591,-1,-1,-1
45,2,1679.61,396.31,245.74,485.73,0.7897,-1,-1,-1
45,3,476.97,449.29,111.81,311.59,0.8654,-1,-1,-1
45,7,1257.80,444.95,33.70,98.90,0.7420,-1,-1,-1
45,8,1004.34,441.88,43.85,82.93,0.3536,-1,-1,-1
45,9,934.56,438.96,30.53,77.32,0.5208,-1,-1,-1
45,15,1084.44,442.52,51.38,153.92,0.4484,-1,-1,-1
45,18,1475.00,430.74,47.10,125.54,0.6852,-1,-1,-1
45,24,579.79,434.04,44.29,152.92,0.4410,-1,-1,-1
45,27,405.78,459.93,46.63,95.26,0.3789,-1,-1,-1
46,1,618.12,443.17,87.65,272.31,0.8453,-1,-1,-1
46,2,1693.55,390.24,229.08,486.95,0.7643,-1,-1,-1
46,3,476.35,447.79,111.97,314.27,0.8487,-1,-1,-1
46,7,1258.04,445.16,33.44,98.70,0.7001,-1,-1,-1
46,8,1004.05,442.46,42.99,82.15,0.5287,-1,-1,-1
46,9,934.46,439.62,30.48,76.81,0.5321,-1,-1,-1
46,15,1085.32,442.94,50.61,152.69,0.4745,-1,-1,-1
46,18,1480.17,430.66,43.79,124.21,0.6995,-1,-1,-1
46,24,579.33,433.77,44.21,153.45,0.5458,-1,-1,-1
47,1,618.29,443.29,88.69,272.33,0.8462,-1,-1,-1
47,2,1715.67,387.10,213.04,488.94,0.7545,-1,-1,-1
47,3,476.14,446.84,112.16,316.11,0.8443,-1,-1,-1
47,7,1258.53,444.87,33.40,99.03,0.6855,-1,-1,-1
47,8,1004.47,443.07,42.73,82.49,0.5393,-1,-1,-1
47,9,934.49,439.47,30.59,76.95,0.5254,-1,-1,-1
47,15,1084.42,443.48,50.16,152.45,0.5274,-1,-1,-1
47,16,692.10,457.84,52.52,203.39,0.5107,-1,-1,-1
47,18,1485.42,431.05,40.67,122.82,0.7111,-1,-1,-1
47,24,579.20,433.42,44.48,153.91,0.5672,-1,-1,-1
47,28,737.75,457.94,30.31,103.66,0.4919,-1,-1,-1
47,29,1703.04,426.05,75.28,216.77,0.3844,-1,-1,-1
48,1,618.54,444.52,89.06,271.54,0.8521,-1,-1,-1
48,2,1750.48,384.24,190.93,487.50,0.8541,-1,-1,-1
48,3,474.52,444.06,113.28,318.79,0.8482,-1,-1,-1
48,7,1259.20,443.70,34.11,100.09,0.7580,-1,-1,-1
48,8,1004.86,443.34,41.99,82.68,0.4478,-1,-1,-1
48,9,934.68,438.87,30.59,77.36,0.4985,-1,-1,-1
48,15,1084.86,443.14,49.78,151.70,0.5052,-1,-1,-1
48,16,691.55,456.05,55.62,206.36,0.4339,-1,-1,-1
48,18,1491.02,429.22,37.56,123.00,0.3963,-1,-1,-1
48,24,578.20,435.43,44.39,152.89,0.5582,-1,-1,-1
48,28,738.61,457.42,30.91,105.17,0.3669,-1,-1,-1
49,1,619.07,444.90,89.70,271.01,0.8423,-1,-1,-1
49,2,1771.40,385.17,172.48,488.91,0.8844,-1,-1,-1
49,3,474.20,442.37,113.87,320.56,0.8563,-1,-1,-1
49,7,1259.87,443.75,34.54,100.52,0.7983,-1,-1,-1
49,8,1006.60,443.30,42.79,82.89,0.4809,-1,-1,-1
49,9,934.79,438.22,30.62,77.94,0.5733,-1,-1,-1
49,15,1085.49,440.95,49.60,151.94,0.5050,-1,-1,-1
49,16,691.94,454.50,58.77,208.52,0.5156,-1,-1,-1
49,20,1163.40,439.66,26.51,86.54,0.4038,-1,-1,-1
49,24,577.71,437.24,44.67,151.81,0.6288,-1,-1,-1
50,1,619.52,445.71,90.59,270.41,0.8435,-1,-1,-1
50,2,1787.00,387.26,156.19,490.09,0.8754,-1,-1,-1
50,3,474.08,441.69,113.91,321.79,0.8592,-1,-1,-1
50,7,1259.75,443.79,35.05,100.79,0.7866,-1,-1,-1
50,8,1008.24,443.17,42.72,83.00,0.4614,-1,-1,-1
50,9,935.10,438.06,30.52,78.19,0.6091,-1,-1,-1
50,15,1085.13,440.85,49.94,151.39,0.5809,-1,-1,-1
50,16,691.90,454.52,60.36,209.29,0.4899,-1,-1,-1
50,18,1498.88,433.66,37.19,120.99,0.4861,-1,-1,-1
50,20,1163.53,439.37,26.60,86.84,0.4104,-1,-1,-1
50,24,578.25,438.01,44.66,150.97,0.6123,-1,-1,-1
51,1,620.82,445.54,90.70,269.91,0.8453,-1,-1,-1
51,2,1799.66,388.29,141.78,491.31,0.8709,-1,-1,-1
51,3,473.27,440.99,114.57,322.38,0.8593,-1,-1,-1
51,7,1260.24,443.54,35.46,100.92,0.7481,-1,-1,-1
51,8,1008.54,442.99,43.32,83.11,0.4356,-1,-1,-1
51,9,935.22,438.24,30.24,78.10,0.5419,-1,-1,-1
51,15,1084.56,442.40,50.06,150.73,0.5508,-1,-1,-1
51,16,691.95,454.69,61.15,209.52,0.7009,-1,-1,-1
51,18,1501.41,437.17,38.98,118.47,0.3893,-1,-1,-1
51,20,1163.54,439.43,26.84,87.03,0.3947,-1,-1,-1
51,24,578.48,438.78,44.73,150.12,0.6125,-1,-1,-1
51,28,741.19,454.08,34.02,109.78,0.3511,-1,-1,-1
52,1,620.32,445.99,91.50,269.72,0.8493,-1,-1,-1
52,2,1809.52,384.60,129.58,490.79,0.8390,-1,-1,-1
52,3,472.55,439.87,115.03,322.60,0.8599,-1,-1,-1
52,7,1260.09,443.80,35.37,100.93,0.7593,-1,-1,-1
52,9,935.12,437.96,30.26,78.33,0.5015,-1,-1,-1
52,15,1084.99,440.44,50.13,151.89,0.5475,-1,-1,-1
52,16,691.46,454.02,62.53,210.25,0.6959,-1,-1,-1
52,20,1163.52,439.32,27.11,87.25,0.3979,-1,-1,-1
52,24,578.39,436.93,45.19,151.13,0.6144,-1,-1,-1
52,27,408.74,461.30,46.55,96.47,0.3931,-1,-1,-1
53,1,620.75,445.83,91.91,269.76,0.8534,-1,-1,-1
53,2,1815.78,387.64,120.28,491.26,0.8582,-1,-1,-1
53,3,471.73,439.10,115.43,322.95,0.8611,-1,-1,-1
53,7,1260.39,444.17,35.60,100.54,0.8014,-1,-1,-1
53,8,1007.27,442.75,45.48,82.71,0.4623,-1,-1,-1
53,9,934.87,437.72,30.38,78.48,0.5506,-1,-1,-1
53,15,1084.65,441.61,50.37,151.25,0.5238,-1,-1,-1
53,16,691.20,454.56,63.87,210.23,0.7038,-1,-1,-1
53,18,1503.65,437.32,42.96,117.42,0.4585,-1,-1,-1
53,24,578.47,436.44,45.16,151.83,0.5786,-1,-1,-1
53,28,742.85,456.61,35.08,107.94,0.4115,-1,-1,-1
54,1,621.84,445.35,91.86,270.27,0.8564,-1,-1,-1
54,2,1819.29,391.82,113.60,489.83,0.8186,-1,-1,-1
54,3,471.17,439.33,115.76,323.79,0.8608,-1,-1,-1
54,7,1260.26,444.68,35.75,100.01,0.8212,-1,-1,-1
54,8,1006.82,442.46,47.25,82.60,0.3564,-1,-1,-1
54,9,934.66,437.48,30.61,78.63,0.4866,-1,-1,-1
54,15,1084.28,443.44,50.24,150.45,0.4888,-1,-1,-1
54,16,691.28,456.06,64.87,209.29,0.6924,-1,-1,-1
54,18,1501.57,439.26,42.52,115.63,0.4375,-1,-1,-1
54,20,1163.09,439.06,26.99,87.44,0.4069,-1,-1,-1
54,24,578.31,437.84,46.26,151.48,0.6181,-1,-1,-1
54,30,1506.14,439.58,49.38,118.93,0.3804,-1,-1,-1
55,1,622.18,445.24,91.55,270.62,0.8606,-1,-1,-1
55,2,1821.24,399.19,108.89,484.40,0.7930,-1,-1,-1
55,3,470.94,439.64,115.80,324.15,0.8450,-1,-1,-1
55,7,1260.36,444.84,35.76,99.68,0.7831,-1,-1,-1
55,9,934.11,436.77,30.86,78.93,0.4988,-1,-1,-1
55,15,1083.90,443.67,50.45,150.39,0.4159,-1,-1,-1
55,16,692.64,456.40,64.80,209.79,0.7644,-1,-1,-1
55,18,1500.33,440.91,40.81,113.85,0.3517,-1,-1,-1
55,24,576.86,439.57,47.60,150.55,0.6225,-1,-1,-1
55,30,1503.55,440.61,55.65,119.21,0.3552,-1,-1,-1
55,31,1529.14,447.02,36.30,104.45,0.6471,-1,-1,-1
56,1,623.25,444.81,91.49,270.91,0.8632,-1,-1,-1
56,2,1822.83,413.01,105.29,474.96,0.7625,-1,-1,-1
56,3,471.05,439.02,115.84,324.82,0.8435,-1,-1,-1
56,7,1260.60,445.06,35.98,99.38,0.7924,-1,-1,-1
56,9,934.43,437.05,30.87,79.01,0.4847,-1,-1,-1
56,15,1083.90,443.49,50.28,150.61,0.4743,-1,-1,-1
56,16,693.06,455.10,65.38,211.36,0.7657,-1,-1,-1
56,24,577.30,441.04,47.64,149.55,0.5282,-1,-1,-1
56,31,1531.33,448.65,33.91,100.94,0.7158,-1,-1,-1
57,1,624.08,444.71,91.41,271.17,0.8634,-1,-1,-1
57,2,1824.62,418.10,102.19,465.70,0.6098,-1,-1,-1
57,3,471.27,439.36,116.08,324.70,0.8499,-1,-1,-1
57,7,1260.41,443.64,36.29,100.05,0.7734,-1,-1,-1
57,8,1005.48,443.08,40.54,80.41,0.4933,-1,-1,-1
57,9,934.46,437.03,30.85,79.10,0.5243,-1,-1,-1
57,15,1083.61,441.63,50.68,151.94,0.4579,-1,-1,-1
57,16,693.59,454.28,66.23,212.51,0.7451,-1,-1,-1
57,18,1502.69,444.68,39.53,110.73,0.3719,-1,-1,-1
57,24,578.61,439.17,47.52,150.04,0.5127,-1,-1,-1
57,31,1533.79,451.15,31.52,96.85,0.7456,-1,-1,-1
58,1,624.36,444.87,91.64,271.98,0.8730,-1,-1,-1
58,2,1825.96,428.39,99.72,459.69,0.5308,-1,-1,-1
58,3,473.61,438.41,115.91,324.85,0.8413,-1,-1,-1
58,7,1260.08,444.29,36.28,99.77,0.7818,-1,-1,-1
58,8,1007.35,444.08,36.55,79.34,0.4030,-1,-1,-1
58,9,934.74,436.99,30.80,79.19,0.5347,-1,-1,-1
58,15,1084.41,443.57,49.91,151.20,0.4425,-1,-1,-1
58,16,695.63,455.18,66.07,213.02,0.7411,-1,-1,-1
58,20,1163.27,438.96,26.73,87.77,0.3549,-1,-1,-1
58,24,578.11,441.85,48.32,148.02,0.6114,-1,-1,-1
58,28,745.39,452.78,36.25,111.46,0.3700,-1,-1,-1
58,31,1535.71,454.46,29.94,94.26,0.7491,-1,-1,-1
59,1,624.58,444.78,91.77,272.55,0.8724,-1,-1,-1
59,2,1825.23,432.72,98.84,456.71,0.4032,-1,-1,-1
59,3,475.76,436.86,118.08,325.37,0.8396,-1,-1,-1
59,7,1260.33,443.75,36.32,100.08,0.7881,-1,-1,-1
59,8,1007.53,444.32,35.28,79.19,0.4454,-1,-1,-1
59,9,935.11,436.99,30.59,79.21,0.6149,-1,-1,-1
59,15,1084.71,443.79,49.86,151.23,0.3817,-1,-1,-1
59,16,696.64,456.01,66.61,213.20,0.7373,-1,-1,-1
59,24,578.35,443.60,48.02,146.34,0.5557,-1,-1,-1
59,31,1538.35,454.97,28.95,94.02,0.6427,-1,-1,-1
60,1,624.02,444.77,92.04,272.83,0.8654,-1,-1,-1
60,3,476.85,437.46,122.07,324.63,0.8108,-1,-1,-1
60,7,1260.22,443.77,36.41,100.07,0.7838,-1,-1,-1
60,8,1007.41,444.41,34.53,79.34,0.4585,-1,-1,-1
60,9,935.07,437.02,30.48,79.12,0.5860,-1,-1,-1
60,15,1084.51,444.14,49.83,151.03,0.4174,-1,-1,-1
60,16,698.12,456.70,66.16,213.29,0.6846,-1,-1,-1
60,18,1515.35,443.58,45.25,110.11,0.3671,-1,-1,-1
60,24,579.39,445.02,48.39,144.68,0.5759,-1,-1,-1
60,28,747.72,455.16,36.30,109.85,0.4915,-1,-1,-1
60,31,1541.58,454.47,27.41,92.92,0.6401,-1,-1,-1
60,32,486.99,453.78,37.25,56.52,0.3862,-1,-1,-1
61,1,622.73,444.49,92.68,273.40,0.8588,-1,-1,-1
61,3,478.89,439.29,126.29,324.68,0.8003,-1,-1,-1
61,7,1260.00,444.27,36.47,99.83,0.7781,-1,-1,-1
61,8,1006.40,444.78,34.37,79.26,0.5056,-1,-1,-1
61,9,934.66,436.69,30.58,79.29,0.5435,-1,-1,-1
61,13,1850.09,479.53,59.11,176.31,0.4060,-1,-1,-1
61,15,1085.40,440.81,49.62,152.83,0.3854,-1,-1,-1
61,16,699.17,456.76,65.61,213.97,0.6869,-1,-1,-1
61,18,1517.79,436.92,47.06,114.24,0.4379,-1,-1,-1
61,20,1163.52,439.07,26.50,87.57,0.4000,-1,-1,-1
61,24,579.44,444.31,48.78,144.47,0.4966,-1,-1,-1
61,31,1545.10,448.00,28.11,97.96,0.5837,-1,-1,-1
61,32,485.96,454.08,38.38,57.84,0.4247,-1,-1,-1
62,1,621.95,445.30,93.51,274.61,0.8617,-1,-1,-1
62,3,485.62,441.94,128.02,323.94,0.7469,-1,-1,-1
62,7,1259.67,443.41,36.81,100.35,0.7640,-1,-1,-1
62,8,1005.40,445.09,33.91,79.05,0.5540,-1,-1,-1
62,9,933.93,436.55,30.70,79.38,0.3890,-1,-1,-1
62,13,1848.44,478.24,58.95,177.03,0.5145,-1,-1,-1
62,16,700.37,457.07,64.66,214.18,0.7088,-1,-1,-1
62,18,1522.35,435.52,42.82,114.84,0.5181,-1,-1,-1
62,24,579.15,443.60,48.14,145.05,0.4571,-1,-1,-1
62,28,750.79,456.18,35.55,109.84,0.3639,-1,-1,-1
62,31,1549.06,447.88,27.74,98.31,0.4805,-1,-1,-1
62,32,483.75,454.73,40.48,62.46,0.4138,-1,-1,-1
62,33,1036.53,450.45,28.99,81.00,0.5372,-1,-1,-1
63,1,620.79,446.50,94.06,276.60,0.8584,-1,-1,-1
63,3,489.42,442.18,130.73,323.52,0.7216,-1,-1,-1
63,7,1259.38,443.98,37.01,100.21,0.7753,-1,-1,-1
63,8,1005.10,444.91,34.28,79.26,0.6017,-1,-1,-1
63,9,934.06,436.83,30.74,79.36,0.5001,-1,-1,-1
63,16,700.44,457.68,64.17,214.45,0.7530,-1,-1,-1
63,18,1526.16,434.26,40.06,115.60,0.6445,-1,-1,-1
63,20,1162.86,438.52,26.13,87.42,0.4440,-1,-1,-1
63,24,580.54,446.90,47.17,142.80,0.4689,-1,-1,-1
63,28,751.79,457.94,35.04,108.82,0.3931,-1,-1,-1
63,31,1553.15,445.52,25.89,92.77,0.4870,-1,-1,-1
63,32,482.65,454.06,42.10,65.62,0.4006,-1,-1,-1
63,33,1037.15,451.17,28.88,79.76,0.4731,-1,-1,-1
64,1,619.82,446.24,94.29,278.27,0.8577,-1,-1,-1
64,3,489.01,442.30,134.24,322.79,0.7668,-1,-1,-1
64,7,1259.70,443.04,36.77,100.25,0.7229,-1,-1,-1
64,8,1004.01,444.86,34.23,79.08,0.5669,-1,-1,-1
64,9,933.95,437.13,31.01,79.21,0.4757,-1,-1,-1
64,13,1846.47,474.52,59.78,179.94,0.5323,-1,-1,-1
64,15,1088.67,436.99,48.15,152.38,0.3883,-1,-1,-1
64,16,701.30,458.74,63.86,214.94,0.7208,-1,-1,-1
64,18,1529.94,433.61,36.76,115.81,0.4686,-1,-1,-1
64,20,1162.41,438.46,26.00,87.40,0.4840,-1,-1,-1
64,24,576.48,450.15,44.62,141.61,0.4120,-1,-1,-1
64,32,482.77,453.66,43.18,67.12,0.3743,-1,-1,-1
64,33,1037.04,452.10,28.92,78.72,0.4991,-1,-1,-1
65,1,618.88,446.70,94.29,279.54,0.8538,-1,-1,-1
65,3,495.43,443.61,133.20,322.35,0.8322,-1,-1,-1
65,7,1259.09,444.24,36.76,99.73,0.7106,-1,-1,-1
65,8,1003.06,445.29,33.90,78.96,0.6615,-1,-1,-1
65,9,933.48,436.91,31.38,79.39,0.3654,-1,-1,-1
65,13,1846.23,471.65,59.74,182.64,0.4022,-1,-1,-1
65,15,1084.76,440.67,49.18,152.37,0.4218,-1,-1,-1
65,16,701.98,460.23,62.92,216.97,0.7639,-1,-1,-1
65,18,1534.47,431.79,34.67,117.20,0.5137,-1,-1,-1
65,20,1162.38,438.53,25.54,87.30,0.3874,-1,-1,-1
65,28,751.87,461.13,36.02,107.14,0.4757,-1,-1,-1
65,33,1035.50,451.51,31.45,79.93,0.5708,-1,-1,-1
66,1,618.54,446.70,94.50,280.20,0.8566,-1,-1,-1
66,3,491.23,443.79,138.71,323.32,0.8468,-1,-1,-1
66,7,1259.39,444.25,36.48,99.26,0.7245,-1,-1,-1
66,8,1003.34,445.42,33.09,78.56,0.6128,-1,-1,-1
66,9,933.35,437.03,31.57,79.37,0.3682,-1,-1,-1
66,13,1846.54,470.50,59.33,183.74,0.4709,-1,-1,-1
66,16,702.76,460.21,62.50,218.81,0.7614,-1,-1,-1
66,18,1536.59,430.53,33.54,118.42,0.5111,-1,-1,-1
66,20,1162.51,438.47,25.18,87.25,0.4345,-1,-1,-1
66,28,752.51,462.49,36.22,106.29,0.3849,-1,-1,-1
66,33,1033.90,451.30,33.27,80.48,0.5309,-1,-1,-1
67,1,618.19,446.69,94.97,280.66,0.8560,-1,-1,-1
67,3,495.35,443.86,140.19,324.32,0.8074,-1,-1,-1
67,7,1259.01,444.98,36.39,98.91,0.7523,-1,-1,-1
67,8,1003.29,445.33,32.64,78.32,0.6142,-1,-1,-1
67,9,933.47,437.37,31.59,79.17,0.3819,-1,-1,-1
67,13,1847.65,471.56,59.03,183.64,0.4807,-1,-1,-1
67,15,1090.50,429.94,46.76,137.20,0.4346,-1,-1,-1
67,16,703.21,459.07,62.63,220.09,0.7846,-1,-1,-1
67,18,1539.80,430.23,34.75,119.47,0.4526,-1,-1,-1
67,20,1162.58,438.38,24.90,87.35,0.4476,-1,-1,-1
67,28,753.14,463.96,37.10,106.08,0.5902,-1,-1,-1
67,33,1033.37,450.86,35.11,81.76,0.5120,-1,-1,-1
67,35,740.02,451.93,23.87,49.78,0.4782,-1,-1,-1
68,1,616.72,446.40,95.96,281.51,0.8636,-1,-1,-1
68,3,494.97,445.98,142.01,323.85,0.8708,-1,-1,-1
68,7,1259.34,446.54,36.14,97.91,0.7459,-1,-1,-1
68,8,1003.59,445.28,32.25,78.20,0.6478,-1,-1,-1
68,9,933.57,437.47,31.60,79.13,0.4347,-1,-1,-1
68,13,1847.23,477.27,59.42,180.15,0.4250,-1,-1,-1
68,15,1093.85,430.13,44.37,128.60,0.5159,-1,-1,-1
68,16,703.33,458.45,63.67,221.28,0.7829,-1,-1,-1
68,18,1541.69,427.60,35.44,121.20,0.4473,-1,-1,-1
68,20,1163.01,438.49,24.94,87.35,0.3567,-1,-1,-1
68,33,1033.22,450.28,38.25,84.91,0.3772,-1,-1,-1
68,35,741.04,451.87,25.02,50.46,0.3974,-1,-1,-1
69,1,615.43,446.05,97.10,282.22,0.8639,-1,-1,-1
69,3,496.35,445.50,143.03,324.73,0.8753,-1,-1,-1
69,7,1259.84,447.07,35.69,96.91,0.7411,-1,-1,-1
69,8,1003.73,444.91,31.90,78.09,0.6286,-1,-1,-1
69,9,933.68,437.54,31.61,79.03,0.4042,-1,-1,-1
69,13,1847.03,480.03,59.60,177.68,0.3852,-1,-1,-1
69,15,1094.82,431.79,42.99,122.65,0.4266,-1,-1,-1
69,16,703.24,456.67,64.60,219.97,0.7802,-1,-1,-1
69,18,1544.44,423.65,37.36,124.35,0.6594,-1,-1,-1
69,20,1163.04,438.61,25.17,87.37,0.4109,-1,-1,-1
69,28,755.32,464.53,39.47,105.92,0.3576,-1,-1,-1
69,35,741.53,449.03,26.32,53.57,0.3529,-1,-1,-1
70,1,613.30,444.27,97.90,282.14,0.8754,-1,-1,-1
70,3,498.34,444.91,144.85,326.01,0.8493,-1,-1,-1
70,7,1260.08,447.08,35.16,96.46,0.7602,-1,-1,-1
70,8,1003.22,444.53,31.63,78.00,0.5859,-1,-1,-1
70,9,933.70,437.52,31.64,79.00,0.4052,-1,-1,-1
70,13,1847.51,481.56,59.46,175.95,0.3887,-1,-1,-1
70,15,1095.45,433.41,41.97,118.44,0.4472,-1,-1,-1
70,16,703.07,456.26,65.20,220.05,0.7913,-1,-1,-1
70,18,1545.39,424.07,39.03,124.91,0.5755,-1,-1,-1
70,20,1163.09,438.61,25.38,87.38,0.4257,-1,-1,-1
70,32,494.37,452.98,37.00,60.70,0.3743,-1,-1,-1
71,1,612.40,442.97,98.60,282.14,0.8737,-1,-1,-1
71,3,499.95,444.52,144.03,326.85,0.8560,-1,-1,-1
71,7,1260.26,447.42,35.00,95.92,0.7501,-1,-1,-1
71,8,1002.87,444.35,31.75,77.91,0.5164,-1,-1,-1
71,9,933.64,437.31,31.74,79.18,0.4967,-1,-1,-1
71,13,1847.83,481.48,59.25,175.11,0.3839,-1,-1,-1
71,15,1096.07,436.11,41.01,115.37,0.4899,-1,-1,-1
71,16,702.03,455.53,66.30,220.88,0.8042,-1,-1,-1
71,18,1546.00,424.05,39.84,125.47,0.6715,-1,-1,-1
71,20,1162.81,438.63,25.32,87.33,0.3777,-1,-1,-1
71,32,486.07,459.54,44.52,82.25,0.4105,-1,-1,-1
72,1,612.79,443.80,98.89,283.07,0.8698,-1,-1,-1
72,3,501.99,443.42,142.38,327.86,0.8610,-1,-1,-1
72,7,1259.97,447.59,35.55,95.98,0.7447,-1,-1,-1
72,8,1002.52,444.23,32.08,78.04,0.5271,-1,-1,-1
72,9,933.13,436.68,31.81,79.52,0.4869,-1,-1,-1
72,15,1096.07,436.83,40.58,113.75,0.5445,-1,-1,-1
72,16,701.11,454.43,66.73,221.69,0.7896,-1,-1,-1
72,18,1546.50,421.61,40.30,127.31,0.6770,-1,-1,-1
72,20,1162.69,438.57,25.41,87.37,0.3674,-1,-1,-1
72,32,490.11,461.09,41.55,88.33,0.4372,-1,-1,-1
72,35,748.63,448.21,25.12,53.09,0.4911,-1,-1,-1
73,1,614.21,443.68,98.32,283.84,0.8633,-1,-1,-1
73,3,504.82,442.81,139.84,328.46,0.8588,-1,-1,-1
73,7,1260.17,447.41,35.60,95.71,0.7448,-1,-1,-1
73,8,1002.62,444.14,32.49,78.06,0.5264,-1,-1,-1
73,9,933.28,437.06,31.74,79.42,0.4028,-1,-1,-1
73,15,1095.96,438.56,40.38,111.83,0.5214,-1,-1,-1
73,16,702.42,455.41,68.05,221.51,0.7899,-1,-1,-1
73,18,1547.59,420.09,40.31,128.66,0.6590,-1,-1,-1
73,32,492.04,460.57,40.00,93.43,0.4596,-1,-1,-1
73,34,497.01,453.76,32.59,69.45,0.3943,-1,-1,-1
73,35,749.86,449.05,24.28,53.26,0.5018,-1,-1,-1
74,1,615.67,443.67,97.16,284.60,0.8629,-1,-1,-1
74,3,508.39,442.23,136.94,329.00,0.8414,-1,-1,-1
74,7,1259.89,447.77,35.91,95.81,0.7395,-1,-1,-1
74,8,1002.55,444.47,32.20,77.91,0.5691,-1,-1,-1
74,9,933.35,437.44,31.69,79.41,0.4536,-1,-1,-1
74,15,1096.26,441.00,40.02,109.79,0.4510,-1,-1,-1
74,16,702.63,454.74,69.08,221.52,0.8000,-1,-1,-1
74,18,1548.06,418.52,40.16,130.18,0.5457,-1,-1,-1
74,32,492.50,458.46,38.74,95.83,0.5006,-1,-1,-1
74,34,496.99,454.93,32.72,71.82,0.4048,-1,-1,-1
74,35,749.94,449.58,24.63,55.32,0.4915,-1,-1,-1
75,1,616.59,443.78,95.86,285.21,0.8550,-1,-1,-1
75,3,511.85,442.28,133.98,329.54,0.8520,-1,-1,-1
75,7,1260.08,447.16,35.71,96.00,0.7371,-1,-1,-1
75,8,1003.07,444.70,32.04,77.70,0.5370,-1,-1,-1
75,9,933.35,437.42,31.76,79.42,0.4427,-1,-1,-1
75,13,1848.11,480.16,58.76,174.98,0.3900,-1,-1,-1
75,16,702.72,454.88,70.82,221.00,0.8024,-1,-1,-1
75,32,492.29,459.85,38.73,102.11,0.4895,-1,-1,-1
75,34,496.26,453.74,33.33,70.60,0.3972,-1,-1,-1
75,35,751.42,448.57,24.27,53.79,0.3769,-1,-1,-1
75,36,471.01,459.49,32.63,107.75,0.5238,-1,-1,-1
75,37,945.70,481.15,66.03,103.98,0.3609,-1,-1,-1
76,1,617.67,443.55,94.64,285.60,0.8328,-1,-1,-1
76,3,516.88,442.04,130.22,328.60,0.8502,-1,-1,-1
76,7,1260.29,447.30,35.58,95.95,0.7425,-1,-1,-1
76,8,1003.41,445.07,32.34,77.75,0.6175,-1,-1,-1
76,9,933.33,437.71,31.74,79.25,0.3897,-1,-1,-1
76,13,1847.96,479.67,58.56,175.58,0.4453,-1,-1,-1
76,16,703.61,453.98,72.34,222.03,0.8124,-1,-1,-1
76,32,492.55,458.74,37.96,105.66,0.4776,-1,-1,-1
76,34,496.07,453.44,33.18,69.63,0.4123,-1,-1,-1
76,35,752.28,448.98,24.22,51.35,0.4232,-1,-1,-1
76,36,470.55,457.74,32.72,108.66,0.5612,-1,-1,-1
76,39,1081.13,447.94,51.12,149.80,0.6616,-1,-1,-1
77,1,619.72,443.28,92.52,285.50,0.8134,-1,-1,-1
77,3,522.42,442.26,126.23,327.82,0.7916,-1,-1,-1
77,7,1259.90,447.74,35.90,95.99,0.7401,-1,-1,-1
77,8,1002.86,445.84,32.15,77.47,0.5721,-1,-1,-1
77,9,933.31,437.73,31.74,79.20,0.3947,-1,-1,-1
77,13,1848.31,479.91,58.27,175.61,0.3853,-1,-1,-1
77,16,704.71,453.23,74.28,222.60,0.8071,-1,-1,-1
77,32,492.54,457.94,37.68,109.24,0.5967,-1,-1,-1
77,33,1045.77,450.34,32.52,76.63,0.3896,-1,-1,-1
77,36,470.06,456.27,32.67,108.60,0.5903,-1,-1,-1
77,39,1080.17,448.07,51.47,149.39,0.6413,-1,-1,-1
78,1,620.64,443.47,90.90,285.90,0.8203,-1,-1,-1
78,3,523.54,442.55,125.28,327.13,0.7785,-1,-1,-1
78,7,1259.21,448.13,36.54,95.94,0.7368,-1,-1,-1
78,8,1003.36,445.38,33.58,78.04,0.6380,-1,-1,-1
78,9,933.59,438.43,31.62,79.03,0.4153,-1,-1,-1
78,13,1848.74,483.27,57.64,173.37,0.4219,-1,-1,-1
78,16,706.74,453.97,77.52,222.30,0.8359,-1,-1,-1
78,32,492.00,456.38,37.04,111.77,0.4930,-1,-1,-1
78,34,494.25,455.18,34.06,73.54,0.4098,-1,-1,-1
78,35,754.16,448.36,23.94,50.95,0.3600,-1,-1,-1
78,36,470.14,456.89,32.30,104.99,0.5480,-1,-1,-1
78,39,1079.53,446.49,52.99,151.48,0.6349,-1,-1,-1
79,1,621.27,441.80,89.46,285.72,0.8367,-1,-1,-1
79,3,527.04,442.63,122.44,326.65,0.7429,-1,-1,-1
79,7,1259.65,447.57,36.52,96.05,0.7483,-1,-1,-1
79,8,1003.54,445.10,35.05,78.45,0.6480,-1,-1,-1
79,13,1848.88,486.60,57.12,170.91,0.4441,-1,-1,-1
79,16,709.81,454.89,81.87,221.33,0.8135,-1,-1,-1
79,32,491.71,454.65,36.64,112.66,0.4186,-1,-1,-1
79,34,494.24,453.17,33.58,71.45,0.4156,-1,-1,-1
79,36,470.08,458.60,32.13,102.01,0.5280,-1,-1,-1
79,39,1080.17,447.13,52.63,150.74,0.5582,-1,-1,-1
80,1,623.03,441.21,88.29,285.85,0.8486,-1,-1,-1
80,3,526.95,442.91,122.99,327.71,0.7360,-1,-1,-1
80,7,1259.96,447.01,36.38,96.41,0.7697,-1,-1,-1
80,8,1003.73,444.82,36.13,78.66,0.5649,-1,-1,-1
80,13,1849.00,487.27,56.89,169.91,0.4067,-1,-1,-1
80,16,711.52,457.90,86.33,220.47,0.8499,-1,-1,-1
80,20,1163.30,439.09,25.27,86.90,0.3537,-1,-1,-1
80,32,491.45,455.08,36.71,114.84,0.4910,-1,-1,-1
80,34,494.05,454.13,33.72,72.85,0.4305,-1,-1,-1
80,36,469.58,459.58,31.51,99.57,0.4604,-1,-1,-1
80,39,1080.08,446.04,53.17,151.61,0.4975,-1,-1,-1
81,1,625.03,443.01,87.82,285.38,0.8392,-1,-1,-1
81,3,531.72,444.00,120.58,329.98,0.6704,-1,-1,-1
81,7,1259.62,447.05,36.61,96.56,0.7524,-1,-1,-1
81,8,1003.44,444.87,36.76,78.88,0.6197,-1,-1,-1
81,13,1848.95,486.39,57.13,169.91,0.4240,-1,-1,-1
81,16,712.35,457.19,89.54,219.53,0.8515,-1,-1,-1
81,32,491.33,454.45,36.86,115.93,0.4965,-1,-1,-1
81,35,758.69,448.22,28.78,59.24,0.3719,-1,-1,-1
81,36,468.83,460.04,31.48,99.19,0.4355,-1,-1,-1
81,39,1080.88,445.53,53.22,151.59,0.4799,-1,-1,-1
82,1,625.57,442.79,85.02,285.69,0.8026,-1,-1,-1
82,3,535.09,443.67,117.83,331.88,0.5404,-1,-1,-1
82,7,1259.89,447.56,37.01,96.38,0.7821,-1,-1,-1
82,8,1003.62,444.67,36.99,78.94,0.5396,-1,-1,-1
82,9,933.60,437.57,31.43,79.38,0.4718,-1,-1,-1
82,13,1850.67,487.61,56.45,168.96,0.4118,-1,-1,-1
82,16,713.99,457.00,92.81,219.25,0.8467,-1,-1,-1
82,27,422.56,448.48,34.23,81.84,0.3793,-1,-1,-1
82,32,490.81,453.53,37.12,115.82,0.5130,-1,-1,-1
82,34,493.44,454.66,34.35,75.17,0.3701,-1,-1,-1
82,35,759.09,448.29,29.38,61.11,0.3686,-1,-1,-1
82,36,468.57,461.11,31.26,99.19,0.4528,-1,-1,-1
82,39,1080.64,446.68,53.30,150.53,0.4703,-1,-1,-1
82,41,520.21,448.33,76.60,293.16,0.5170,-1,-1,-1
83,1,627.40,442.33,82.67,285.69,0.7429,-1,-1,-1
83,7,1260.58,447.43,36.84,96.50,0.7866,-1,-1,-1
83,8,1003.56,444.67,37.10,79.53,0.5926,-1,-1,-1
83,9,934.18,437.87,31.15,79.36,0.5043,-1,-1,-1
83,13,1849.73,482.11,57.09,171.87,0.4161,-1,-1,-1
83,16,715.83,456.30,94.94,220.20,0.8540,-1,-1,-1
83,27,423.19,450.27,34.13,80.65,0.3528,-1,-1,-1
83,32,491.21,453.05,36.75,115.41,0.4501,-1,-1,-1
83,34,493.79,453.82,33.92,74.60,0.3999,-1,-1,-1
83,36,468.61,461.33,30.91,97.66,0.4958,-1,-1,-1
83,39,1080.46,447.36,53.47,149.85,0.5334,-1,-1,-1
83,41,514.11,445.04,81.98,301.68,0.4787,-1,-1,-1
83,42,569.08,444.68,90.23,330.68,0.6635,-1,-1,-1
84,1,630.06,443.73,81.10,285.13,0.7470,-1,-1,-1
84,3,549.95,446.24,110.58,333.99,0.6374,-1,-1,-1
84,7,1260.88,447.46,36.69,96.55,0.7847,-1,-1,-1
84,8,1003.36,444.83,37.55,79.57,0.7159,-1,-1,-1
84,9,934.44,437.99,31.04,79.27,0.5136,-1,-1,-1
84,13,1849.59,480.99,57.83,173.00,0.4744,-1,-1,-1
84,16,717.43,457.97,96.53,220.38,0.8477,-1,-1,-1
84,32,491.13,453.72,36.78,116.43,0.4005,-1,-1,-1
84,34,494.26,453.24,33.73,73.85,0.4038,-1,-1,-1
84,36,468.63,462.65,31.36,98.21,0.4597,-1,-1,-1
84,39,1081.36,448.12,53.02,148.69,0.4914,-1,-1,-1
84,41,514.40,444.53,81.55,300.72,0.4672,-1,-1,-1
85,1,633.01,444.98,80.37,284.04,0.6353,-1,-1,-1
85,3,542.36,444.56,115.03,338.63,0.6415,-1,-1,-1
85,7,1261.09,447.16,36.73,96.61,0.7902,-1,-1,-1
85,8,1003.16,445.36,37.65,79.17,0.6836,-1,-1,-1
85,9,934.04,437.43,31.34,79.72,0.5254,-1,-1,-1
85,13,1848.92,481.45,58.56,173.34,0.4306,-1,-1,-1
85,15,1096.67,446.77,40.16,103.77,0.3627,-1,-1,-1
85,16,719.26,460.14,96.61,219.68,0.8239,-1,-1,-1
85,34,493.56,454.36,34.17,75.82,0.3546,-1,-1,-1
85,39,1082.82,447.50,52.42,148.53,0.3722,-1,-1,-1
85,41,519.55,446.53,78.84,299.31,0.4976,-1,-1,-1
85,42,568.62,443.59,91.14,332.99,0.4204,-1,-1,-1
86,1,635.19,445.66,81.31,284.39,0.7517,-1,-1,-1
86,3,519.82,438.87,103.47,330.00,0.4703,-1,-1,-1
86,7,1261.58,446.51,36.33,96.50,0.7724,-1,-1,-1
86,8,1003.54,445.78,36.86,78.37,0.5764,-1,-1,-1
86,9,933.89,437.22,31.50,79.95,0.4840,-1,-1,-1
86,13,1849.51,482.37,57.90,172.96,0.4493,-1,-1,-1
86,16,720.25,458.57,96.26,220.74,0.8058,-1,-1,-1
86,34,493.71,452.49,33.75,73.92,0.4025,-1,-1,-1
86,39,1083.32,449.32,51.69,147.23,0.4800,-1,-1,-1
86,41,517.77,427.36,75.99,222.59,0.3760,-1,-1,-1
86,42,553.66,436.58,102.07,349.97,0.6367,-1,-1,-1
87,1,637.16,445.59,82.30,285.19,0.7946,-1,-1,-1
87,3,511.45,439.49,96.55,322.44,0.4803,-1,-1,-1
87,7,1261.80,447.19,36.26,96.22,0.8015,-1,-1,-1
87,8,1004.15,446.02,36.10,77.89,0.6088,-1,-1,-1
87,9,934.19,437.35,31.26,79.89,0.5275,-1,-1,-1
87,13,1848.98,482.33,58.09,173.20,0.5533,-1,-1,-1
87,15,1094.59,449.17,40.61,100.92,0.3613,-1,-1,-1
87,16,720.69,458.14,96.00,221.28,0.8552,-1,-1,-1
87,27,424.82,457.03,38.47,93.22,0.3511,-1,-1,-1
87,32,490.07,450.13,36.63,112.27,0.3798,-1,-1,-1
87,34,493.22,452.98,33.55,73.53,0.4233,-1,-1,-1
87,36,464.77,459.54,30.39,95.34,0.3687,-1,-1,-1
87,39,1085.10,450.31,49.97,145.88,0.3805,-1,-1,-1
87,42,551.49,435.50,105.98,351.21,0.6500,-1,-1,-1
88,1,638.91,445.33,84.46,285.68,0.7882,-1,-1,-1
88,3,512.01,440.42,91.17,316.67,0.5395,-1,-1,-1
88,7,1261.85,446.30,35.78,96.52,0.7772,-1,-1,-1
88,8,1004.11,446.01,35.40,77.68,0.4800,-1,-1,-1
88,9,934.35,437.35,31.14,80.01,0.4839,-1,-1,-1
88,13,1850.57,478.16,58.05,175.61,0.5030,-1,-1,-1
88,16,721.51,457.73,96.22,222.24,0.8099,-1,-1,-1
88,34,494.15,453.21,32.57,72.38,0.4717,-1,-1,-1
88,39,1087.40,450.74,49.09,144.00,0.4479,-1,-1,-1
88,42,554.53,434.27,106.53,344.01,0.6245,-1,-1,-1
89,1,640.06,444.60,86.86,287.17,0.7914,-1,-1,-1
89,3,517.33,442.19,86.17,312.34,0.5514,-1,-1,-1
89,7,1261.81,446.33,36.08,96.89,0.8093,-1,-1,-1
89,8,1004.21,446.04,34.78,77.27,0.5054,-1,-1,-1
89,9,934.47,437.40,31.09,79.93,0.5136,-1,-1,-1
89,13,1851.06,478.06,57.61,176.28,0.4287,-1,-1,-1
89,16,723.61,455.16,95.55,223.93,0.8179,-1,-1,-1
89,27,427.11,454.78,38.57,96.62,0.3912,-1,-1,-1
89,34,494.79,453.12,31.74,71.17,0.4667,-1,-1,-1
89,39,1084.73,451.46,50.10,143.75,0.4953,-1,-1,-1
89,40,1883.36,393.71,36.69,235.43,0.3507,-1,-1,-1
89,42,552.14,434.11,108.94,339.84,0.6732,-1,-1,-1
90,1,641.18,444.11,89.07,288.94,0.8123,-1,-1,-1
90,3,513.83,443.69,84.01,309.40,0.4979,-1,-1,-1
90,7,1261.74,445.70,36.32,97.39,0.8134,-1,-1,-1
90,8,1004.52,446.32,34.01,76.72,0.3604,-1,-1,-1
90,9,934.62,437.52,31.11,79.79,0.4706,-1,-1,-1
90,13,1850.70,475.43,57.95,178.01,0.4763,-1,-1,-1
90,16,726.42,453.88,94.28,225.31,0.8087,-1,-1,-1
90,27,427.63,450.85,38.88,98.37,0.3796,-1,-1,-1
90,34,495.20,453.10,30.76,69.72,0.4903,-1,-1,-1
90,39,1082.34,452.03,51.43,143.58,0.6035,-1,-1,-1
90,40,1883.35,393.40,36.53,236.07,0.3515,-1,-1,-1
90,42,550.12,435.44,111.62,338.52,0.7584,-1,-1,-1
91,1,642.35,443.79,91.50,289.84,0.7866,-1,-1,-1
91,3,510.68,444.41,83.57,306.38,0.4584,-1,-1,-1
91,7,1261.33,445.00,36.60,97.97,0.7864,-1,-1,-1
91,8,1004.46,446.35,34.20,76.57,0.5773,-1,-1,-1
91,9,934.70,437.20,31.17,79.96,0.5484,-1,-1,-1
91,13,1851.59,476.97,57.62,177.87,0.3535,-1,-1,-1
91,16,727.38,453.20,94.12,226.10,0.8263,-1,-1,-1
91,27,428.81,449.04,37.98,92.57,0.3744,-1,-1,-1
91,34,495.13,453.38,30.13,68.70,0.5278,-1,-1,-1
91,39,1082.03,452.03,51.64,143.03,0.5430,-1,-1,-1
91,41,523.88,437.36,60.99,150.53,0.3999,-1,-1,-1
91,42,549.95,438.64,113.02,341.21,0.7873,-1,-1,-1
92,1,643.09,444.83,93.40,291.02,0.7913,-1,-1,-1
92,3,510.27,445.15,82.99,303.86,0.4735,-1,-1,-1
92,7,1260.99,443.98,36.78,98.87,0.7933,-1,-1,-1
92,8,1005.52,446.54,34.03,76.36,0.5666,-1,-1,-1
92,9,934.74,437.75,31.14,79.62,0.4487,-1,-1,-1
92,16,731.85,451.99,92.52,227.35,0.8493,-1,-1,-1
92,27,429.19,453.15,38.26,94.96,0.3715,-1,-1,-1
92,34,492.94,456.76,31.22,73.10,0.4093,-1,-1,-1
92,36,461.90,464.38,30.57,97.85,0.4107,-1,-1,-1
92,39,1081.03,450.78,52.23,143.70,0.4874,-1,-1,-1
92,41,524.53,443.29,59.46,137.63,0.3895,-1,-1,-1
92,42,551.10,439.23,114.15,342.40,0.7963,-1,-1,-1
93,1,643.20,445.37,94.64,292.59,0.7961,-1,-1,-1
93,3,509.91,445.85,82.89,301.93,0.5140,-1,-1,-1
93,7,1260.17,444.23,37.30,99.13,0.7970,-1,-1,-1
93,8,1005.74,446.51,33.43,76.25,0.5047,-1,-1,-1
93,9,934.62,437.46,31.29,79.75,0.4890,-1,-1,-1
93,13,1851.72,476.69,57.70,178.35,0.3843,-1,-1,-1
93,16,735.04,451.26,90.70,228.40,0.8707,-1,-1,-1
93,34,491.42,457.71,32.02,76.97,0.3730,-1,-1,-1
93,36,459.24,461.06,32.46,102.25,0.4958,-1,-1,-1
93,39,1081.17,450.60,52.16,144.09,0.4683,-1,-1,-1
93,41,524.61,446.67,58.02,129.00,0.3888,-1,-1,-1
93,42,551.17,439.18,114.88,342.27,0.7805,-1,-1,-1
94,1,642.82,445.32,94.86,293.59,0.7782,-1,-1,-1
94,3,511.12,446.18,82.18,300.28,0.5245,-1,-1,-1
94,7,1259.76,444.09,37.44,99.35,0.7546,-1,-1,-1
94,8,1005.77,446.76,33.44,76.20,0.5845,-1,-1,-1
94,9,934.68,437.37,31.32,79.84,0.5136,-1,-1,-1
94,16,738.41,451.66,88.54,228.75,0.8673,-1,-1,-1
94,27,429.64,455.59,38.64,97.99,0.4067,-1,-1,-1
94,36,458.69,459.84,33.09,104.57,0.4333,-1,-1,-1
94,39,1081.47,447.10,52.08,146.76,0.4516,-1,-1,-1
94,41,525.27,449.63,56.32,124.02,0.4323,-1,-1,-1
94,42,550.74,440.88,115.61,344.45,0.7827,-1,-1,-1
95,1,642.06,445.93,94.21,293.17,0.8055,-1,-1,-1
95,3,512.93,446.28,82.03,298.71,0.5541,-1,-1,-1
95,7,1258.61,443.35,38.29,99.95,0.7777,-1,-1,-1
95,8,1005.71,447.12,33.34,76.32,0.6581,-1,-1,-1
95,9,934.56,437.16,31.43,79.92,0.4961,-1,-1,-1
95,16,741.62,451.42,86.05,229.56,0.8645,-1,-1,-1
95,27,429.26,455.39,38.45,99.47,0.4431,-1,-1,-1
95,36,458.13,458.45,33.10,105.77,0.4355,-1,-1,-1
95,39,1080.18,448.09,52.86,146.70,0.4543,-1,-1,-1
95,42,553.44,443.96,114.49,349.95,0.7890,-1,-1,-1
96,1,643.47,445.19,94.43,294.18,0.7853,-1,-1,-1
96,3,511.12,446.46,82.32,297.58,0.5245,-1,-1,-1
96,7,1258.07,443.35,38.64,100.17,0.7783,-1,-1,-1
96,8,1004.92,447.28,33.35,76.16,0.4446,-1,-1,-1
96,9,934.51,437.11,31.47,79.94,0.4913,-1,-1,-1
96,16,744.79,452.00,83.57,230.00,0.8566,-1,-1,-1
96,36,458.48,459.90,33.07,105.90,0.4708,-1,-1,-1
96,39,1080.44,447.86,53.38,147.32,0.5140,-1,-1,-1
96,41,526.16,454.73,53.54,118.11,0.4655,-1,-1,-1
96,42,552.11,443.70,115.28,355.58,0.7926,-1,-1,-1
97,1,645.26,444.72,94.71,294.71,0.7855,-1,-1,-1
97,3,511.20,446.70,82.24,297.00,0.5698,-1,-1,-1
97,7,1257.84,443.48,38.89,100.15,0.7732,-1,-1,-1
97,8,1004.10,447.34,33.51,76.01,0.5445,-1,-1,-1
97,9,934.55,437.15,31.43,79.91,0.5465,-1,-1,-1
97,13,1850.71,468.31,58.82,183.96,0.3830,-1,-1,-1
97,16,747.45,452.55,82.27,230.40,0.8542,-1,-1,-1
97,36,456.38,459.83,34.47,106.69,0.5064,-1,-1,-1
97,39,1080.39,448.53,53.92,147.26,0.5151,-1,-1,-1
97,41,525.46,455.36,54.56,120.61,0.4291,-1,-1,-1
97,42,551.00,441.80,115.87,360.15,0.8070,-1,-1,-1
98,1,644.68,443.51,96.18,295.54,0.7981,-1,-1,-1
98,3,510.78,446.63,82.80,296.63,0.5472,-1,-1,-1
98,7,1257.17,442.64,39.42,100.69,0.7851,-1,-1,-1
98,8,1003.68,447.28,33.75,75.80,0.4921,-1,-1,-1
98,9,934.47,437.20,31.44,79.64,0.4382,-1,-1,-1
98,16,749.09,453.01,81.19,231.38,0.8518,-1,-1,-1
98,36,456.73,460.70,34.20,106.53,0.5471,-1,-1,-1
98,39,1079.80,446.89,54.28,148.35,0.4489,-1,-1,-1
98,41,524.94,454.36,54.86,119.52,0.4485,-1,-1,-1
98,42,549.63,439.48,116.46,361.42,0.7863,-1,-1,-1
99,1,646.33,443.43,96.88,296.08,0.8022,-1,-1,-1
99,3,515.61,447.94,82.30,296.87,0.5972,-1,-1,-1
99,7,1256.82,443.48,39.60,100.47,0.7942,-1,-1,-1
99,8,1003.79,447.17,34.30,75.90,0.5817,-1,-1,-1
99,9,934.79,437.41,31.48,79.53,0.4498,-1,-1,-1
99,15,1098.57,442.56,39.01,104.97,0.3983,-1,-1,-1
99,16,751.57,453.80,80.57,232.31,0.8679,-1,-1,-1
99,36,456.90,462.98,34.11,105.06,0.5626,-1,-1,-1
99,42,558.35,439.89,111.01,361.72,0.7661,-1,-1,-1
100,1,648.25,442.82,98.75,296.97,0.8163,-1,-1,-1
100,3,512.47,447.87,84.06,297.18,0.5757,-1,-1,-1
100,7,1256.27,444.00,39.35,100.22,0.7908,-1,-1,-1
100,8,1003.70,447.05,34.35,76.02,0.6130,-1,-1,-1
100,9,935.18,437.59,31.61,79.33,0.4591,-1,-1,-1
100,15,1098.99,441.09,38.79,107.10,0.3756,-1,-1,-1
100,16,753.63,453.06,79.65,232.87,0.8390,-1,-1,-1
100,36,455.51,463.59,34.94,104.22,0.5789,-1,-1,-1
100,41,526.10,454.34,53.74,115.21,0.3651,-1,-1,-1
100,42,555.15,438.24,111.95,364.80,0.8120,-1,-1,-1
101,1,649.36,442.82,100.27,297.67,0.8332,-1,-1,-1
101,3,509.74,447.85,85.21,297.83,0.5932,-1,-1,-1
101,7,1256.16,443.99,39.36,100.12,0.7868,-1,-1,-1
101,8,1003.54,447.01,34.45,76.17,0.6762,-1,-1,-1
101,9,935.32,437.26,31.73,79.57,0.5001,-1,-1,-1
101,15,1099.99,440.05,38.32,108.90,0.3864,-1,-1,-1
101,16,755.23,453.71,78.91,233.33,0.7959,-1,-1,-1
101,36,455.00,463.44,35.39,103.88,0.5924,-1,-1,-1
101,42,553.83,437.65,112.84,367.04,0.8136,-1,-1,-1
102,1,650.15,442.36,101.65,298.04,0.8464,-1,-1,-1
102,3,506.87,447.39,86.55,299.09,0.5715,-1,-1,-1
102,7,1255.72,444.89,38.91,99.63,0.8032,-1,-1,-1
102,8,1003.93,446.88,34.35,76.57,0.7006,-1,-1,-1
102,9,935.38,437.46,31.91,79.58,0.4336,-1,-1,-1
102,16,756.42,454.17,78.47,233.83,0.8415,-1,-1,-1
102,36,455.66,462.93,35.29,104.10,0.5877,-1,-1,-1
102,41,528.09,455.33,54.78,117.22,0.3734,-1,-1,-1
102,42,550.53,436.22,115.73,369.36,0.8367,-1,-1,-1
103,1,651.26,441.83,102.77,298.40,0.8632,-1,-1,-1
103,3,510.64,447.75,84.84,301.16,0.4638,-1,-1,-1
103,7,1254.79,444.86,39.71,99.53,0.7862,-1,-1,-1
103,8,1004.09,446.96,34.17,76.84,0.6892,-1,-1,-1
103,9,935.39,437.47,31.97,79.66,0.4555,-1,-1,-1
103,15,1101.69,442.20,36.29,107.14,0.4344,-1,-1,-1
103,16,758.31,454.43,78.66,234.23,0.8048,-1,-1,-1
103,32,490.52,452.79,46.14,139.03,0.4974,-1,-1,-1
103,36,455.88,463.18,34.95,104.09,0.5506,-1,-1,-1
103,38,1101.35,439.40,37.03,149.58,0.4764,-1,-1,-1
103,41,528.22,453.35,56.79,121.03,0.4741,-1,-1,-1
103,42,547.92,435.00,117.93,370.67,0.8142,-1,-1,-1
104,1,652.34,441.66,102.67,298.38,0.8648,-1,-1,-1
104,3,512.33,447.79,83.33,304.23,0.3505,-1,-1,-1
104,7,1253.60,444.91,39.99,99.54,0.7765,-1,-1,-1
104,8,1003.94,446.73,33.76,77.04,0.6596,-1,-1,-1
104,9,934.95,437.50,32.05,79.57,0.4664,-1,-1,-1
104,13,1841.67,467.39,66.92,185.60,0.3512,-1,-1,-1
104,15,1102.22,441.14,35.52,108.22,0.5130,-1,-1,-1
104,16,760.58,455.42,79.80,235.86,0.7951,-1,-1,-1
104,32,490.16,452.92,46.92,140.60,0.4556,-1,-1,-1
104,36,452.55,463.13,36.25,104.39,0.6193,-1,-1,-1
104,41,529.03,452.10,56.97,119.78,0.4163,-1,-1,-1
104,42,544.38,434.07,120.74,372.04,0.8297,-1,-1,-1
105,1,655.07,442.48,102.46,298.89,0.8637,-1,-1,-1
105,7,1252.72,445.28,37.70,99.08,0.6921,-1,-1,-1
105,8,1003.57,446.48,33.47,77.09,0.5288,-1,-1,-1
105,9,934.67,437.21,32.15,79.64,0.4314,-1,-1,-1
105,15,1102.57,441.34,35.02,108.68,0.5707,-1,-1,-1
105,16,761.93,455.69,81.08,237.52,0.7951,-1,-1,-1
105,36,450.87,462.22,36.96,105.20,0.4660,-1,-1,-1
105,42,542.06,433.35,123.63,373.28,0.8123,-1,-1,-1
106,1,658.44,442.34,103.03,299.44,0.8762,-1,-1,-1
106,3,512.72,448.26,81.80,307.08,0.3576,-1,-1,-1
106,7,1252.19,445.05,37.22,99.44,0.6741,-1,-1,-1
106,8,1003.76,446.40,33.24,77.31,0.5491,-1,-1,-1
106,9,934.63,437.01,32.19,79.79,0.4576,-1,-1,-1
106,13,1842.52,467.82,68.24,184.28,0.3900,-1,-1,-1
106,15,1102.98,441.20,34.67,108.62,0.4615,-1,-1,-1
106,16,762.66,456.19,82.34,238.43,0.7702,-1,-1,-1
106,36,448.29,461.91,37.71,105.75,0.5436,-1,-1,-1
106,38,1101.78,441.67,35.93,148.95,0.3595,-1,-1,-1
106,42,541.82,433.93,125.70,372.71,0.8187,-1,-1,-1
107,1,661.39,442.34,103.83,299.97,0.8793,-1,-1,-1
107,3,514.35,448.25,80.80,308.37,0.4554,-1,-1,-1
107,7,1251.75,445.28,35.95,99.28,0.6959,-1,-1,-1
107,8,1003.92,446.27,33.18,77.32,0.5762,-1,-1,-1
107,9,935.03,437.30,32.65,79.94,0.4503,-1,-1,-1
107,15,1103.38,439.53,34.49,109.78,0.4035,-1,-1,-1
107,16,762.79,456.09,82.47,239.94,0.8071,-1,-1,-1
107,36,445.83,461.29,38.47,106.32,0.5133,-1,-1,-1
107,42,542.75,433.85,127.15,371.73,0.8092,-1,-1,-1
108,1,662.67,442.34,104.00,300.85,0.8672,-1,-1,-1
108,3,512.96,448.48,82.65,307.51,0.4671,-1,-1,-1
108,7,1251.78,445.53,35.15,99.23,0.7114,-1,-1,-1
108,9,935.26,437.76,33.36,80.28,0.3652,-1,-1,-1
108,16,762.65,454.95,82.63,241.75,0.7860,-1,-1,-1
108,32,488.26,451.21,49.85,138.21,0.3994,-1,-1,-1
108,36,443.12,459.55,39.79,107.46,0.5343,-1,-1,-1
108,42,546.08,433.21,128.21,372.26,0.7937,-1,-1,-1
109,1,663.19,442.66,103.98,302.28,0.8589,-1,-1,-1
109,3,512.78,448.95,83.36,306.46,0.4676,-1,-1,-1
109,7,1252.05,445.92,34.27,98.99,0.7122,-1,-1,-1
109,8,1004.54,446.83,33.33,77.16,0.3793,-1,-1,-1
109,9,935.10,437.23,33.86,80.74,0.4131,-1,-1,-1
109,15,1103.41,438.11,34.35,108.91,0.3905,-1,-1,-1
109,16,762.89,454.10,82.86,243.30,0.7950,-1,-1,-1
109,32,488.20,450.73,50.58,132.97,0.3965,-1,-1,-1
109,36,441.77,458.63,41.33,108.41,0.4834,-1,-1,-1
109,42,549.42,433.55,129.33,372.80,0.8195,-1,-1,-1
110,1,664.17,442.87,103.91,303.68,0.8758,-1,-1,-1
110,3,517.44,452.81,82.65,304.75,0.4400,-1,-1,-1
110,7,1252.09,445.90,34.14,98.93,0.7322,-1,-1,-1
110,9,934.83,437.10,34.15,80.98,0.4472,-1,-1,-1
110,15,1102.29,437.01,34.95,108.97,0.4457,-1,-1,-1
110,16,762.52,452.24,83.61,245.17,0.7812,-1,-1,-1
110,32,489.69,447.50,49.93,124.77,0.3655,-1,-1,-1
110,36,440.45,457.23,42.42,107.48,0.4312,-1,-1,-1
110,42,549.27,434.64,132.49,374.15,0.8261,-1,-1,-1
111,1,665.76,442.94,104.23,304.92,0.8780,-1,-1,-1
111,3,521.71,457.72,80.16,300.98,0.4380,-1,-1,-1
111,7,1250.78,445.79,34.47,99.18,0.7488,-1,-1,-1
111,8,1004.42,449.61,33.14,75.10,0.3854,-1,-1,-1
111,9,934.63,436.92,34.44,81.35,0.4840,-1,-1,-1
111,15,1102.22,437.29,35.02,108.81,0.4467,-1,-1,-1
111,16,762.08,452.02,84.36,246.06,0.7882,-1,-1,-1
111,32,489.84,447.10,49.26,120.45,0.4183,-1,-1,-1
111,42,550.69,434.89,134.32,375.63,0.8402,-1,-1,-1
112,1,667.12,442.82,104.90,306.30,0.8824,-1,-1,-1
112,3,525.18,457.14,77.68,299.50,0.5033,-1,-1,-1
112,7,1248.62,444.92,35.39,99.67,0.7871,-1,-1,-1
112,8,1004.26,450.40,33.58,74.11,0.4651,-1,-1,-1
112,9,934.49,436.75,34.74,81.53,0.4730,-1,-1,-1
112,15,1103.25,437.53,34.54,108.76,0.4400,-1,-1,-1
112,16,762.44,451.78,84.84,246.40,0.8008,-1,-1,-1
112,32,489.31,447.73,48.47,117.49,0.4705,-1,-1,-1
112,42,547.90,435.93,135.97,377.53,0.8438,-1,-1,-1
112,44,528.30,452.01,31.12,75.20,0.5040,-1,-1,-1
113,1,668.06,443.23,104.93,307.96,0.8806,-1,-1,-1
113,3,517.77,454.11,81.69,303.08,0.3730,-1,-1,-1
113,7,1246.34,444.34,36.47,99.90,0.7744,-1,-1,-1
113,8,1003.57,451.12,34.15,73.24,0.5060,-1,-1,-1
113,9,934.70,436.84,34.96,81.43,0.6249,-1,-1,-1
113,15,1104.21,439.13,33.95,108.41,0.4070,-1,-1,-1
113,16,762.86,451.05,83.93,246.64,0.7866,-1,-1,-1
113,32,488.57,449.55,48.17,114.79,0.6142,-1,-1,-1
113,42,546.17,435.93,138.48,379.19,0.8364,-1,-1,-1
113,44,528.68,455.29,29.40,74.65,0.4601,-1,-1,-1
114,1,668.50,443.03,104.13,308.94,0.8705,-1,-1,-1
114,3,520.62,451.66,80.32,304.15,0.4448,-1,-1,-1
114,7,1246.03,444.51,36.22,99.79,0.7223,-1,-1,-1
114,8,1004.27,451.31,34.15,72.78,0.4914,-1,-1,-1
114,9,935.38,436.89,35.05,81.28,0.5897,-1,-1,-1
114,15,1104.46,437.39,33.60,109.89,0.3916,-1,-1,-1
114,16,764.57,450.15,82.46,246.66,0.7906,-1,-1,-1
114,27,445.42,467.14,39.68,99.53,0.3540,-1,-1,-1
114,32,488.06,450.65,47.89,113.37,0.5895,-1,-1,-1
114,39,1087.88,435.08,50.58,145.81,0.3676,-1,-1,-1
114,42,544.24,435.97,141.54,380.62,0.8384,-1,-1,-1
114,44,529.02,455.39,28.52,74.04,0.5603,-1,-1,-1
115,1,668.80,442.90,103.64,310.05,0.8796,-1,-1,-1
115,3,526.26,451.33,76.23,304.38,0.3901,-1,-1,-1
115,7,1245.26,444.05,36.29,99.60,0.7523,-1,-1,-1
115,8,1004.80,451.48,34.29,72.51,0.4404,-1,-1,-1
115,9,935.98,437.07,35.03,81.51,0.6339,-1,-1,-1
115,16,764.95,450.81,81.93,246.65,0.8061,-1,-1,-1
115,27,445.17,464.87,39.25,101.74,0.3785,-1,-1,-1
115,32,490.13,451.08,46.58,112.79,0.6203,-1,-1,-1
115,42,544.85,435.54,143.10,381.31,0.8446,-1,-1,-1
115,44,529.41,453.72,27.95,73.60,0.5890,-1,-1,-1
116,1,669.72,442.74,102.75,310.89,0.8732,-1,-1,-1
116,7,1244.26,444.55,36.21,99.16,0.7915,-1,-1,-1
116,9,936.59,437.34,34.95,81.28,0.6868,-1,-1,-1
116,16,767.41,450.64,83.01,247.50,0.8454,-1,-1,-1
116,32,490.06,451.06,46.04,111.64,0.6208,-1,-1,-1
116,39,1082.11,440.92,52.87,150.01,0.4610,-1,-1,-1
116,42,544.83,435.30,144.19,382.23,0.8309,-1,-1,-1
116,44,529.44,453.91,27.83,73.39,0.6099,-1,-1,-1
117,1,669.74,443.13,101.50,311.94,0.8665,-1,-1,-1
117,7,1243.40,444.56,35.68,98.56,0.7713,-1,-1,-1
117,8,1005.68,452.16,33.51,71.66,0.4197,-1,-1,-1
117,9,937.04,437.41,34.94,81.04,0.6479,-1,-1,-1
117,16,768.50,451.07,83.47,248.15,0.8100,-1,-1,-1
117,32,491.37,452.46,44.86,113.18,0.5108,-1,-1,-1
117,39,1080.44,443.25,55.07,150.02,0.5620,-1,-1,-1
117,42,543.03,435.14,145.55,381.82,0.8582,-1,-1,-1
117,44,529.75,453.68,27.92,74.12,0.6264,-1,-1,-1
118,1,670.78,443.31,101.41,313.11,0.8522,-1,-1,-1
118,7,1241.77,444.36,35.54,98.29,0.7459,-1,-1,-1
118,9,937.34,437.41,34.94,81.08,0.5747,-1,-1,-1
118,13,1847.27,483.24,62.26,174.50,0.3795,-1,-1,-1
118,16,768.90,450.62,83.08,247.66,0.7800,-1,-1,-1
118,32,490.53,452.55,44.33,114.51,0.4274,-1,-1,-1
118,39,1080.21,444.50,55.84,147.75,0.5832,-1,-1,-1
118,42,540.47,435.88,148.19,381.67,0.8426,-1,-1,-1
118,44,529.75,453.38,28.43,75.05,0.6231,-1,-1,-1
119,1,670.72,444.63,100.22,316.09,0.8476,-1,-1,-1
119,7,1241.11,443.61,34.55,98.88,0.7670,-1,-1,-1
119,8,1009.21,451.93,31.61,71.01,0.5315,-1,-1,-1
119,9,937.76,438.00,35.30,82.01,0.6310,-1,-1,-1
119,16,771.81,451.44,85.12,247.62,0.7549,-1,-1,-1
119,32,490.73,452.26,43.70,115.26,0.5409,-1,-1,-1
119,36,438.27,459.84,42.20,106.67,0.4598,-1,-1,-1
119,39,1079.62,446.44,56.47,145.60,0.5615,-1,-1,-1
119,42,537.61,438.15,149.42,383.67,0.8180,-1,-1,-1
119,44,529.50,453.65,28.54,74.73,0.5905,-1,-1,-1
120,1,673.98,443.97,99.79,317.18,0.8386,-1,-1,-1
120,7,1240.22,443.66,33.88,99.24,0.7796,-1,-1,-1
120,8,1010.38,451.66,30.78,70.87,0.4692,-1,-1,-1
120,9,937.65,437.95,35.79,82.55,0.5583,-1,-1,-1
120,16,773.51,448.76,87.96,249.03,0.7720,-1,-1,-1
120,32,490.47,452.16,43.51,116.37,0.5264,-1,-1,-1
120,36,436.88,460.03,41.94,105.88,0.4970,-1,-1,-1
120,39,1080.04,448.73,56.53,145.16,0.5863,-1,-1,-1
120,42,536.27,438.81,151.40,383.65,0.8201,-1,-1,-1
120,44,529.47,453.44,28.55,74.53,0.5355,-1,-1,-1
121,1,675.80,444.25,99.25,318.84,0.8584,-1,-1,-1
121,7,1239.40,443.65,33.36,99.53,0.8046,-1,-1,-1
121,8,1011.13,451.72,30.05,70.82,0.5002,-1,-1,-1
121,9,937.64,438.21,36.40,83.66,0.5331,-1,-1,-1
121,16,775.18,448.27,91.83,250.06,0.7657,-1,-1,-1
121,32,490.66,452.11,43.13,117.49,0.5917,-1,-1,-1
121,36,436.99,461.45,41.62,105.01,0.4698,-1,-1,-1
121,39,1080.40,449.11,56.30,144.44,0.5526,-1,-1,-1
121,42,537.13,440.77,152.75,385.97,0.8166,-1,-1,-1
121,44,529.34,452.42,28.65,74.93,0.5059,-1,-1,-1
122,1,678.75,443.38,100.58,320.36,0.8524,-1,-1,-1
122,7,1238.68,443.89,32.94,99.62,0.8035,-1,-1,-1
122,8,1010.72,451.56,29.72,70.99,0.3706,-1,-1,-1
122,9,937.79,437.74,36.99,83.91,0.4826,-1,-1,-1
122,16,776.46,448.79,95.61,250.76,0.7747,-1,-1,-1
122,32,490.21,452.06,42.72,118.50,0.5797,-1,-1,-1
122,39,1080.09,450.39,56.45,143.93,0.5739,-1,-1,-1
122,42,539.22,441.70,153.73,388.62,0.7855,-1,-1,-1
122,44,529.34,451.99,28.62,75.01,0.5612,-1,-1,-1
123,1,679.92,442.71,100.97,321.67,0.8685,-1,-1,-1
123,7,1239.11,444.37,32.10,99.16,0.7559,-1,-1,-1
123,8,1008.26,451.93,31.63,70.91,0.4171,-1,-1,-1
123,9,939.68,438.26,37.55,85.12,0.3999,-1,-1,-1
123,16,778.51,449.65,98.89,250.63,0.7287,-1,-1,-1
123,32,489.69,453.32,42.70,118.77,0.6876,-1,-1,-1
123,36,435.99,463.08,39.96,103.10,0.3700,-1,-1,-1
123,39,1080.41,449.72,55.56,144.67,0.6423,-1,-1,-1
123,42,540.22,440.84,155.38,391.67,0.7669,-1,-1,-1
123,44,529.54,452.19,28.71,75.10,0.6238,-1,-1,-1
124,1,680.25,441.89,99.91,323.07,0.8718,-1,-1,-1
124,7,1238.52,446.33,31.90,97.82,0.7443,-1,-1,-1
124,9,940.70,438.28,38.61,85.95,0.4120,-1,-1,-1
124,16,778.97,450.31,99.75,250.66,0.7587,-1,-1,-1
124,27,441.11,467.25,33.27,96.91,0.3528,-1,-1,-1
124,32,489.38,454.04,42.65,118.91,0.7389,-1,-1,-1
124,36,434.19,463.54,40.05,102.78,0.3591,-1,-1,-1
124,39,1079.95,449.95,55.65,144.41,0.6280,-1,-1,-1
124,42,545.92,439.96,153.94,394.28,0.7820,-1,-1,-1
124,44,529.90,452.15,28.54,74.83,0.6429,-1,-1,-1
125,1,680.87,440.98,98.37,324.17,0.8752,-1,-1,-1
125,7,1235.58,448.40,33.09,96.25,0.6648,-1,-1,-1
125,9,942.08,437.92,39.29,86.60,0.4621,-1,-1,-1
125,16,781.17,451.02,101.13,251.43,0.7987,-1,-1,-1
125,32,489.75,452.56,42.33,119.13,0.7049,-1,-1,-1
125,39,1079.74,450.83,55.84,144.02,0.6056,-1,-1,-1
125,42,548.62,439.73,153.21,396.42,0.8021,-1,-1,-1
125,44,530.09,452.85,28.16,74.17,0.6764,-1,-1,-1
126,1,682.26,440.09,97.53,325.17,0.8718,-1,-1,-1
126,7,1232.36,449.17,34.80,95.40,0.6933,-1,-1,-1
126,9,944.24,438.44,39.28,86.94,0.5633,-1,-1,-1
126,16,781.82,451.25,101.04,252.35,0.8009,-1,-1,-1
126,20,1163.74,438.73,27.48,87.86,0.3563,-1,-1,-1
126,32,485.74,451.00,44.00,118.91,0.6091,-1,-1,-1
126,39,1080.54,450.60,55.84,143.31,0.5971,-1,-1,-1
126,42,552.26,438.67,152.99,397.73,0.8296,-1,-1,-1
126,44,529.63,453.23,28.09,73.86,0.6873,-1,-1,-1
127,1,683.65,439.51,97.06,326.52,0.8529,-1,-1,-1
127,7,1228.53,448.02,36.99,96.41,0.7143,-1,-1,-1
127,9,945.70,439.08,39.12,86.92,0.6309,-1,-1,-1
127,13,1848.65,484.35,59.93,171.33,0.3788,-1,-1,-1
127,16,782.66,452.88,100.40,252.77,0.8450,-1,-1,-1
127,32,486.17,450.38,44.15,118.44,0.6191,-1,-1,-1
127,39,1081.06,450.43,55.74,142.78,0.5703,-1,-1,-1
127,42,553.83,437.95,153.49,398.35,0.8244,-1,-1,-1
127,44,528.92,453.75,27.80,73.23,0.7032,-1,-1,-1
127,47,836.69,445.21,55.52,132.74,0.3888,-1,-1,-1
128,1,684.20,438.51,96.15,325.85,0.8389,-1,-1,-1
128,7,1225.67,447.32,38.84,97.15,0.7383,-1,-1,-1
128,9,947.63,439.04,38.33,86.92,0.5723,-1,-1,-1
128,13,1849.04,482.89,59.02,171.47,0.4559,-1,-1,-1
128,16,785.45,453.25,98.84,253.24,0.8351,-1,-1,-1
128,32,486.20,450.20,44.22,118.38,0.6363,-1,-1,-1
128,36,436.70,464.30,44.30,103.79,0.4190,-1,-1,-1
128,39,1081.07,451.25,55.96,142.53,0.6287,-1,-1,-1
128,42,555.27,437.13,154.22,398.76,0.8380,-1,-1,-1
128,44,528.56,452.88,27.57,73.36,0.6943,-1,-1,-1
129,1,684.57,437.90,95.41,325.61,0.8341,-1,-1,-1
129,7,1223.40,445.69,40.62,98.42,0.6840,-1,-1,-1
129,9,948.97,438.35,37.71,87.75,0.6249,-1,-1,-1
129,13,1845.81,480.67,61.48,171.26,0.3886,-1,-1,-1
129,16,787.88,456.56,97.20,251.96,0.8605,-1,-1,-1
129,39,1082.83,451.16,55.78,142.57,0.5627,-1,-1,-1
129,42,560.52,436.67,152.86,399.06,0.8261,-1,-1,-1
129,44,528.58,452.35,27.75,73.76,0.7608,-1,-1,-1
129,47,842.67,443.64,59.55,144.39,0.3835,-1,-1,-1
130,1,683.65,439.21,95.32,327.43,0.8271,-1,-1,-1
130,7,1222.11,445.01,42.08,99.35,0.6358,-1,-1,-1
130,9,950.50,436.86,36.98,88.54,0.6533,-1,-1,-1
130,13,1848.44,482.61,60.01,170.87,0.3529,-1,-1,-1
130,16,789.83,456.86,95.84,251.67,0.8669,-1,-1,-1
130,32,487.58,449.83,43.98,118.55,0.6073,-1,-1,-1
130,39,1084.05,451.74,56.64,142.56,0.6332,-1,-1,-1
130,42,566.10,435.74,150.33,400.67,0.8277,-1,-1,-1
130,44,528.62,452.10,28.00,74.15,0.7369,-1,-1,-1
131,1,685.30,439.21,96.72,329.03,0.8193,-1,-1,-1
131,7,1221.79,448.65,43.29,97.07,0.5226,-1,-1,-1
131,9,951.64,436.09,36.01,89.11,0.6274,-1,-1,-1
131,16,792.19,458.68,94.40,250.32,0.8765,-1,-1,-1
131,32,487.88,449.76,43.63,119.11,0.4284,-1,-1,-1
131,39,1084.62,451.92,58.14,142.46,0.5024,-1,-1,-1
131,42,569.71,435.88,149.16,401.80,0.8377,-1,-1,-1
131,44,528.82,451.95,28.46,74.40,0.7120,-1,-1,-1
132,1,686.34,438.15,97.52,330.28,0.8238,-1,-1,-1
132,7,1221.24,447.46,44.26,97.52,0.5581,-1,-1,-1
132,9,952.94,435.43,35.24,88.83,0.5963,-1,-1,-1
132,16,794.70,458.05,92.85,250.17,0.8801,-1,-1,-1
132,32,487.19,450.51,44.18,120.13,0.6019,-1,-1,-1
132,39,1085.80,451.81,58.31,142.46,0.4836,-1,-1,-1
132,42,572.75,435.76,148.11,402.39,0.8356,-1,-1,-1
132,44,528.78,452.17,28.80,74.48,0.7041,-1,-1,-1
133,1,686.94,437.36,98.28,331.16,0.8338,-1,-1,-1
133,7,1220.29,453.48,44.72,93.76,0.4403,-1,-1,-1
133,8,1007.44,450.57,32.90,71.94,0.3892,-1,-1,-1
133,9,953.66,435.34,34.58,89.27,0.5901,-1,-1,-1
133,13,1848.63,483.85,59.58,170.51,0.3725,-1,-1,-1
133,16,796.66,458.62,91.21,249.54,0.8894,-1,-1,-1
133,32,488.22,451.58,43.98,119.29,0.6305,-1,-1,-1
133,39,1085.33,451.12,57.82,142.88,0.5716,-1,-1,-1
133,40,1883.24,392.10,36.44,240.01,0.3583,-1,-1,-1
133,42,573.12,435.64,147.96,402.51,0.8542,-1,-1,-1
133,44,528.85,452.10,28.81,74.55,0.6820,-1,-1,-1
134,1,689.39,436.42,98.13,331.12,0.8244,-1,-1,-1
134,7,1219.77,450.88,44.68,94.70,0.4988,-1,-1,-1
134,9,954.60,435.39,33.51,89.69,0.5604,-1,-1,-1
134,16,797.81,454.89,91.25,251.15,0.8578,-1,-1,-1
134,27,432.49,470.96,37.32,95.35,0.3743,-1,-1,-1
134,32,488.69,451.25,43.52,119.24,0.5591,-1,-1,-1
134,39,1085.11,450.30,57.19,143.36,0.4887,-1,-1,-1
134,42,573.43,435.99,148.17,402.82,0.8586,-1,-1,-1
134,44,528.32,451.79,28.30,74.49,0.6248,-1,-1,-1
135,1,689.19,435.20,99.65,330.89,0.8105,-1,-1,-1
135,7,1218.68,449.55,43.50,95.43,0.6519,-1,-1,-1
135,8,1006.49,449.27,33.59,73.02,0.3802,-1,-1,-1
135,9,955.17,435.18,32.81,89.46,0.5713,-1,-1,-1
135,16,798.81,452.19,90.53,253.54,0.8167,-1,-1,-1
135,27,430.51,469.94,38.05,96.55,0.4349,-1,-1,-1
135,32,488.20,451.23,43.81,120.17,0.5870,-1,-1,-1
135,36,453.39,455.55,38.24,101.66,0.3892,-1,-1,-1
135,39,1085.68,450.12,57.35,143.83,0.6050,-1,-1,-1
135,42,574.15,437.39,148.45,404.71,0.8542,-1,-1,-1
135,43,1702.39,431.22,83.45,151.07,0.4406,-1,-1,-1
135,44,528.06,451.99,27.96,74.49,0.6367,-1,-1,-1
136,1,689.83,434.52,99.84,329.94,0.8105,-1,-1,-1
136,7,1217.61,448.07,42.04,96.19,0.4572,-1,-1,-1
136,9,955.46,435.57,32.54,89.78,0.5639,-1,-1,-1
136,16,800.42,450.78,89.81,255.37,0.8162,-1,-1,-1
136,27,428.86,468.80,39.28,97.76,0.4625,-1,-1,-1
136,32,487.32,451.25,44.15,121.18,0.6643,-1,-1,-1
136,36,455.64,453.06,36.60,101.09,0.5236,-1,-1,-1
136,39,1085.97,448.43,57.00,144.97,0.5269,-1,-1,-1
136,42,573.03,436.29,148.93,406.60,0.8755,-1,-1,-1
136,43,1703.40,431.11,83.49,150.77,0.4761,-1,-1,-1
136,44,527.63,451.83,27.66,74.51,0.6390,-1,-1,-1
137,1,692.82,433.56,98.96,328.43,0.8116,-1,-1,-1
137,7,1216.12,447.50,39.70,96.59,0.6512,-1,-1,-1
137,9,955.83,435.80,32.43,89.81,0.5135,-1,-1,-1
137,16,803.51,449.36,89.62,257.79,0.7916,-1,-1,-1
137,32,486.14,450.90,45.08,119.54,0.5892,-1,-1,-1
137,36,456.72,452.52,35.25,100.61,0.4787,-1,-1,-1
137,39,1086.11,447.94,56.02,144.51,0.4293,-1,-1,-1
137,42,572.89,437.36,149.40,410.32,0.8871,-1,-1,-1
137,44,527.48,452.37,27.95,74.37,0.6161,-1,-1,-1
137,50,557.04,452.45,28.71,73.78,0.4847,-1,-1,-1
138,1,694.20,433.53,100.05,327.26,0.8126,-1,-1,-1
138,7,1216.12,446.76,38.10,97.16,0.6997,-1,-1,-1
138,9,956.68,436.05,32.73,90.04,0.6023,-1,-1,-1
138,16,806.77,449.15,89.36,258.77,0.8143,-1,-1,-1
138,32,484.51,450.40,46.12,117.78,0.4827,-1,-1,-1
138,36,458.55,453.22,33.40,100.35,0.4136,-1,-1,-1
138,39,1085.11,447.25,54.57,144.54,0.4274,-1,-1,-1
138,42,572.13,437.33,150.18,414.80,0.8864,-1,-1,-1
138,44,527.02,452.71,28.00,74.25,0.6525,-1,-1,-1
138,47,859.90,461.39,58.27,202.61,0.3715,-1,-1,-1
139,1,695.77,433.19,100.80,325.79,0.7815,-1,-1,-1
139,7,1215.94,446.54,37.07,97.49,0.7398,-1,-1,-1
139,8,1006.21,448.77,34.06,73.77,0.4123,-1,-1,-1
139,9,957.38,436.26,32.77,90.77,0.5321,-1,-1,-1
139,16,809.82,450.50,88.63,259.01,0.8216,-1,-1,-1
139,32,484.65,451.57,46.59,118.21,0.5626,-1,-1,-1
139,36,458.91,453.33,32.71,99.89,0.3500,-1,-1,-1
139,39,1083.73,447.46,53.50,145.20,0.4462,-1,-1,-1
139,42,572.00,436.39,150.88,417.52,0.9004,-1,-1,-1
139,44,526.90,452.54,27.95,74.29,0.5995,-1,-1,-1
140,1,698.44,434.37,102.78,326.15,0.7862,-1,-1,-1
140,7,1216.12,446.59,36.94,97.60,0.7334,-1,-1,-1
140,9,958.04,436.59,32.32,90.09,0.5281,-1,-1,-1
140,16,812.49,450.30,87.06,260.43,0.8222,-1,-1,-1
140,32,485.47,451.51,46.43,118.21,0.4997,-1,-1,-1
140,36,459.96,453.30,32.33,99.68,0.4924,-1,-1,-1
140,39,1084.21,443.89,52.08,146.07,0.3541,-1,-1,-1
140,42,571.90,435.89,151.72,419.83,0.8609,-1,-1,-1
140,44,526.83,452.77,27.82,73.92,0.6276,-1,-1,-1
140,47,868.28,447.74,64.10,224.59,0.3814,-1,-1,-1
141,1,699.66,435.05,106.70,327.20,0.8015,-1,-1,-1
141,7,1213.69,446.71,36.72,97.88,0.7471,-1,-1,-1
141,8,1006.79,448.95,33.38,73.95,0.4651,-1,-1,-1
141,9,958.68,437.04,31.99,88.38,0.5208,-1,-1,-1
141,16,814.58,450.25,85.87,261.42,0.7748,-1,-1,-1
141,36,460.15,453.06,31.84,99.47,0.3557,-1,-1,-1
141,39,1084.40,442.66,50.60,144.62,0.4058,-1,-1,-1
141,42,569.12,434.37,153.11,420.82,0.8766,-1,-1,-1
141,44,526.30,452.85,28.01,73.95,0.5054,-1,-1,-1
142,1,700.28,435.63,111.19,327.87,0.8146,-1,-1,-1
142,7,1210.76,446.22,36.69,97.82,0.7530,-1,-1,-1
142,8,1007.09,449.00,33.60,74.12,0.5509,-1,-1,-1
142,9,958.95,437.09,31.69,87.17,0.5181,-1,-1,-1
142,16,815.77,450.59,84.71,263.74,0.8225,-1,-1,-1
142,39,1084.25,443.19,49.71,145.77,0.3724,-1,-1,-1
142,42,567.71,433.38,153.96,422.27,0.8691,-1,-1,-1
142,44,525.36,450.70,28.49,75.59,0.5855,-1,-1,-1
143,1,700.23,435.34,114.57,326.73,0.8222,-1,-1,-1
143,7,1209.08,446.26,36.51,98.15,0.7367,-1,-1,-1
143,8,1006.50,449.32,33.47,74.00,0.4749,-1,-1,-1
143,9,959.54,438.11,31.64,85.86,0.4083,-1,-1,-1
143,16,817.64,450.77,83.93,266.69,0.8294,-1,-1,-1
143,32,477.22,452.05,50.27,121.83,0.4573,-1,-1,-1
143,39,1085.11,441.87,49.18,148.20,0.4429,-1,-1,-1
143,42,566.41,433.93,154.69,425.41,0.8512,-1,-1,-1
143,44,524.62,449.90,29.13,76.48,0.5647,-1,-1,-1
143,47,875.35,440.29,73.51,235.04,0.5051,-1,-1,-1
143,50,551.53,444.00,35.36,81.04,0.3957,-1,-1,-1
144,1,701.60,437.35,119.07,328.41,0.8404,-1,-1,-1
144,7,1208.75,446.77,35.93,98.52,0.7037,-1,-1,-1
144,9,959.47,438.83,31.68,84.98,0.4319,-1,-1,-1
144,13,1844.89,474.82,63.01,177.58,0.3575,-1,-1,-1
144,16,818.95,450.48,82.83,266.82,0.8328,-1,-1,-1
144,20,1164.21,439.59,26.48,86.89,0.4103,-1,-1,-1
144,32,488.99,448.80,44.73,117.55,0.4637,-1,-1,-1
144,34,472.76,456.16,48.52,119.48,0.4801,-1,-1,-1
144,39,1085.64,441.61,48.50,149.42,0.4682,-1,-1,-1
144,42,567.52,435.37,153.97,427.63,0.8514,-1,-1,-1
144,44,523.37,451.36,29.06,75.30,0.5829,-1,-1,-1
144,47,875.13,440.09,75.23,237.94,0.6771,-1,-1,-1
144,50,554.08,447.68,32.84,76.87,0.5078,-1,-1,-1
145,1,702.57,437.70,122.86,329.50,0.8481,-1,-1,-1
145,7,1207.26,446.32,35.10,99.15,0.6956,-1,-1,-1
145,9,959.72,439.45,31.78,84.52,0.4240,-1,-1,-1
145,15,1122.79,447.43,30.68,93.84,0.3635,-1,-1,-1
145,16,821.80,452.26,81.62,266.73,0.8523,-1,-1,-1
145,20,1164.23,439.67,26.17,86.58,0.3943,-1,-1,-1
145,32,493.64,448.22,41.39,113.85,0.4577,-1,-1,-1
145,34,473.56,459.68,47.21,117.15,0.5469,-1,-1,-1
145,39,1086.14,441.72,47.98,150.17,0.5338,-1,-1,-1
145,42,568.15,435.17,153.13,430.53,0.8202,-1,-1,-1
145,44,523.77,453.06,28.32,73.99,0.6128,-1,-1,-1
145,47,876.30,439.27,76.25,239.38,0.6627,-1,-1,-1
145,50,554.82,449.72,31.40,75.28,0.5176,-1,-1,-1
146,1,703.19,438.53,125.76,330.35,0.8546,-1,-1,-1
146,7,1205.63,446.00,34.42,99.38,0.7090,-1,-1,-1
146,8,1006.54,449.69,34.44,73.98,0.4885,-1,-1,-1
146,9,959.93,440.07,31.69,84.33,0.4450,-1,-1,-1
146,15,1123.48,448.98,31.11,92.89,0.4437,-1,-1,-1
146,16,824.60,452.31,80.74,267.18,0.8689,-1,-1,-1
146,32,495.65,449.49,39.65,110.99,0.5481,-1,-1,-1
146,34,472.92,460.73,46.61,116.40,0.5426,-1,-1,-1
146,39,1085.75,441.79,48.00,150.66,0.4960,-1,-1,-1
146,42,568.17,436.31,152.87,432.56,0.8295,-1,-1,-1
146,44,524.82,453.96,27.94,72.99,0.6663,-1,-1,-1
146,47,876.78,438.80,75.80,240.44,0.6209,-1,-1,-1
146,50,554.06,450.61,31.15,74.98,0.5727,-1,-1,-1
147,1,705.84,439.10,126.38,331.68,0.8534,-1,-1,-1
147,7,1203.17,444.99,34.77,99.91,0.7696,-1,-1,-1
147,8,1007.06,449.61,34.79,74.09,0.4429,-1,-1,-1
147,9,958.96,440.74,32.36,83.95,0.4028,-1,-1,-1
147,15,1124.11,450.20,31.46,92.96,0.4887,-1,-1,-1
147,16,827.01,454.02,79.19,266.57,0.8662,-1,-1,-1
147,32,497.56,450.14,38.84,108.63,0.5613,-1,-1,-1
147,39,1086.52,444.35,47.21,149.79,0.4906,-1,-1,-1
147,42,567.12,438.31,153.09,439.07,0.8429,-1,-1,-1
147,44,525.58,454.66,27.29,71.81,0.6402,-1,-1,-1
147,47,878.19,438.08,75.27,241.49,0.7596,-1,-1,-1
147,50,553.32,450.68,31.86,74.88,0.5184,-1,-1,-1
148,1,707.54,439.10,126.41,332.24,0.8584,-1,-1,-1
148,7,1201.66,444.46,34.03,100.04,0.7914,-1,-1,-1
148,8,1007.01,449.02,33.91,74.31,0.5493,-1,-1,-1
148,9,958.53,441.14,32.61,83.60,0.3988,-1,-1,-1
148,13,1844.14,473.65,63.33,180.12,0.4098,-1,-1,-1
148,15,1124.34,450.90,32.17,92.99,0.5085,-1,-1,-1
148,16,829.11,453.71,78.67,266.61,0.8627,-1,-1,-1
148,32,498.34,451.38,39.12,107.01,0.5244,-1,-1,-1
148,39,1084.13,445.20,47.86,149.86,0.5692,-1,-1,-1
148,42,565.77,437.95,154.21,445.40,0.8633,-1,-1,-1
148,44,525.48,454.74,26.50,71.12,0.5650,-1,-1,-1
148,47,880.10,439.02,73.71,241.64,0.6930,-1,-1,-1
148,50,554.16,451.02,30.90,74.34,0.4639,-1,-1,-1
149,1,709.65,439.33,126.12,332.86,0.8547,-1,-1,-1
149,7,1200.02,444.55,34.08,100.24,0.7940,-1,-1,-1
149,8,1007.06,449.01,33.31,74.37,0.5010,-1,-1,-1
149,9,959.02,441.17,32.75,82.97,0.4026,-1,-1,-1
149,13,1846.94,473.70,61.29,180.35,0.4394,-1,-1,-1
149,15,1125.57,451.44,32.41,92.81,0.4563,-1,-1,-1
149,16,831.21,452.95,78.99,268.24,0.8228,-1,-1,-1
149,32,499.38,452.41,37.39,106.48,0.5893,-1,-1,-1
149,39,1083.15,444.55,48.33,150.37,0.5245,-1,-1,-1
149,42,561.54,437.10,156.55,450.39,0.8575,-1,-1,-1
149,44,525.71,454.85,25.84,70.75,0.6176,-1,-1,-1
149,47,883.23,440.42,73.62,241.62,0.7004,-1,-1,-1
149,50,553.79,451.02,31.00,74.15,0.4859,-1,-1,-1
150,1,711.54,439.69,125.50,333.75,0.8672,-1,-1,-1
150,7,1198.56,444.29,34.74,100.68,0.7515,-1,-1,-1
150,8,1007.04,448.62,32.16,74.21,0.3868,-1,-1,-1
150,9,958.64,440.91,32.78,82.25,0.3615,-1,-1,-1
150,13,1845.36,472.45,62.65,181.17,0.4205,-1,-1,-1
150,15,1126.30,452.02,32.58,92.12,0.5389,-1,-1,-1
150,16,832.60,451.71,79.82,272.14,0.8445,-1,-1,-1
150,32,500.72,453.62,36.05,106.04,0.6171,-1,-1,-1
150,34,470.97,462.92,45.93,115.34,0.5666,-1,-1,-1
150,39,1082.68,444.46,48.55,150.64,0.4876,-1,-1,-1
150,42,557.53,434.43,159.03,454.40,0.8387,-1,-1,-1
150,44,526.34,455.81,24.77,70.00,0.5054,-1,-1,-1
150,47,887.36,437.63,73.60,242.67,0.7806,-1,-1,-1
150,50,553.31,450.72,30.92,73.93,0.4909,-1,-1,-1
151,1,714.00,439.24,123.96,334.63,0.8625,-1,-1,-1
151,7,1197.82,445.10,35.05,100.16,0.7842,-1,-1,-1
151,8,1006.76,448.24,31.25,74.57,0.3894,-1,-1,-1
151,9,958.82,440.42,33.07,80.89,0.3574,-1,-1,-1
151,13,1846.74,473.04,61.43,181.12,0.4185,-1,-1,-1
151,15,1126.99,452.53,32.21,91.69,0.6483,-1,-1,-1
151,16,834.09,451.87,79.89,274.26,0.8504,-1,-1,-1
151,32,501.20,454.26,34.90,105.35,0.5955,-1,-1,-1
151,34,470.47,464.24,45.47,113.78,0.5567,-1,-1,-1
151,39,1085.76,443.84,47.57,149.64,0.4816,-1,-1,-1
151,42,553.62,431.11,161.79,458.59,0.8451,-1,-1,-1
151,44,526.46,456.37,23.77,69.22,0.4856,-1,-1,-1
151,47,891.81,434.68,77.06,244.59,0.8003,-1,-1,-1
151,50,552.96,451.96,30.62,73.49,0.3774,-1,-1,-1
152,1,715.85,438.37,122.55,335.55,0.8652,-1,-1,-1
152,7,1197.28,444.49,35.48,100.48,0.8403,-1,-1,-1
152,8,1006.62,447.88,30.95,75.75,0.5393,-1,-1,-1
152,15,1128.31,453.96,32.09,90.74,0.6574,-1,-1,-1
152,16,834.68,453.26,80.29,275.17,0.8153,-1,-1,-1
152,32,502.55,453.94,35.11,104.51,0.4876,-1,-1,-1
152,39,1083.89,445.71,47.83,149.80,0.4818,-1,-1,-1
152,42,548.45,428.94,163.07,462.02,0.8351,-1,-1,-1
152,44,526.81,456.21,23.22,69.04,0.4727,-1,-1,-1
152,47,891.75,434.62,81.26,246.14,0.7431,-1,-1,-1
152,50,552.32,450.30,29.67,73.04,0.3936,-1,-1,-1
153,1,717.51,437.31,121.77,337.16,0.8775,-1,-1,-1
153,7,1196.87,444.37,35.72,100.49,0.7858,-1,-1,-1
153,8,1006.30,447.77,30.99,76.70,0.4353,-1,-1,-1
153,15,1128.87,455.76,32.02,89.42,0.6529,-1,-1,-1
153,16,834.73,453.56,81.49,276.58,0.8350,-1,-1,-1
153,32,503.29,454.59,34.18,104.20,0.4482,-1,-1,-1
153,39,1086.92,445.75,46.53,148.81,0.4787,-1,-1,-1
153,42,543.12,428.36,163.55,465.14,0.7904,-1,-1,-1
153,44,526.64,455.95,22.44,68.70,0.4440,-1,-1,-1
153,47,893.08,432.65,82.03,247.38,0.7856,-1,-1,-1
154,1,719.11,437.42,120.47,337.79,0.8745,-1,-1,-1
154,7,1196.41,445.31,35.74,100.13,0.7743,-1,-1,-1
154,13,1848.40,474.68,59.61,180.37,0.4262,-1,-1,-1
154,15,1129.78,457.03,31.91,88.38,0.6258,-1,-1,-1
154,16,835.12,452.89,82.09,277.75,0.8488,-1,-1,-1
154,20,1163.51,439.80,24.87,88.15,0.3741,-1,-1,-1
154,32,503.78,454.11,32.91,103.17,0.4085,-1,-1,-1
154,34,468.27,459.53,44.68,116.45,0.4936,-1,-1,-1
154,39,1088.00,445.89,45.67,148.84,0.5105,-1,-1,-1
154,42,539.61,428.24,164.83,467.31,0.8331,-1,-1,-1
154,44,525.99,456.02,22.35,69.00,0.4208,-1,-1,-1
154,47,894.41,432.11,81.91,247.93,0.8067,-1,-1,-1
155,1,720.39,436.03,118.95,338.76,0.8777,-1,-1,-1
155,7,1195.41,445.02,36.33,100.38,0.7740,-1,-1,-1
155,8,1005.58,447.82,30.77,76.95,0.4098,-1,-1,-1
155,9,959.86,441.36,33.78,80.02,0.4136,-1,-1,-1
155,13,1849.11,475.11,57.91,180.15,0.4631,-1,-1,-1
155,15,1130.36,456.67,31.43,88.04,0.6378,-1,-1,-1
155,16,835.08,451.83,82.95,279.29,0.8394,-1,-1,-1
155,20,1163.56,439.55,24.62,88.54,0.4455,-1,-1,-1
155,32,504.68,454.61,32.24,102.98,0.4561,-1,-1,-1
155,34,467.29,456.86,44.04,118.42,0.4857,-1,-1,-1
155,39,1088.48,446.20,45.11,148.80,0.5121,-1,-1,-1
155,42,537.16,427.37,165.91,468.22,0.7964,-1,-1,-1
155,47,895.55,432.88,82.67,249.70,0.7431,-1,-1,-1
156,1,721.70,434.96,118.19,339.65,0.8635,-1,-1,-1
156,7,1194.74,445.12,36.89,100.42,0.7310,-1,-1,-1
156,9,960.02,441.86,34.02,80.50,0.3553,-1,-1,-1
156,13,1850.25,475.00,57.10,180.30,0.4170,-1,-1,-1
156,15,1130.85,455.77,30.89,88.22,0.6406,-1,-1,-1
156,16,836.58,450.50,83.94,280.39,0.8182,-1,-1,-1
156,20,1163.29,439.00,24.48,89.09,0.4202,-1,-1,-1
156,32,504.77,454.73,31.71,102.94,0.5187,-1,-1,-1
156,34,465.99,458.34,43.36,118.01,0.5660,-1,-1,-1
156,39,1088.09,445.05,45.67,149.84,0.5238,-1,-1,-1
156,42,534.56,427.29,167.25,469.38,0.8474,-1,-1,-1
156,47,896.64,433.25,81.83,249.24,0.7657,-1,-1,-1
157,1,724.83,433.06,118.56,341.02,0.8581,-1,-1,-1
157,7,1193.14,445.25,36.88,100.52,0.7436,-1,-1,-1
157,8,1005.03,448.75,30.22,76.60,0.5016,-1,-1,-1
157,15,1132.17,454.70,30.36,88.37,0.6488,-1,-1,-1
157,16,838.76,450.73,84.11,280.94,0.8113,-1,-1,-1
157,20,1163.35,438.80,24.61,89.54,0.4115,-1,-1,-1
157,32,504.97,454.69,33.25,103.38,0.3943,-1,-1,-1
157,34,466.08,459.08,42.63,117.59,0.4659,-1,-1,-1
157,39,1087.61,444.58,45.78,150.15,0.5292,-1,-1,-1
157,42,532.19,427.78,167.73,470.61,0.8544,-1,-1,-1
157,47,897.72,434.92,79.90,251.08,0.7259,-1,-1,-1
157,54,669.28,442.29,68.42,152.11,0.4012,-1,-1,-1
158,1,727.48,432.49,117.96,341.89,0.8697,-1,-1,-1
158,7,1192.69,445.36,36.86,100.57,0.7033,-1,-1,-1
158,8,1004.57,448.05,30.07,76.49,0.4856,-1,-1,-1
158,13,1850.90,473.01,57.56,181.10,0.3768,-1,-1,-1
158,15,1133.99,453.29,30.98,89.31,0.6614,-1,-1,-1
158,16,840.98,447.53,84.41,282.05,0.7899,-1,-1,-1
158,20,1164.04,438.88,24.36,89.68,0.4442,-1,-1,-1
158,32,505.25,454.52,34.40,103.94,0.4342,-1,-1,-1
158,34,466.23,458.79,41.00,117.55,0.4503,-1,-1,-1
158,39,1085.96,442.35,45.60,151.78,0.5214,-1,-1,-1
158,42,531.48,426.87,167.46,470.83,0.8503,-1,-1,-1
158,47,901.29,434.77,79.90,252.76,0.7793,-1,-1,-1
158,54,665.08,439.62,73.23,155.78,0.4669,-1,-1,-1
159,1,732.33,433.15,117.93,342.03,0.8658,-1,-1,-1
159,7,1191.44,445.08,36.40,100.98,0.7173,-1,-1,-1
159,15,1134.99,453.85,31.30,88.95,0.6132,-1,-1,-1
159,16,842.12,449.28,83.62,280.64,0.8325,-1,-1,-1
159,20,1164.19,438.96,24.26,89.47,0.4999,-1,-1,-1
159,32,504.63,454.19,36.67,104.22,0.4680,-1,-1,-1
159,34,466.45,456.02,40.25,119.61,0.4448,-1,-1,-1
159,39,1085.29,441.89,45.39,152.37,0.5361,-1,-1,-1
159,42,531.03,425.90,167.55,471.51,0.8599,-1,-1,-1
159,47,904.40,434.64,81.39,254.15,0.8122,-1,-1,-1
159,55,661.64,434.76,79.86,352.58,0.6310,-1,-1,-1
160,1,735.91,433.38,117.31,341.74,0.8744,-1,-1,-1
160,7,1189.74,444.78,35.01,100.86,0.6755,-1,-1,-1
160,8,1004.11,448.27,29.81,76.08,0.5156,-1,-1,-1
160,13,1851.30,462.63,58.61,188.02,0.4100,-1,-1,-1
160,15,1135.43,455.26,31.34,88.37,0.6571,-1,-1,-1
160,16,843.72,450.90,83.30,279.82,0.8758,-1,-1,-1
160,20,1164.68,438.92,23.96,89.19,0.4815,-1,-1,-1
160,32,503.42,453.60,37.21,104.31,0.4656,-1,-1,-1
160,34,465.65,455.72,39.85,120.11,0.5815,-1,-1,-1
160,39,1083.59,441.74,46.39,153.18,0.5775,-1,-1,-1
160,42,531.06,424.70,167.91,471.44,0.8495,-1,-1,-1
160,47,906.18,435.09,83.45,254.63,0.7793,-1,-1,-1
160,55,662.91,432.84,82.11,352.95,0.6327,-1,-1,-1
161,1,739.94,434.19,116.62,341.73,0.8561,-1,-1,-1
161,7,1188.02,442.94,34.15,101.77,0.6349,-1,-1,-1
161,8,1004.12,448.11,29.59,76.31,0.6144,-1,-1,-1
161,13,1850.91,460.36,58.29,191.09,0.3802,-1,-1,-1
161,15,1136.49,454.03,31.32,89.17,0.6267,-1,-1,-1
161,16,845.14,451.27,83.06,278.70,0.8819,-1,-1,-1
161,20,1164.81,438.40,24.16,89.01,0.4565,-1,-1,-1
161,32,502.05,453.67,37.30,104.34,0.4492,-1,-1,-1
161,34,465.14,450.20,40.47,124.00,0.5225,-1,-1,-1
161,39,1082.31,440.92,47.40,154.14,0.5605,-1,-1,-1
161,42,530.90,424.39,168.29,471.97,0.8373,-1,-1,-1
161,47,910.08,436.10,84.15,255.44,0.7568,-1,-1,-1
161,55,660.77,432.75,86.93,361.86,0.7189,-1,-1,-1
162,1,742.88,434.74,114.56,341.47,0.8522,-1,-1,-1
162,7,1187.25,444.74,33.16,100.95,0.5433,-1,-1,-1
162,8,1004.11,448.42,28.65,75.99,0.5983,-1,-1,-1
162,13,1849.98,465.44,57.34,189.44,0.3813,-1,-1,-1
162,15,1137.32,451.19,31.42,91.07,0.6461,-1,-1,-1
162,16,848.16,450.69,85.03,278.96,0.8587,-1,-1,-1
162,20,1165.17,438.38,23.69,88.22,0.4352,-1,-1,-1
162,32,501.55,453.71,37.82,104.39,0.5384,-1,-1,-1
162,34,464.53,452.48,39.34,123.41,0.4783,-1,-1,-1
162,39,1082.08,441.27,47.73,154.19,0.5497,-1,-1,-1
162,42,529.73,423.79,170.23,471.43,0.8469,-1,-1,-1
162,47,914.98,439.25,84.15,256.64,0.7407,-1,-1,-1
162,55,661.24,435.41,86.90,357.57,0.7328,-1,-1,-1
163,1,745.25,435.31,113.56,341.35,0.8678,-1,-1,-1
163,7,1187.06,442.98,32.42,101.77,0.6832,-1,-1,-1
163,8,1003.53,448.00,28.27,76.08,0.5969,-1,-1,-1
163,13,1849.78,469.06,56.89,187.14,0.4314,-1,-1,-1
163,15,1138.94,451.77,32.29,90.97,0.5630,-1,-1,-1
163,16,850.33,449.40,85.80,280.19,0.8505,-1,-1,-1
163,20,1165.47,439.16,23.71,90.82,0.3997,-1,-1,-1
163,32,504.69,453.86,36.45,104.01,0.4985,-1,-1,-1
163,34,464.83,453.79,39.05,122.92,0.6226,-1,-1,-1
163,39,1082.50,440.94,47.73,154.69,0.5425,-1,-1,-1
163,42,529.49,423.06,171.97,471.73,0.8386,-1,-1,-1
163,47,918.70,440.17,83.79,258.19,0.7791,-1,-1,-1
163,55,661.79,438.34,87.17,356.99,0.7078,-1,-1,-1
164,1,747.84,436.12,112.34,341.08,0.8663,-1,-1,-1
164,7,1185.92,442.28,32.56,102.35,0.6208,-1,-1,-1
164,8,1003.46,447.87,28.35,76.24,0.6238,-1,-1,-1
164,13,1849.67,469.79,57.13,186.09,0.4071,-1,-1,-1
164,15,1140.34,450.55,31.85,91.70,0.5486,-1,-1,-1
164,16,852.49,449.73,85.47,280.66,0.8252,-1,-1,-1
164,32,506.62,454.33,35.36,103.23,0.5759,-1,-1,-1
164,34,464.92,454.62,38.40,122.28,0.5341,-1,-1,-1
164,36,492.11,458.25,25.53,94.60,0.3658,-1,-1,-1
164,39,1081.96,441.62,48.28,154.38,0.5434,-1,-1,-1
164,42,530.44,423.21,174.54,472.31,0.8420,-1,-1,-1
164,47,920.80,440.08,82.83,259.30,0.7832,-1,-1,-1
164,55,665.38,436.36,90.59,362.89,0.6829,-1,-1,-1
165,1,750.17,435.57,112.47,342.21,0.8422,-1,-1,-1
165,7,1185.15,444.21,32.79,101.69,0.5554,-1,-1,-1
165,8,1003.12,447.58,27.82,76.47,0.4275,-1,-1,-1
165,13,1850.20,470.78,57.20,185.20,0.3904,-1,-1,-1
165,15,1141.20,448.03,31.38,93.18,0.5652,-1,-1,-1
165,16,855.16,448.54,86.35,281.99,0.7742,-1,-1,-1
165,32,508.10,453.33,34.57,104.12,0.5531,-1,-1,-1
165,34,466.02,458.44,37.43,119.86,0.5888,-1,-1,-1
165,39,1083.10,442.42,48.05,153.86,0.5369,-1,-1,-1
165,42,531.36,422.39,178.33,475.02,0.8460,-1,-1,-1
165,47,922.98,438.71,82.06,261.40,0.7466,-1,-1,-1
165,55,666.23,437.99,91.08,364.17,0.7466,-1,-1,-1
166,1,752.81,435.30,113.21,343.34,0.8488,-1,-1,-1
166,7,1184.55,444.80,32.55,101.22,0.5511,-1,-1,-1
166,8,1003.04,446.92,27.16,76.63,0.6269,-1,-1,-1
166,13,1849.56,470.74,57.26,184.81,0.3869,-1,-1,-1
166,15,1142.24,447.35,30.67,93.80,0.5378,-1,-1,-1
166,16,863.18,447.01,93.04,283.73,0.8118,-1,-1,-1
166,32,509.27,453.99,33.82,104.13,0.6212,-1,-1,-1
166,34,467.32,461.50,35.95,117.45,0.6100,-1,-1,-1
166,36,494.65,458.61,24.16,94.81,0.3795,-1,-1,-1
166,39,1082.83,442.53,48.28,153.43,0.4950,-1,-1,-1
166,42,531.85,422.93,181.55,478.82,0.8486,-1,-1,-1
166,47,927.28,438.09,81.50,261.08,0.7597,-1,-1,-1
166,55,666.50,439.05,91.67,364.82,0.7491,-1,-1,-1
167,1,753.26,435.40,114.36,344.70,0.8517,-1,-1,-1
167,7,1184.30,444.38,32.75,101.52,0.6069,-1,-1,-1
167,8,1002.96,446.96,26.91,76.62,0.5832,-1,-1,-1
167,13,1849.58,471.94,57.30,183.87,0.3598,-1,-1,-1
167,15,1142.94,447.30,30.27,94.37,0.5445,-1,-1,-1
167,16,860.48,447.19,91.15,283.72,0.4883,-1,-1,-1
167,20,1151.68,441.25,28.82,97.99,0.3632,-1,-1,-1
167,32,510.04,453.98,33.38,103.82,0.6061,-1,-1,-1
167,34,467.91,464.08,34.69,115.03,0.5554,-1,-1,-1
167,36,494.65,458.64,24.41,94.75,0.3910,-1,-1,-1
167,39,1081.26,442.52,49.22,153.67,0.5492,-1,-1,-1
167,42,532.87,421.81,187.06,481.29,0.8384,-1,-1,-1
167,47,930.62,436.06,80.68,261.78,0.7678,-1,-1,-1
167,55,667.86,439.23,91.14,363.50,0.7466,-1,-1,-1
168,1,754.57,436.39,114.59,347.01,0.8702,-1,-1,-1
168,7,1183.98,446.61,33.23,100.15,0.3769,-1,-1,-1
168,8,1002.50,446.14,26.64,76.58,0.6011,-1,-1,-1
168,15,1144.27,447.45,30.70,94.89,0.6221,-1,-1,-1
168,32,510.39,453.48,34.15,104.61,0.5794,-1,-1,-1
168,34,468.12,460.26,34.06,116.09,0.6416,-1,-1,-1
168,36,495.39,459.27,24.26,96.11,0.3982,-1,-1,-1
168,39,1082.07,444.71,49.04,152.21,0.5967,-1,-1,-1
168,42,534.67,420.99,192.66,481.23,0.8643,-1,-1,-1
168,47,932.57,435.68,79.86,261.92,0.7445,-1,-1,-1
168,55,667.80,440.75,89.87,361.35,0.6297,-1,-1,-1
169,1,755.72,436.89,115.00,348.41,0.8512,-1,-1,-1
169,8,1002.40,445.72,26.79,76.44,0.4679,-1,-1,-1
169,15,1146.24,445.64,30.15,95.75,0.5369,-1,-1,-1
169,20,1150.12,440.43,33.44,101.78,0.5480,-1,-1,-1
169,32,510.91,452.67,34.61,104.78,0.5677,-1,-1,-1
169,34,468.42,457.53,33.69,117.72,0.5688,-1,-1,-1
169,36,495.52,458.88,24.60,97.38,0.4057,-1,-1,-1
169,39,1082.49,445.60,48.67,150.86,0.4984,-1,-1,-1
169,42,536.72,420.25,199.57,480.89,0.8404,-1,-1,-1
169,47,935.83,434.56,78.35,263.23,0.7147,-1,-1,-1
169,55,669.50,441.34,88.82,361.87,0.7154,-1,-1,-1
169,56,865.28,443.97,123.68,295.21,0.8388,-1,-1,-1
170,1,758.38,438.33,114.62,349.39,0.8697,-1,-1,-1
170,8,1002.33,445.93,26.24,76.17,0.4203,-1,-1,-1
170,15,1145.49,445.93,28.35,95.71,0.3942,-1,-1,-1
170,20,1150.72,439.97,35.85,103.16,0.5149,-1,-1,-1
170,32,511.07,452.98,34.47,104.57,0.5829,-1,-1,-1
170,34,468.75,457.12,32.49,118.15,0.5552,-1,-1,-1
170,36,495.19,458.36,24.46,97.37,0.4279,-1,-1,-1
170,39,1081.35,445.85,49.31,150.69,0.5257,-1,-1,-1
170,42,538.82,420.79,205.67,480.36,0.8242,-1,-1,-1
170,47,937.17,431.93,76.72,265.35,0.7640,-1,-1,-1
170,55,671.48,441.01,89.11,360.94,0.7409,-1,-1,-1
170,56,866.43,445.72,123.01,293.93,0.8542,-1,-1,-1
171,1,759.69,439.18,113.65,350.66,0.8774,-1,-1,-1
171,7,1183.70,446.45,33.39,100.24,0.5018,-1,-1,-1
171,15,1146.43,447.13,27.65,95.10,0.4770,-1,-1,-1
171,20,1149.68,440.41,36.74,102.88,0.4918,-1,-1,-1
171,32,511.44,453.01,34.59,104.92,0.5380,-1,-1,-1
171,34,468.91,456.44,31.80,119.01,0.6400,-1,-1,-1
171,36,495.50,459.23,24.18,96.09,0.4044,-1,-1,-1
171,39,1080.82,446.00,49.76,150.59,0.5255,-1,-1,-1
171,42,541.16,420.61,212.42,480.88,0.7915,-1,-1,-1
171,47,940.92,431.35,76.84,265.79,0.7625,-1,-1,-1
171,55,674.62,441.57,87.72,360.22,0.7301,-1,-1,-1
171,56,868.21,446.36,122.42,293.56,0.8511,-1,-1,-1
172,1,760.74,439.90,113.90,352.28,0.8784,-1,-1,-1
172,7,1179.29,448.56,33.77,98.79,0.3575,-1,-1,-1
172,13,1848.74,470.18,58.58,185.36,0.3808,-1,-1,-1
172,15,1147.56,448.64,26.99,94.03,0.4471,-1,-1,-1
172,20,1149.35,440.52,37.27,103.01,0.4823,-1,-1,-1
172,32,512.42,452.60,34.48,101.74,0.4600,-1,-1,-1
172,34,469.20,457.64,31.16,118.74,0.6349,-1,-1,-1
172,36,495.53,458.86,24.29,96.27,0.4243,-1,-1,-1
172,39,1080.14,446.40,50.18,150.69,0.5239,-1,-1,-1
172,42,542.88,423.19,219.48,479.33,0.7966,-1,-1,-1
172,47,942.92,431.88,76.97,267.24,0.7593,-1,-1,-1
172,55,677.44,443.31,86.82,360.12,0.7544,-1,-1,-1
172,56,869.83,446.32,122.03,293.78,0.8530,-1,-1,-1
173,1,761.95,439.66,114.92,353.67,0.8633,-1,-1,-1
173,7,1176.50,449.30,34.75,97.83,0.6218,-1,-1,-1
173,15,1148.55,449.28,27.57,92.80,0.5552,-1,-1,-1
173,20,1148.70,440.39,36.84,102.83,0.4820,-1,-1,-1
173,32,512.67,453.08,34.67,99.06,0.4948,-1,-1,-1
173,34,469.26,457.97,30.72,118.33,0.5882,-1,-1,-1
173,36,494.84,457.45,24.64,97.00,0.4956,-1,-1,-1
173,39,1079.25,446.89,51.06,150.52,0.4657,-1,-1,-1
173,42,556.42,426.02,214.80,479.26,0.8101,-1,-1,-1
173,47,946.41,429.79,78.13,266.95,0.7321,-1,-1,-1
173,55,681.57,444.20,85.36,359.44,0.6891,-1,-1,-1
173,56,871.65,446.59,121.58,294.01,0.8476,-1,-1,-1
174,1,764.04,439.32,114.47,355.19,0.8517,-1,-1,-1
174,7,1174.57,450.80,36.01,96.65,0.5765,-1,-1,-1
174,13,1849.44,470.50,58.11,184.61,0.3599,-1,-1,-1
174,15,1149.66,449.25,28.44,93.43,0.4944,-1,-1,-1
174,32,512.86,454.49,35.03,99.09,0.4548,-1,-1,-1
174,34,469.52,458.78,30.26,117.99,0.5858,-1,-1,-1
174,36,494.59,457.03,24.72,96.96,0.5094,-1,-1,-1
174,39,1079.21,446.92,50.55,150.09,0.4003,-1,-1,-1
174,42,563.53,427.52,212.25,480.72,0.8600,-1,-1,-1
174,47,949.20,428.83,78.76,266.57,0.7149,-1,-1,-1
174,55,686.86,442.90,82.56,358.42,0.5585,-1,-1,-1
174,56,873.20,446.80,120.93,294.22,0.8529,-1,-1,-1
175,1,765.86,440.27,113.49,357.32,0.8458,-1,-1,-1
175,7,1172.80,450.86,37.17,96.38,0.6334,-1,-1,-1
175,15,1149.85,451.25,28.87,93.38,0.4745,-1,-1,-1
175,32,512.35,455.35,35.61,101.15,0.5003,-1,-1,-1
175,34,469.99,458.84,29.52,117.59,0.4651,-1,-1,-1
175,36,494.24,455.58,25.16,98.44,0.5431,-1,-1,-1
175,39,1079.59,446.83,51.05,150.23,0.4021,-1,-1,-1
175,42,564.44,427.54,212.82,482.72,0.8756,-1,-1,-1
175,47,952.50,429.64,79.06,266.54,0.7334,-1,-1,-1
175,55,692.37,440.35,80.08,358.23,0.4079,-1,-1,-1
175,56,875.17,447.03,120.18,294.04,0.8448,-1,-1,-1
176,1,768.57,440.99,113.16,359.46,0.8390,-1,-1,-1
176,7,1171.19,451.11,37.90,96.06,0.6669,-1,-1,-1
176,13,1850.21,469.98,58.23,184.71,0.3531,-1,-1,-1
176,15,1151.06,451.09,28.77,94.10,0.3936,-1,-1,-1
176,32,511.92,454.70,34.93,100.81,0.4732,-1,-1,-1
176,34,470.54,458.84,28.95,117.22,0.5201,-1,-1,-1
176,36,494.06,456.59,25.49,98.13,0.5907,-1,-1,-1
176,39,1079.18,446.16,51.16,150.52,0.5292,-1,-1,-1
176,42,563.17,427.38,212.96,485.38,0.8871,-1,-1,-1
176,47,959.05,431.50,83.41,265.90,0.7543,-1,-1,-1
176,56,877.50,446.85,118.32,293.36,0.8693,-1,-1,-1
177,1,768.51,441.26,113.34,360.74,0.8440,-1,-1,-1
177,7,1168.44,449.95,39.41,96.72,0.6734,-1,-1,-1
177,15,1152.19,447.14,29.15,96.87,0.3774,-1,-1,-1
177,32,512.82,455.19,35.24,102.89,0.5679,-1,-1,-1
177,34,470.68,457.94,28.67,117.36,0.5205,-1,-1,-1
177,36,493.85,456.70,25.78,98.15,0.5933,-1,-1,-1
177,39,1079.44,447.07,51.76,149.97,0.5181,-1,-1,-1
177,42,563.57,427.17,211.47,486.77,0.8852,-1,-1,-1
177,47,962.47,431.32,86.02,265.83,0.7731,-1,-1,-1
177,53,571.77,456.57,53.72,85.11,0.4771,-1,-1,-1
177,56,879.37,446.37,116.45,293.43,0.8512,-1,-1,-1
178,1,771.77,440.69,112.18,361.51,0.8574,-1,-1,-1
178,7,1160.86,444.37,43.06,100.82,0.6963,-1,-1,-1
178,32,512.92,454.57,35.37,104.40,0.5543,-1,-1,-1
178,34,470.73,456.89,28.57,117.13,0.4674,-1,-1,-1
178,36,493.13,455.92,26.14,98.36,0.5853,-1,-1,-1
178,39,1079.89,447.28,51.65,149.42,0.4006,-1,-1,-1
178,42,566.43,427.39,209.78,488.60,0.8787,-1,-1,-1
178,47,968.39,432.04,91.16,267.25,0.6852,-1,-1,-1
178,53,571.92,458.25,53.23,86.54,0.5149,-1,-1,-1
178,56,881.91,445.96,113.87,293.07,0.8422,-1,-1,-1
179,1,773.65,439.14,111.17,361.82,0.8734,-1,-1,-1
179,7,1158.36,444.77,44.35,101.09,0.6823,-1,-1,-1
179,32,512.18,454.27,35.58,105.46,0.5882,-1,-1,-1
179,34,470.45,456.58,28.93,117.11,0.5327,-1,-1,-1
179,36,491.94,455.57,26.62,98.29,0.5714,-1,-1,-1
179,39,1080.66,447.28,51.23,149.10,0.5524,-1,-1,-1
179,42,568.13,426.11,207.87,490.52,0.8922,-1,-1,-1
179,47,972.55,434.36,95.38,265.60,0.7526,-1,-1,-1
179,53,571.23,459.46,51.96,88.20,0.5757,-1,-1,-1
179,56,886.26,446.02,110.45,292.72,0.8472,-1,-1,-1
180,1,775.57,438.01,110.82,362.17,0.8634,-1,-1,-1
180,7,1156.53,442.55,44.99,102.79,0.6887,-1,-1,-1
180,32,512.02,454.06,35.65,105.98,0.6090,-1,-1,-1
180,34,469.37,458.64,31.19,116.55,0.5809,-1,-1,-1
180,36,491.66,455.70,26.85,97.98,0.5825,-1,-1,-1
180,39,1079.97,446.09,51.44,149.10,0.5031,-1,-1,-1
180,42,573.42,423.88,204.50,492.83,0.8864,-1,-1,-1
180,47,974.53,436.08,98.72,264.47,0.7944,-1,-1,-1
180,53,571.27,462.25,53.06,93.99,0.5546,-1,-1,-1
180,56,892.15,446.32,106.35,292.07,0.8442,-1,-1,-1
181,1,777.62,436.69,110.47,362.31,0.8560,-1,-1,-1
181,7,1155.66,441.64,44.73,103.82,0.7191,-1,-1,-1
181,27,420.33,468.80,33.84,97.32,0.3538,-1,-1,-1
181,32,511.01,454.35,34.05,105.14,0.5680,-1,-1,-1
181,34,469.63,457.80,31.58,108.92,0.3910,-1,-1,-1
181,36,491.48,455.20,26.89,98.14,0.4900,-1,-1,-1
181,39,1080.00,446.51,51.44,148.54,0.4785,-1,-1,-1
181,42,579.93,423.27,200.06,494.12,0.8861,-1,-1,-1
181,47,975.24,436.60,100.62,264.81,0.8119,-1,-1,-1
181,53,569.80,463.28,52.20,98.26,0.5228,-1,-1,-1
181,56,899.41,447.59,101.54,290.82,0.8346,-1,-1,-1
181,57,466.94,455.89,40.67,120.97,0.5655,-1,-1,-1
182,1,780.03,435.58,109.63,364.09,0.8652,-1,-1,-1
182,7,1155.31,442.50,42.77,103.58,0.7208,-1,-1,-1
182,32,511.66,454.47,34.74,105.60,0.5766,-1,-1,-1
182,34,469.47,458.37,33.11,110.13,0.4606,-1,-1,-1
182,36,491.26,454.96,27.17,98.64,0.4820,-1,-1,-1
182,39,1079.91,446.65,51.76,148.69,0.5215,-1,-1,-1
182,42,585.01,423.57,196.58,494.73,0.9034,-1,-1,-1
182,47,976.48,438.68,100.79,265.50,0.7985,-1,-1,-1
182,53,569.94,464.32,52.36,103.01,0.5223,-1,-1,-1
182,56,906.19,448.44,98.24,290.01,0.8528,-1,-1,-1
183,1,782.95,434.85,109.76,365.60,0.8826,-1,-1,-1
183,7,1154.77,442.12,40.57,103.73,0.7038,-1,-1,-1
183,13,1848.42,458.40,60.58,192.66,0.3863,-1,-1,-1
183,27,419.95,468.43,33.74,97.43,0.3606,-1,-1,-1
183,32,511.50,453.98,35.19,106.37,0.5704,-1,-1,-1
183,34,467.79,458.44,34.85,112.12,0.4172,-1,-1,-1
183,36,491.28,455.00,27.30,98.71,0.4683,-1,-1,-1
183,39,1081.42,446.00,51.27,148.25,0.4335,-1,-1,-1
183,42,587.70,422.91,195.07,495.78,0.9014,-1,-1,-1
183,47,978.59,437.93,100.04,266.73,0.7922,-1,-1,-1
183,53,570.48,463.99,52.95,108.56,0.5031,-1,-1,-1
183,56,911.50,449.96,95.01,290.72,0.8490,-1,-1,-1
184,1,784.78,434.58,109.47,366.39,0.8901,-1,-1,-1
184,7,1153.74,441.85,39.55,104.20,0.7076,-1,-1,-1
184,13,1847.23,455.72,62.21,196.37,0.3882,-1,-1,-1
184,27,420.32,467.46,33.23,97.45,0.3770,-1,-1,-1
184,32,511.37,454.28,34.56,106.18,0.5759,-1,-1,-1
184,34,466.85,457.26,35.73,112.88,0.4497,-1,-1,-1
184,36,491.39,455.06,27.35,98.78,0.4966,-1,-1,-1
184,39,1081.04,445.07,51.66,149.15,0.4327,-1,-1,-1
184,42,592.35,421.70,192.18,496.91,0.8990,-1,-1,-1
184,47,982.06,436.05,98.20,268.17,0.7788,-1,-1,-1
184,53,569.77,467.87,53.27,118.51,0.5846,-1,-1,-1
184,56,916.56,447.47,93.50,290.66,0.8455,-1,-1,-1
185,1,786.36,434.69,109.16,366.90,0.8913,-1,-1,-1
185,7,1153.14,441.68,39.29,104.47,0.6659,-1,-1,-1
185,32,510.91,453.95,34.97,106.77,0.6204,-1,-1,-1
185,34,466.64,457.08,35.13,113.90,0.4425,-1,-1,-1
185,36,491.20,454.73,27.32,97.78,0.4718,-1,-1,-1
185,39,1080.86,445.15,52.01,148.71,0.4483,-1,-1,-1
185,42,596.77,420.42,189.35,497.93,0.8955,-1,-1,-1
185,47,983.83,433.92,97.29,270.69,0.7750,-1,-1,-1
185,53,569.46,463.63,54.27,129.04,0.6141,-1,-1,-1
185,56,920.55,448.17,91.98,292.61,0.8375,-1,-1,-1
186,1,788.00,433.69,108.76,367.75,0.8803,-1,-1,-1
186,7,1153.82,441.41,41.46,104.96,0.7261,-1,-1,-1
186,32,510.59,453.65,34.76,107.04,0.5891,-1,-1,-1
186,34,466.31,457.40,34.80,114.96,0.5040,-1,-1,-1
186,36,491.47,454.97,27.05,97.50,0.4668,-1,-1,-1
186,39,1082.24,443.08,51.61,150.04,0.5131,-1,-1,-1
186,42,600.44,419.36,187.09,498.91,0.8916,-1,-1,-1
186,47,987.44,435.26,95.76,271.31,0.7776,-1,-1,-1
186,53,569.94,465.80,56.00,135.58,0.6585,-1,-1,-1
186,56,924.42,449.59,90.96,295.38,0.8407,-1,-1,-1
187,1,789.48,433.73,109.57,368.36,0.8748,-1,-1,-1
187,7,1153.43,440.57,43.21,105.65,0.7422,-1,-1,-1
187,27,420.35,468.25,32.83,97.82,0.3829,-1,-1,-1
187,32,509.97,453.37,34.62,107.41,0.5568,-1,-1,-1
187,34,466.07,457.12,34.29,115.63,0.4951,-1,-1,-1
187,36,491.78,455.42,26.90,97.68,0.4878,-1,-1,-1
187,39,1083.76,442.10,50.93,151.83,0.5032,-1,-1,-1
187,42,605.76,419.89,183.87,499.52,0.8819,-1,-1,-1
187,47,992.33,435.76,93.70,272.90,0.7604,-1,-1,-1
187,53,570.06,456.63,57.87,146.37,0.7150,-1,-1,-1
187,56,928.15,449.56,89.33,296.57,0.8332,-1,-1,-1
188,1,791.89,433.36,110.21,369.06,0.8766,-1,-1,-1
188,7,1152.51,440.06,44.25,106.11,0.7130,-1,-1,-1
188,32,510.10,453.40,34.24,107.52,0.5180,-1,-1,-1
188,34,465.88,458.53,33.51,114.90,0.4669,-1,-1,-1
188,36,491.05,456.17,27.49,98.51,0.5038,-1,-1,-1
188,39,1083.85,439.16,50.33,154.52,0.5306,-1,-1,-1
188,42,608.97,418.91,182.37,500.35,0.8770,-1,-1,-1
188,47,996.01,432.99,91.54,275.54,0.7435,-1,-1,-1
188,53,569.34,448.81,59.48,157.52,0.6600,-1,-1,-1
188,56,934.05,448.73,88.95,297.09,0.8368,-1,-1,-1
189,1,793.19,432.79,109.82,369.61,0.8924,-1,-1,-1
189,7,1152.06,440.27,45.20,106.16,0.7065,-1,-1,-1
189,27,421.03,468.83,32.36,98.65,0.3843,-1,-1,-1
189,32,510.21,453.12,34.08,107.87,0.6054,-1,-1,-1
189,34,465.82,461.28,34.50,113.76,0.4923,-1,-1,-1
189,36,490.29,456.78,28.23,100.02,0.5126,-1,-1,-1
189,39,1082.82,438.61,51.09,155.88,0.5649,-1,-1,-1
189,42,614.34,420.00,179.95,503.58,0.8536,-1,-1,-1
189,47,1000.31,432.61,89.21,276.30,0.7832,-1,-1,-1
189,53,568.63,444.82,60.43,165.82,0.6881,-1,-1,-1
189,56,940.21,447.00,91.52,299.50,0.8447,-1,-1,-1
190,1,795.46,431.85,110.55,369.98,0.8893,-1,-1,-1
190,7,1151.39,440.66,46.10,106.19,0.5470,-1,-1,-1
190,20,1150.57,448.24,36.24,100.15,0.6126,-1,-1,-1
190,27,421.84,469.60,31.94,99.10,0.3790,-1,-1,-1
190,32,511.59,453.57,33.96,107.91,0.5703,-1,-1,-1
190,34,465.38,461.27,34.48,113.79,0.5188,-1,-1,-1
190,36,490.45,457.09,28.79,100.74,0.5179,-1,-1,-1
190,39,1086.87,437.88,49.20,153.98,0.4359,-1,-1,-1
190,42,618.33,421.94,178.18,508.94,0.8372,-1,-1,-1
190,47,1004.00,432.43,87.32,276.51,0.8186,-1,-1,-1
190,53,568.40,446.45,60.85,167.40,0.7015,-1,-1,-1
190,56,945.24,445.72,95.03,301.34,0.8287,-1,-1,-1
191,1,796.53,431.09,109.76,370.20,0.8707,-1,-1,-1
191,20,1150.20,447.20,35.66,100.41,0.5990,-1,-1,-1
191,32,510.64,454.13,34.26,107.80,0.5774,-1,-1,-1
191,34,464.88,462.04,34.03,113.69,0.5285,-1,-1,-1
191,36,490.32,457.06,28.79,101.63,0.5155,-1,-1,-1
191,39,1090.86,436.84,46.37,150.90,0.3961,-1,-1,-1
191,42,622.05,422.04,176.70,512.40,0.8706,-1,-1,-1
191,47,1008.51,431.26,85.51,277.04,0.8190,-1,-1,-1
191,53,566.77,448.34,62.04,168.54,0.6617,-1,-1,-1
191,56,948.82,446.32,98.77,302.83,0.8576,-1,-1,-1
192,1,799.55,430.28,110.68,370.30,0.8849,-1,-1,-1
192,15,1176.41,450.35,27.82,95.03,0.4039,-1,-1,-1
192,20,1148.97,446.29,35.56,101.31,0.6198,-1,-1,-1
192,27,421.72,468.70,32.08,99.92,0.3715,-1,-1,-1
192,32,510.13,453.54,34.62,108.10,0.5541,-1,-1,-1
192,34,464.24,463.02,33.74,112.88,0.6198,-1,-1,-1
192,36,489.88,457.10,28.71,102.24,0.5008,-1,-1,-1
192,39,1092.50,438.78,44.72,150.54,0.3529,-1,-1,-1
192,42,625.54,424.61,176.44,520.14,0.8188,-1,-1,-1
192,47,1010.88,431.23,83.83,276.28,0.8161,-1,-1,-1
192,53,566.70,445.29,62.90,171.55,0.6827,-1,-1,-1
192,56,949.72,446.89,102.29,304.31,0.8780,-1,-1,-1
193,1,801.51,430.75,111.48,370.08,0.8744,-1,-1,-1
193,7,1150.91,439.37,47.95,106.73,0.3711,-1,-1,-1
193,15,1177.67,449.32,27.85,95.88,0.3989,-1,-1,-1
193,20,1148.63,444.08,36.50,102.90,0.6039,-1,-1,-1
193,32,510.73,453.30,34.51,108.42,0.5922,-1,-1,-1
193,34,462.43,460.10,33.81,113.86,0.5413,-1,-1,-1
193,36,488.75,456.53,29.21,102.59,0.5654,-1,-1,-1
193,39,1094.39,434.00,42.94,143.81,0.4025,-1,-1,-1
193,42,630.86,409.32,176.81,506.15,0.7859,-1,-1,-1
193,47,1015.28,431.63,83.68,275.71,0.8088,-1,-1,-1
193,50,545.76,452.36,26.57,68.73,0.3505,-1,-1,-1
193,53,566.35,445.96,64.26,172.15,0.7570,-1,-1,-1
193,56,949.94,448.08,105.32,306.17,0.8925,-1,-1,-1
194,1,804.84,431.31,113.00,370.63,0.8698,-1,-1,-1
194,13,1844.86,468.81,62.08,189.62,0.3726,-1,-1,-1
194,15,1176.98,447.91,29.23,97.62,0.5012,-1,-1,-1
194,20,1147.15,445.77,35.76,102.18,0.6572,-1,-1,-1
194,32,511.56,453.90,34.71,108.41,0.6154,-1,-1,-1
194,34,461.20,460.42,34.25,114.10,0.6212,-1,-1,-1
194,36,488.12,456.66,29.87,103.42,0.5731,-1,-1,-1
194,39,1095.69,433.23,41.67,139.43,0.5183,-1,-1,-1
194,42,632.67,421.25,177.54,517.63,0.8521,-1,-1,-1
194,47,1017.13,431.26,81.48,274.71,0.7653,-1,-1,-1
194,53,565.74,445.54,65.38,172.66,0.7931,-1,-1,-1
194,56,950.17,448.05,107.73,308.09,0.8856,-1,-1,-1
195,1,808.81,431.23,116.66,371.37,0.8406,-1,-1,-1
195,13,1844.07,470.70,62.67,187.11,0.3699,-1,-1,-1
195,15,1177.29,450.18,29.82,96.21,0.4775,-1,-1,-1
195,20,1146.48,445.79,36.21,102.22,0.6451,-1,-1,-1
195,32,511.85,453.86,35.26,108.79,0.6545,-1,-1,-1
195,34,460.37,460.45,34.73,114.55,0.6105,-1,-1,-1
195,36,487.43,456.14,30.50,103.64,0.5603,-1,-1,-1
195,39,1095.84,431.80,41.17,132.22,0.5397,-1,-1,-1
195,42,636.47,425.40,176.39,526.91,0.8385,-1,-1,-1
195,43,1703.59,431.82,79.95,149.42,0.3876,-1,-1,-1
195,47,1021.24,432.83,81.45,276.90,0.7364,-1,-1,-1
195,53,565.81,445.15,66.07,173.01,0.7910,-1,-1,-1
195,56,950.77,447.81,110.19,310.22,0.8678,-1,-1,-1
196,1,812.70,432.01,121.86,371.77,0.8707,-1,-1,-1
196,13,1843.04,473.11,62.82,184.58,0.4095,-1,-1,-1
196,15,1176.12,450.01,30.08,96.42,0.4347,-1,-1,-1
196,20,1145.81,445.50,35.88,102.43,0.7144,-1,-1,-1
196,32,512.79,453.73,35.15,109.06,0.6421,-1,-1,-1
196,34,460.22,458.81,34.56,114.84,0.5643,-1,-1,-1
196,36,487.04,456.01,31.21,104.02,0.6195,-1,-1,-1
196,39,1095.76,431.66,40.84,125.68,0.5403,-1,-1,-1
196,42,640.54,425.34,173.22,532.27,0.8261,-1,-1,-1
196,47,1027.63,432.31,84.90,279.82,0.7803,-1,-1,-1
196,53,566.80,445.62,66.66,173.10,0.7985,-1,-1,-1
196,56,951.69,447.92,112.01,311.68,0.8527,-1,-1,-1
197,1,816.06,431.94,128.27,372.45,0.8728,-1,-1,-1
197,13,1844.69,474.67,62.81,182.71,0.3591,-1,-1,-1
197,15,1178.71,451.96,31.53,95.07,0.5313,-1,-1,-1
197,20,1145.47,445.03,35.87,102.68,0.7328,-1,-1,-1
197,32,513.98,454.12,35.09,109.10,0.6365,-1,-1,-1
197,34,459.89,456.53,34.38,116.06,0.5183,-1,-1,-1
197,36,486.52,455.87,31.93,104.38,0.6284,-1,-1,-1
197,39,1097.30,432.65,39.49,121.33,0.5590,-1,-1,-1
197,42,643.46,424.95,170.11,536.18,0.7833,-1,-1,-1
197,47,1031.94,434.74,87.28,280.61,0.7916,-1,-1,-1
197,53,567.79,445.47,66.22,173.59,0.7798,-1,-1,-1
197,56,953.35,447.47,112.53,312.82,0.8160,-1,-1,-1
198,1,819.19,432.60,133.61,372.96,0.8799,-1,-1,-1
198,15,1182.05,450.41,32.58,95.56,0.6233,-1,-1,-1
198,20,1144.74,444.83,36.33,102.75,0.7879,-1,-1,-1
198,32,514.11,453.99,35.46,109.08,0.5867,-1,-1,-1
198,34,459.25,456.48,34.32,116.83,0.5227,-1,-1,-1
198,36,485.42,454.02,32.68,105.75,0.6264,-1,-1,-1
198,39,1098.92,433.45,38.21,117.60,0.5499,-1,-1,-1
198,42,646.01,421.31,167.90,536.90,0.7997,-1,-1,-1
198,47,1035.56,435.85,89.46,280.73,0.8007,-1,-1,-1
198,53,568.98,448.79,66.69,172.20,0.8346,-1,-1,-1
198,56,958.45,448.82,111.23,312.59,0.7905,-1,-1,-1
199,1,821.81,433.30,140.14,374.02,0.8676,-1,-1,-1
199,15,1183.78,447.93,32.93,96.93,0.6005,-1,-1,-1
199,20,1143.13,444.86,36.11,103.36,0.7662,-1,-1,-1
199,32,515.21,453.58,35.24,109.54,0.5858,-1,-1,-1
199,36,485.48,454.42,33.29,105.89,0.5853,-1,-1,-1
199,39,1099.19,434.10,37.72,116.04,0.5020,-1,-1,-1
199,42,651.73,421.24,167.40,537.68,0.7953,-1,-1,-1
199,47,1038.17,434.11,91.33,282.01,0.7913,-1,-1,-1
199,53,569.42,449.37,67.20,171.29,0.8439,-1,-1,-1
199,56,964.65,447.74,108.34,312.52,0.7852,-1,-1,-1
200,1,824.03,435.24,145.99,373.36,0.8636,-1,-1,-1
200,13,1845.53,476.55,61.83,180.75,0.3847,-1,-1,-1
200,15,1183.87,446.22,33.85,98.21,0.5685,-1,-1,-1
200,20,1142.32,444.05,35.79,104.13,0.7258,-1,-1,-1
200,32,514.68,452.66,35.30,109.97,0.5665,-1,-1,-1
200,34,457.63,456.47,34.09,117.15,0.4258,-1,-1,-1
200,36,484.86,454.99,33.29,105.63,0.6344,-1,-1,-1
200,39,1100.65,434.16,36.57,114.45,0.5138,-1,-1,-1
200,42,654.73,421.24,167.74,538.29,0.8123,-1,-1,-1
200,47,1040.88,434.29,92.20,281.55,0.7723,-1,-1,-1
200,53,569.40,450.91,67.73,170.30,0.8227,-1,-1,-1
200,56,971.69,448.14,103.76,313.20,0.7846,-1,-1,-1
201,1,825.95,436.81,147.65,374.31,0.8785,-1,-1,-1
201,15,1185.08,443.63,34.05,100.22,0.5734,-1,-1,-1
201,20,1140.51,442.71,36.20,105.38,0.6846,-1,-1,-1
201,32,514.73,452.67,34.34,109.82,0.5423,-1,-1,-1
201,34,455.94,455.90,35.49,117.46,0.5392,-1,-1,-1
201,36,484.70,455.36,33.16,105.31,0.5978,-1,-1,-1
201,42,660.85,422.16,167.30,539.38,0.7816,-1,-1,-1
201,47,1043.50,436.92,93.17,282.94,0.8277,-1,-1,-1
201,53,570.13,450.48,67.94,169.86,0.8326,-1,-1,-1
201,56,977.23,447.16,99.94,313.09,0.7686,-1,-1,-1
202,1,827.81,438.21,148.72,375.48,0.8916,-1,-1,-1
202,15,1185.43,444.82,34.83,100.23,0.5966,-1,-1,-1
202,20,1138.59,443.49,36.87,105.22,0.6421,-1,-1,-1
202,32,515.08,452.18,34.21,110.12,0.6113,-1,-1,-1
202,34,454.05,461.60,36.87,114.45,0.4657,-1,-1,-1
202,36,484.07,456.14,33.01,104.74,0.6187,-1,-1,-1
202,42,663.60,421.36,168.48,542.27,0.7663,-1,-1,-1
202,47,1046.30,438.44,93.17,284.91,0.8087,-1,-1,-1
202,53,571.23,451.65,68.69,169.06,0.8377,-1,-1,-1
202,56,983.62,446.35,97.42,313.60,0.7609,-1,-1,-1
203,1,829.35,438.45,149.07,376.47,0.9033,-1,-1,-1
203,9,968.40,442.99,42.95,83.60,0.3699,-1,-1,-1
203,15,1185.55,443.80,35.52,101.39,0.6331,-1,-1,-1
203,20,1135.90,443.69,36.39,104.85,0.6650,-1,-1,-1
203,32,513.00,452.47,33.84,109.82,0.5516,-1,-1,-1
203,34,453.13,459.72,37.62,114.12,0.4419,-1,-1,-1
203,36,483.28,456.50,32.78,104.56,0.5928,-1,-1,-1
203,42,667.89,422.15,168.25,545.68,0.7859,-1,-1,-1
203,44,513.93,454.03,29.27,74.87,0.3735,-1,-1,-1
203,47,1050.30,439.34,92.33,286.82,0.7410,-1,-1,-1
203,53,572.42,451.89,69.06,168.98,0.8228,-1,-1,-1
203,56,988.36,445.99,94.16,313.38,0.7850,-1,-1,-1
204,1,830.04,437.88,149.33,377.39,0.8997,-1,-1,-1
204,15,1186.45,444.78,35.64,101.29,0.6836,-1,-1,-1
204,20,1134.96,444.10,35.88,104.32,0.6594,-1,-1,-1
204,32,511.93,452.10,33.32,109.11,0.4683,-1,-1,-1
204,34,452.52,460.49,38.23,113.70,0.5029,-1,-1,-1
204,36,482.95,456.84,32.46,104.04,0.6020,-1,-1,-1
204,42,673.70,422.80,166.36,549.57,0.7453,-1,-1,-1
204,44,513.12,453.50,29.96,75.08,0.3575,-1,-1,-1
204,47,1054.90,436.97,90.94,288.09,0.7729,-1,-1,-1
204,53,573.53,454.28,68.79,167.74,0.8163,-1,-1,-1
204,56,993.01,445.73,92.26,313.12,0.8178,-1,-1,-1
205,1,830.82,435.91,149.43,378.95,0.9013,-1,-1,-1
205,15,1186.86,443.47,36.18,102.64,0.7031,-1,-1,-1
205,20,1134.99,443.24,34.80,104.43,0.5881,-1,-1,-1
205,32,512.52,452.95,32.77,108.78,0.5218,-1,-1,-1
205,34,450.76,461.89,39.30,113.18,0.3833,-1,-1,-1
205,36,482.92,457.18,31.89,103.51,0.5599,-1,-1,-1
205,42,677.81,423.21,164.91,554.00,0.7642,-1,-1,-1
205,47,1059.34,435.11,89.84,289.50,0.7920,-1,-1,-1
205,53,575.54,455.47,68.25,166.67,0.8023,-1,-1,-1
205,56,997.64,446.28,90.44,312.91,0.8565,-1,-1,-1
206,1,831.84,434.30,149.39,380.25,0.8976,-1,-1,-1
206,13,1841.82,471.44,63.19,183.46,0.4392,-1,-1,-1
206,15,1187.98,443.73,36.15,103.03,0.7183,-1,-1,-1
206,20,1134.81,443.25,33.85,104.18,0.5260,-1,-1,-1
206,32,513.07,453.26,32.33,108.80,0.4878,-1,-1,-1
206,36,483.35,457.44,31.53,103.12,0.5740,-1,-1,-1
206,42,681.43,423.34,164.34,559.70,0.7732,-1,-1,-1
206,44,513.80,454.15,29.91,76.07,0.3638,-1,-1,-1
206,47,1063.82,433.95,89.11,290.96,0.7708,-1,-1,-1
206,53,577.85,455.97,68.04,166.29,0.8082,-1,-1,-1
206,56,1001.91,445.55,90.30,313.46,0.8099,-1,-1,-1
207,1,832.90,433.43,149.10,381.32,0.8804,-1,-1,-1
207,15,1189.76,442.22,36.53,104.32,0.6568,-1,-1,-1
207,20,1134.80,443.62,33.03,103.70,0.5042,-1,-1,-1
207,32,513.80,453.63,32.14,108.50,0.5270,-1,-1,-1
207,34,448.97,463.45,39.50,112.27,0.4227,-1,-1,-1
207,36,483.41,457.73,31.12,103.13,0.6044,-1,-1,-1
207,42,683.62,422.67,165.47,564.42,0.7819,-1,-1,-1
207,47,1068.29,433.56,87.11,291.99,0.7803,-1,-1,-1
207,53,580.08,455.97,68.30,166.07,0.8132,-1,-1,-1
207,56,1008.22,446.22,93.49,314.61,0.8455,-1,-1,-1
208,1,837.48,432.31,152.49,382.53,0.8478,-1,-1,-1
208,15,1190.64,444.97,36.23,102.84,0.7471,-1,-1,-1
208,20,1134.79,444.81,32.45,103.45,0.5551,-1,-1,-1
208,32,513.88,453.92,32.75,107.96,0.6550,-1,-1,-1
208,34,448.60,462.98,38.77,111.90,0.4973,-1,-1,-1
208,36,483.20,457.73,31.44,103.32,0.5992,-1,-1,-1
208,42,683.19,419.90,166.92,567.48,0.8263,-1,-1,-1
208,47,1071.04,435.13,84.73,294.92,0.6864,-1,-1,-1
208,53,582.15,454.39,68.47,166.93,0.8331,-1,-1,-1
208,56,1016.99,444.71,101.70,317.18,0.7986,-1,-1,-1
209,1,837.79,432.53,149.89,382.81,0.8769,-1,-1,-1
209,13,1843.07,471.92,63.83,183.82,0.3515,-1,-1,-1
209,15,1191.69,444.78,35.80,102.98,0.8178,-1,-1,-1
209,20,1135.19,445.37,31.97,104.33,0.4280,-1,-1,-1
209,32,513.55,454.10,33.62,107.68,0.6120,-1,-1,-1
209,34,448.81,463.28,37.61,111.76,0.4890,-1,-1,-1
209,36,482.71,457.88,31.45,103.21,0.5975,-1,-1,-1
209,42,684.48,416.41,166.65,570.75,0.8323,-1,-1,-1
209,47,1076.41,433.43,82.65,295.49,0.5644,-1,-1,-1
209,53,583.09,453.21,68.89,167.77,0.8267,-1,-1,-1
209,56,1024.07,443.20,110.45,319.01,0.8350,-1,-1,-1
210,1,839.88,432.25,148.53,383.52,0.8657,-1,-1,-1
210,7,1157.09,434.16,32.92,96.82,0.3589,-1,-1,-1
210,13,1842.67,473.29,63.49,183.07,0.3968,-1,-1,-1
210,15,1192.41,445.23,36.00,102.57,0.8352,-1,-1,-1
210,32,513.26,454.49,34.26,107.08,0.6358,-1,-1,-1
210,34,446.81,463.78,37.33,111.23,0.4774,-1,-1,-1
210,36,482.42,457.86,31.10,103.30,0.4583,-1,-1,-1
210,42,683.29,413.94,168.11,573.65,0.8251,-1,-1,-1
210,47,1082.28,433.45,83.68,297.46,0.6521,-1,-1,-1
210,53,585.41,452.66,69.06,168.20,0.8216,-1,-1,-1
210,56,1028.86,443.80,121.50,320.18,0.8786,-1,-1,-1
211,1,844.34,431.66,146.32,384.08,0.8563,-1,-1,-1
211,7,1159.49,435.66,29.31,93.88,0.4154,-1,-1,-1
211,13,1842.58,473.86,64.02,182.83,0.3561,-1,-1,-1
211,15,1193.14,445.55,36.08,102.21,0.8374,-1,-1,-1
211,32,512.25,454.40,34.48,106.87,0.6058,-1,-1,-1
211,34,446.14,462.62,37.54,110.85,0.5472,-1,-1,-1
211,36,481.99,457.56,31.05,103.28,0.4475,-1,-1,-1
211,42,684.52,412.74,168.55,575.81,0.8460,-1,-1,-1
211,53,587.16,451.90,69.23,168.55,0.8377,-1,-1,-1
211,56,1031.02,443.01,132.85,321.04,0.8691,-1,-1,-1
212,1,850.76,431.22,144.22,384.40,0.8744,-1,-1,-1
212,13,1843.05,473.89,63.46,182.59,0.3620,-1,-1,-1
212,15,1195.17,446.27,35.75,101.51,0.8005,-1,-1,-1
212,32,512.06,453.44,35.71,107.15,0.6073,-1,-1,-1
212,34,444.02,462.33,38.68,109.38,0.3763,-1,-1,-1
212,36,482.45,457.56,30.78,103.21,0.5135,-1,-1,-1
212,42,685.84,412.02,169.06,577.87,0.7920,-1,-1,-1
212,47,1091.21,426.89,81.35,291.41,0.4005,-1,-1,-1
212,53,588.71,452.39,69.39,168.33,0.8283,-1,-1,-1
212,56,1031.16,444.59,141.31,321.02,0.8791,-1,-1,-1
213,1,858.82,429.63,140.61,383.57,0.8575,-1,-1,-1
213,15,1196.27,444.80,35.73,101.86,0.7641,-1,-1,-1
213,32,511.39,452.65,36.00,107.51,0.6135,-1,-1,-1
213,34,443.80,459.61,38.88,107.83,0.5236,-1,-1,-1
213,36,482.48,457.45,30.35,103.10,0.5042,-1,-1,-1
213,42,687.64,412.17,170.31,578.98,0.7878,-1,-1,-1
213,47,1098.13,428.13,79.25,288.80,0.4629,-1,-1,-1
213,53,590.07,452.80,69.97,168.50,0.8391,-1,-1,-1
213,56,1028.88,447.06,147.06,320.85,0.8750,-1,-1,-1
214,1,866.40,429.11,135.84,383.36,0.8753,-1,-1,-1
214,15,1197.73,444.98,35.58,101.38,0.7524,-1,-1,-1
214,32,511.47,453.01,36.15,107.48,0.6018,-1,-1,-1
214,34,442.44,458.35,39.63,106.27,0.4630,-1,-1,-1
214,36,482.29,457.39,30.15,103.08,0.5051,-1,-1,-1
214,42,693.14,410.27,169.71,579.84,0.7796,-1,-1,-1
214,53,590.87,451.44,70.03,169.48,0.8322,-1,-1,-1
214,56,1027.27,448.05,151.40,321.33,0.8791,-1,-1,-1
214,62,1025.70,442.50,39.80,90.86,0.4320,-1,-1,-1
215,1,872.95,431.73,132.32,384.47,0.8704,-1,-1,-1
215,15,1198.99,443.67,35.44,101.61,0.6805,-1,-1,-1
215,32,511.12,453.11,36.79,107.50,0.6232,-1,-1,-1
215,34,443.86,461.93,39.86,106.32,0.4405,-1,-1,-1
215,36,482.67,457.27,29.63,103.39,0.5103,-1,-1,-1
215,42,697.82,410.90,169.16,580.97,0.8107,-1,-1,-1
215,47,1109.08,435.30,79.52,291.33,0.4910,-1,-1,-1
215,53,592.52,449.48,69.81,170.94,0.8176,-1,-1,-1
215,56,1026.41,447.96,155.67,322.34,0.8386,-1,-1,-1
215,62,1028.08,439.79,42.47,93.48,0.3699,-1,-1,-1
215,64,569.30,458.16,20.77,66.44,0.4947,-1,-1,-1
216,1,878.40,432.76,129.80,385.32,0.9095,-1,-1,-1
216,15,1201.57,444.35,34.44,101.59,0.7173,-1,-1,-1
216,32,510.88,453.35,37.45,107.34,0.6319,-1,-1,-1
216,34,442.74,459.85,40.42,107.56,0.4577,-1,-1,-1
216,36,482.93,456.69,29.41,103.40,0.4965,-1,-1,-1
216,42,702.85,411.00,168.21,581.36,0.8255,-1,-1,-1
216,47,1119.37,433.48,85.01,293.94,0.5353,-1,-1,-1
216,53,594.04,450.38,69.71,171.13,0.8370,-1,-1,-1
216,56,1027.13,446.04,158.27,324.38,0.8614,-1,-1,-1
216,61,659.26,460.85,26.03,76.87,0.3546,-1,-1,-1
216,62,1030.53,438.63,45.72,98.54,0.4657,-1,-1,-1
216,64,569.53,461.53,20.79,63.79,0.4913,-1,-1,-1
217,1,881.69,432.79,128.16,386.92,0.8983,-1,-1,-1
217,15,1203.63,445.98,34.13,100.98,0.6717,-1,-1,-1
217,32,510.97,452.83,37.34,107.80,0.6413,-1,-1,-1
217,34,440.57,459.72,41.78,107.03,0.4524,-1,-1,-1
217,36,482.55,456.80,29.29,103.21,0.5520,-1,-1,-1
217,42,703.72,408.81,169.25,581.27,0.8379,-1,-1,-1
217,47,1125.96,432.08,86.25,297.20,0.5643,-1,-1,-1
217,53,595.42,451.69,70.30,171.20,0.8362,-1,-1,-1
217,56,1028.18,445.49,159.09,325.07,0.8465,-1,-1,-1
217,61,660.10,460.73,26.35,77.56,0.3544,-1,-1,-1
217,62,1033.12,436.22,48.48,97.18,0.3987,-1,-1,-1
217,64,569.74,462.19,20.60,62.46,0.5030,-1,-1,-1
218,1,884.69,431.64,127.34,389.22,0.8720,-1,-1,-1
218,15,1205.27,447.01,34.16,100.30,0.6852,-1,-1,-1
218,32,510.61,453.82,37.06,107.05,0.6629,-1,-1,-1
218,36,482.72,456.69,29.09,103.11,0.5774,-1,-1,-1
218,42,707.19,409.58,173.83,584.55,0.7987,-1,-1,-1
218,47,1134.17,429.97,91.88,298.68,0.7307,-1,-1,-1
218,53,596.80,454.88,70.19,169.92,0.8417,-1,-1,-1
218,56,1031.45,446.02,158.01,325.04,0.8744,-1,-1,-1
218,61,659.55,461.10,26.57,77.45,0.3993,-1,-1,-1
218,62,1035.36,435.81,51.56,95.41,0.4311,-1,-1,-1
218,64,569.41,461.66,20.42,62.13,0.5122,-1,-1,-1
219,1,887.75,431.21,126.13,391.96,0.8615,-1,-1,-1
219,15,1205.55,447.98,35.04,99.56,0.6547,-1,-1,-1
219,32,510.36,454.34,37.19,106.69,0.6594,-1,-1,-1
219,36,482.18,457.57,29.50,102.24,0.5202,-1,-1,-1
219,42,710.05,407.36,179.47,586.74,0.8206,-1,-1,-1
219,47,1137.86,432.36,91.24,297.76,0.4436,-1,-1,-1
219,53,597.18,455.88,69.93,169.54,0.8020,-1,-1,-1
219,56,1034.41,445.97,156.68,324.77,0.8443,-1,-1,-1
219,61,659.36,460.91,26.42,76.74,0.3839,-1,-1,-1
219,64,569.69,461.73,20.28,61.83,0.4991,-1,-1,-1
219,65,1034.49,440.56,53.76,137.84,0.4951,-1,-1,-1
220,1,890.13,431.89,125.38,395.64,0.8672,-1,-1,-1
220,15,1207.32,448.73,36.17,100.23,0.5802,-1,-1,-1
220,32,509.59,454.29,37.61,106.55,0.6525,-1,-1,-1
220,36,480.45,458.12,30.50,101.35,0.5402,-1,-1,-1
220,42,712.30,405.54,184.40,587.80,0.7952,-1,-1,-1
220,47,1138.33,434.74,84.81,300.62,0.3559,-1,-1,-1
220,53,598.59,455.78,69.70,169.59,0.8571,-1,-1,-1
220,56,1041.22,444.45,152.59,325.23,0.8463,-1,-1,-1
220,64,569.85,461.40,20.59,62.45,0.5074,-1,-1,-1
220,65,1035.83,441.90,52.90,138.93,0.5053,-1,-1,-1
221,1,893.33,432.45,125.21,399.76,0.8788,-1,-1,-1
221,15,1209.98,449.44,37.24,99.35,0.6504,-1,-1,-1
221,32,509.17,454.07,37.36,106.55,0.6265,-1,-1,-1
221,36,480.30,458.54,31.38,101.58,0.6067,-1,-1,-1
221,42,717.42,403.69,192.52,590.08,0.8074,-1,-1,-1
221,47,1147.55,434.03,87.42,299.45,0.3923,-1,-1,-1
221,53,599.84,452.22,69.50,171.24,0.8118,-1,-1,-1
221,56,1048.85,441.83,146.65,327.10,0.8662,-1,-1,-1
221,61,659.39,461.20,25.76,74.31,0.3545,-1,-1,-1
221,64,570.32,460.13,20.56,63.17,0.5221,-1,-1,-1
221,65,1037.60,439.88,50.80,130.32,0.3744,-1,-1,-1
222,1,895.58,431.53,125.05,402.27,0.8720,-1,-1,-1
222,15,1213.76,449.86,38.70,98.61,0.6466,-1,-1,-1
222,32,509.09,454.23,37.03,106.64,0.6759,-1,-1,-1
222,36,479.64,457.55,31.70,102.15,0.6207,-1,-1,-1
222,42,722.94,401.78,204.39,592.34,0.8105,-1,-1,-1
222,47,1153.10,434.88,86.60,298.48,0.6195,-1,-1,-1
222,53,601.11,451.67,69.41,172.03,0.8304,-1,-1,-1
222,56,1058.15,440.31,138.99,328.10,0.8262,-1,-1,-1
222,64,570.85,458.85,20.36,63.85,0.5321,-1,-1,-1
222,65,1039.65,441.66,49.47,124.70,0.4763,-1,-1,-1
223,1,898.07,431.30,126.19,404.62,0.8884,-1,-1,-1
223,15,1216.90,448.82,39.14,98.91,0.6503,-1,-1,-1
223,32,508.47,454.29,37.14,106.93,0.6828,-1,-1,-1
223,36,479.59,457.01,31.79,102.42,0.6609,-1,-1,-1
223,42,727.00,401.15,218.12,594.00,0.8287,-1,-1,-1
223,53,600.90,453.56,67.19,171.34,0.7664,-1,-1,-1
223,56,1069.69,440.16,130.58,329.31,0.8683,-1,-1,-1
223,64,571.04,457.35,20.23,64.46,0.4995,-1,-1,-1
223,65,1041.46,444.06,48.90,124.87,0.5208,-1,-1,-1
224,1,900.24,432.33,126.53,406.72,0.8787,-1,-1,-1
224,15,1219.17,448.68,39.91,99.38,0.6296,-1,-1,-1
224,32,509.14,454.15,37.64,107.23,0.6963,-1,-1,-1
224,36,479.60,456.80,31.95,102.64,0.6472,-1,-1,-1
224,42,728.16,400.03,232.95,595.23,0.8206,-1,-1,-1
224,47,1160.44,432.74,81.03,299.41,0.6639,-1,-1,-1
224,53,602.37,454.06,66.89,170.85,0.7684,-1,-1,-1
224,56,1081.93,440.41,120.84,329.82,0.8231,-1,-1,-1
224,64,571.00,455.83,20.50,65.54,0.5126,-1,-1,-1
224,65,1042.93,446.07,49.48,127.86,0.4342,-1,-1,-1
225,1,902.46,433.21,126.28,409.54,0.8806,-1,-1,-1
225,15,1221.30,448.84,39.31,99.50,0.5499,-1,-1,-1
225,32,509.96,454.71,37.41,107.06,0.6944,-1,-1,-1
225,34,428.26,467.83,47.93,107.45,0.4074,-1,-1,-1
225,36,479.19,456.70,32.79,103.03,0.6721,-1,-1,-1
225,42,733.82,399.15,242.76,595.92,0.8345,-1,-1,-1
225,47,1167.28,430.47,75.12,300.19,0.6429,-1,-1,-1
225,53,604.31,454.72,66.67,172.05,0.7866,-1,-1,-1
225,56,1092.10,440.99,112.62,330.59,0.8329,-1,-1,-1
225,64,570.71,455.23,21.61,65.95,0.5065,-1,-1,-1
225,65,1046.17,444.81,49.34,125.39,0.4546,-1,-1,-1
226,1,904.72,433.00,127.34,411.50,0.8618,-1,-1,-1
226,15,1223.61,450.06,38.26,98.65,0.5651,-1,-1,-1
226,32,509.51,454.30,37.23,107.29,0.6791,-1,-1,-1
226,34,426.84,468.74,49.16,106.92,0.3654,-1,-1,-1
226,36,477.98,456.76,33.52,103.72,0.6944,-1,-1,-1
226,42,737.97,400.45,253.37,595.23,0.7703,-1,-1,-1
226,47,1171.46,429.50,71.54,300.82,0.7477,-1,-1,-1
226,53,605.45,455.27,66.44,172.86,0.7944,-1,-1,-1
226,56,1100.10,441.95,106.33,333.02,0.8286,-1,-1,-1
226,64,569.88,455.17,22.59,66.72,0.4606,-1,-1,-1
226,65,1046.37,444.91,48.47,123.95,0.3535,-1,-1,-1
227,1,905.96,431.45,128.15,411.66,0.8603,-1,-1,-1
227,15,1225.90,449.89,37.17,98.34,0.4785,-1,-1,-1
227,32,508.39,453.74,36.87,107.64,0.6393,-1,-1,-1
227,34,425.63,466.83,49.99,108.51,0.4543,-1,-1,-1
227,36,476.30,456.47,33.80,104.13,0.6815,-1,-1,-1
227,42,748.05,404.57,260.55,592.59,0.7899,-1,-1,-1
227,47,1175.41,428.16,69.67,302.06,0.7560,-1,-1,-1
227,53,606.67,453.95,65.17,174.54,0.7621,-1,-1,-1
227,56,1106.90,441.38,102.20,335.79,0.8309,-1,-1,-1
227,64,569.78,456.05,22.90,66.78,0.4304,-1,-1,-1
228,1,907.40,430.36,128.40,412.20,0.8658,-1,-1,-1
228,13,1833.88,468.82,70.37,185.30,0.3998,-1,-1,-1
228,15,1226.74,450.08,36.77,98.16,0.4751,-1,-1,-1
228,32,507.79,452.56,36.77,108.26,0.6870,-1,-1,-1
228,34,423.98,465.82,50.46,109.16,0.3543,-1,-1,-1
228,36,474.23,456.32,34.63,104.28,0.6757,-1,-1,-1
228,42,750.19,404.22,267.90,593.19,0.7940,-1,-1,-1
228,47,1180.49,427.13,69.70,303.10,0.7547,-1,-1,-1
228,53,607.54,452.91,63.61,176.22,0.7499,-1,-1,-1
228,56,1112.78,442.08,100.42,340.02,0.8398,-1,-1,-1
228,64,569.08,456.91,23.48,66.51,0.3938,-1,-1,-1
229,1,907.33,429.12,129.46,412.79,0.8607,-1,-1,-1
229,13,1834.97,471.88,71.21,183.66,0.3624,-1,-1,-1
229,32,507.67,452.13,36.59,108.47,0.6672,-1,-1,-1
229,34,423.49,466.25,51.61,109.64,0.6551,-1,-1,-1
229,36,473.09,456.22,35.24,104.34,0.6934,-1,-1,-1
229,42,756.65,404.01,271.64,594.43,0.8206,-1,-1,-1
229,47,1185.70,425.43,69.38,304.73,0.6635,-1,-1,-1
229,53,608.77,454.16,63.18,176.28,0.7546,-1,-1,-1
229,56,1120.92,443.00,99.45,342.22,0.8063,-1,-1,-1
229,64,569.30,457.39,23.77,66.41,0.4289,-1,-1,-1
229,67,588.22,452.76,23.56,68.08,0.4412,-1,-1,-1
230,1,908.19,428.03,130.34,413.40,0.8524,-1,-1,-1
230,32,508.91,451.91,36.33,108.60,0.7171,-1,-1,-1
230,34,423.07,467.03,51.66,109.45,0.6390,-1,-1,-1
230,36,472.46,456.46,35.61,104.17,0.7330,-1,-1,-1
230,42,765.45,408.43,272.19,592.54,0.8299,-1,-1,-1
230,47,1192.99,426.74,68.94,305.73,0.6072,-1,-1,-1
230,53,610.78,452.16,62.37,177.35,0.7844,-1,-1,-1
230,56,1127.73,444.03,100.38,343.35,0.8318,-1,-1,-1
230,60,1853.88,387.24,66.14,266.61,0.3637,-1,-1,-1
230,64,569.10,456.67,24.04,66.45,0.4300,-1,-1,-1
231,1,910.59,427.69,130.25,414.37,0.8602,-1,-1,-1
231,32,509.74,451.67,36.33,108.47,0.6976,-1,-1,-1
231,34,422.60,466.49,51.74,109.83,0.6627,-1,-1,-1
231,36,472.24,456.32,35.82,103.97,0.7362,-1,-1,-1
231,42,766.11,409.44,274.75,591.90,0.8353,-1,-1,-1
231,47,1198.07,426.31,69.42,306.85,0.3698,-1,-1,-1
231,53,613.09,450.91,63.01,178.56,0.7930,-1,-1,-1
231,56,1135.27,443.43,105.42,344.26,0.8344,-1,-1,-1
231,60,1851.23,386.71,68.27,268.71,0.4032,-1,-1,-1
231,64,569.28,456.41,23.87,66.44,0.5040,-1,-1,-1
231,65,1058.43,448.55,50.07,131.73,0.4187,-1,-1,-1
231,68,675.74,481.01,53.76,119.99,0.4429,-1,-1,-1
232,1,912.52,427.46,129.83,414.94,0.8439,-1,-1,-1
232,32,510.03,451.03,36.32,107.89,0.6272,-1,-1,-1
232,34,421.58,465.69,50.47,110.65,0.6331,-1,-1,-1
232,36,471.88,456.12,35.79,103.74,0.6895,-1,-1,-1
232,42,768.01,409.83,275.86,591.41,0.8334,-1,-1,-1
232,53,614.17,450.64,62.39,178.91,0.7974,-1,-1,-1
232,56,1140.46,443.38,112.68,346.09,0.8441,-1,-1,-1
232,59,1099.54,440.74,32.75,106.53,0.4193,-1,-1,-1
232,64,569.43,456.60,23.65,66.31,0.4465,-1,-1,-1
232,65,1059.17,448.02,51.84,136.66,0.4188,-1,-1,-1
232,67,588.31,451.05,24.55,70.48,0.4680,-1,-1,-1
232,68,676.05,481.94,52.77,119.28,0.4362,-1,-1,-1
232,69,750.43,435.32,87.09,167.19,0.5689,-1,-1,-1
233,1,914.96,427.66,129.69,416.56,0.8342,-1,-1,-1
233,32,509.48,451.16,36.77,108.22,0.6793,-1,-1,-1
233,34,421.52,465.40,49.18,111.24,0.6422,-1,-1,-1
233,36,472.81,456.18,35.33,103.60,0.6549,-1,-1,-1
233,42,769.86,408.56,274.97,591.13,0.8483,-1,-1,-1
233,47,1208.42,428.35,70.68,310.10,0.6296,-1,-1,-1
233,53,615.73,450.09,62.03,178.90,0.8049,-1,-1,-1
233,56,1142.15,443.74,118.91,347.34,0.8441,-1,-1,-1
233,59,1099.82,441.64,32.94,105.59,0.3645,-1,-1,-1
233,64,569.25,456.88,23.48,66.05,0.4659,-1,-1,-1
233,65,1061.13,448.33,50.28,136.58,0.3676,-1,-1,-1
233,67,588.81,452.24,23.78,68.95,0.3650,-1,-1,-1
233,68,677.03,482.32,51.08,117.46,0.4489,-1,-1,-1
234,1,921.07,428.39,128.05,416.70,0.8206,-1,-1,-1
234,32,508.77,451.23,37.24,108.62,0.6227,-1,-1,-1
234,34,422.07,466.27,48.43,110.90,0.5913,-1,-1,-1
234,36,472.59,456.01,35.33,103.48,0.6434,-1,-1,-1
234,42,778.28,408.88,269.75,590.22,0.8129,-1,-1,-1
234,47,1213.69,427.36,70.85,312.99,0.6702,-1,-1,-1
234,53,617.19,451.19,61.29,178.72,0.8186,-1,-1,-1
234,56,1142.55,444.77,123.73,349.22,0.8522,-1,-1,-1
234,64,569.19,456.87,23.93,65.78,0.4341,-1,-1,-1
234,65,1063.23,448.36,49.17,137.34,0.3519,-1,-1,-1
234,67,589.22,452.28,23.83,68.70,0.3642,-1,-1,-1
234,68,678.11,483.25,50.06,116.94,0.4276,-1,-1,-1
234,70,1214.55,427.15,67.04,176.81,0.4010,-1,-1,-1
235,1,925.07,428.56,127.17,416.98,0.8169,-1,-1,-1
235,20,1121.78,445.24,26.93,101.70,0.3783,-1,-1,-1
235,32,508.26,450.88,37.39,109.02,0.6697,-1,-1,-1
235,34,422.02,466.46,46.93,110.81,0.6484,-1,-1,-1
235,36,474.66,456.32,34.63,103.89,0.6157,-1,-1,-1
235,42,781.58,410.19,266.41,589.40,0.8158,-1,-1,-1
235,47,1219.24,426.60,73.08,315.72,0.7083,-1,-1,-1
235,53,618.40,450.55,60.92,178.65,0.8113,-1,-1,-1
235,56,1142.91,444.69,127.89,352.17,0.8368,-1,-1,-1
235,64,568.46,457.01,24.20,65.53,0.4120,-1,-1,-1
235,68,678.35,482.94,49.56,117.17,0.4209,-1,-1,-1
236,1,929.37,427.28,124.90,416.66,0.8340,-1,-1,-1
236,20,1122.30,445.41,25.17,100.57,0.4195,-1,-1,-1
236,32,507.42,451.34,37.22,109.09,0.6170,-1,-1,-1
236,34,421.58,466.22,45.10,110.78,0.5869,-1,-1,-1
236,36,475.53,456.62,33.76,104.10,0.6144,-1,-1,-1
236,42,786.13,411.36,262.51,588.27,0.8024,-1,-1,-1
236,47,1224.53,426.65,76.20,317.98,0.6625,-1,-1,-1
236,53,620.04,450.58,61.79,178.85,0.8368,-1,-1,-1
236,56,1142.15,443.96,131.78,355.06,0.8466,-1,-1,-1
236,64,568.51,456.78,24.03,65.87,0.4809,-1,-1,-1
236,65,1066.71,447.90,51.02,142.30,0.3678,-1,-1,-1
236,68,678.51,482.98,48.69,118.06,0.3690,-1,-1,-1
236,69,757.33,434.61,102.29,194.32,0.3804,-1,-1,-1
237,1,934.08,419.06,123.00,406.58,0.7286,-1,-1,-1
237,20,1122.45,445.22,24.42,100.40,0.4666,-1,-1,-1
237,32,507.16,451.47,37.21,109.29,0.6001,-1,-1,-1
237,34,420.26,465.72,43.83,110.41,0.4308,-1,-1,-1
237,36,476.13,456.59,32.23,104.16,0.5395,-1,-1,-1
237,42,791.23,410.13,257.08,588.80,0.7700,-1,-1,-1
237,47,1228.92,427.29,77.34,319.50,0.6471,-1,-1,-1
237,53,621.92,449.87,62.40,179.43,0.8127,-1,-1,-1
237,56,1141.68,443.12,133.88,357.66,0.8533,-1,-1,-1
237,60,1865.55,388.80,57.90,264.39,0.3803,-1,-1,-1
237,64,568.31,456.33,24.06,66.50,0.4842,-1,-1,-1
237,65,1066.98,445.03,53.46,147.87,0.3781,-1,-1,-1
237,67,589.14,453.18,23.01,68.85,0.3937,-1,-1,-1
237,68,678.25,481.82,48.51,117.80,0.3553,-1,-1,-1
237,69,748.64,473.99,126.04,291.99,0.4150,-1,-1,-1
238,1,939.20,425.01,120.92,410.77,0.5985,-1,-1,-1
238,20,1122.73,445.40,23.84,100.29,0.4489,-1,-1,-1
238,32,507.09,451.41,37.12,109.21,0.6098,-1,-1,-1
238,34,419.94,466.70,42.41,109.93,0.4169,-1,-1,-1
238,36,476.29,456.73,31.66,104.34,0.5860,-1,-1,-1
238,42,797.74,409.47,250.98,589.15,0.8049,-1,-1,-1
238,47,1234.53,433.95,77.51,320.27,0.4026,-1,-1,-1
238,53,623.80,450.11,63.18,180.32,0.8285,-1,-1,-1
238,56,1145.09,443.84,133.18,358.52,0.8388,-1,-1,-1
238,64,568.23,455.05,24.25,67.44,0.5343,-1,-1,-1
238,68,679.23,481.24,48.83,117.09,0.3651,-1,-1,-1
238,69,748.39,477.66,128.78,341.59,0.6313,-1,-1,-1
238,70,1234.13,431.59,66.70,181.26,0.5413,-1,-1,-1
239,1,945.08,425.89,117.06,412.98,0.5710,-1,-1,-1
239,20,1122.29,445.71,24.08,100.45,0.4769,-1,-1,-1
239,32,506.97,451.17,36.98,108.64,0.6044,-1,-1,-1
239,34,419.20,466.66,41.00,109.69,0.4189,-1,-1,-1
239,36,476.43,456.24,31.05,103.98,0.5692,-1,-1,-1
239,42,802.38,409.52,245.80,589.02,0.7608,-1,-1,-1
239,47,1237.45,432.49,75.40,321.77,0.5672,-1,-1,-1
239,53,627.39,451.18,66.52,179.82,0.8150,-1,-1,-1
239,56,1148.41,442.57,131.54,359.46,0.8106,-1,-1,-1
239,64,568.44,455.21,24.66,67.29,0.5324,-1,-1,-1
239,67,589.79,452.50,23.21,69.14,0.3957,-1,-1,-1
239,69,750.97,470.53,128.67,375.41,0.7151,-1,-1,-1
239,72,608.35,449.63,19.31,63.94,0.4480,-1,-1,-1
240,1,952.13,424.56,113.18,412.89,0.7448,-1,-1,-1
240,13,1842.89,473.68,64.55,181.76,0.3766,-1,-1,-1
240,20,1122.02,445.55,24.34,100.81,0.5510,-1,-1,-1
240,32,506.76,451.28,37.20,109.15,0.6535,-1,-1,-1
240,34,418.86,466.29,39.69,109.21,0.3693,-1,-1,-1
240,36,474.68,455.97,30.88,104.02,0.4897,-1,-1,-1
240,42,809.07,409.12,239.69,589.27,0.8215,-1,-1,-1
240,47,1243.23,431.44,72.32,322.91,0.4947,-1,-1,-1
240,53,629.07,451.29,69.62,179.88,0.8120,-1,-1,-1
240,56,1153.40,440.95,128.36,360.42,0.8154,-1,-1,-1
240,60,1869.17,390.02,53.24,263.50,0.3638,-1,-1,-1
240,64,569.24,455.58,25.17,66.88,0.5148,-1,-1,-1
240,65,1071.42,432.78,55.22,137.27,0.4101,-1,-1,-1
240,67,589.74,451.64,23.35,69.74,0.3816,-1,-1,-1
240,69,754.35,461.30,127.62,398.91,0.7540,-1,-1,-1
240,72,608.80,452.14,18.86,61.36,0.4063,-1,-1,-1
241,1,957.18,424.46,110.28,412.46,0.7705,-1,-1,-1
241,20,1121.13,445.33,24.98,101.16,0.5720,-1,-1,-1
241,32,506.74,451.51,37.05,109.17,0.6520,-1,-1,-1
241,34,419.39,465.83,38.66,108.87,0.3654,-1,-1,-1
241,36,474.43,455.83,30.64,103.96,0.5772,-1,-1,-1
241,42,815.66,410.70,232.44,588.53,0.7950,-1,-1,-1
241,47,1249.05,430.89,68.63,324.04,0.4397,-1,-1,-1
241,53,629.29,452.10,72.35,179.94,0.8178,-1,-1,-1
241,56,1159.97,439.44,123.98,361.05,0.7959,-1,-1,-1
241,64,569.11,455.54,25.75,66.60,0.5054,-1,-1,-1
241,65,1075.11,427.67,53.94,135.59,0.4720,-1,-1,-1
241,67,589.81,452.47,23.22,69.24,0.4165,-1,-1,-1
241,69,756.31,452.71,126.54,415.42,0.7354,-1,-1,-1
241,72,609.74,452.09,19.28,61.12,0.5289,-1,-1,-1
242,1,963.05,424.75,107.60,413.22,0.7721,-1,-1,-1
242,20,1120.90,446.09,25.37,100.74,0.6571,-1,-1,-1
242,32,506.32,451.50,37.00,109.02,0.6471,-1,-1,-1
242,36,474.60,455.74,30.41,103.75,0.5696,-1,-1,-1
242,42,820.76,410.74,227.25,588.22,0.7595,-1,-1,-1
242,53,629.45,452.77,74.93,179.45,0.8627,-1,-1,-1
242,56,1174.49,438.75,118.45,361.75,0.8086,-1,-1,-1
242,64,568.52,455.63,26.31,66.38,0.5202,-1,-1,-1
242,65,1077.39,430.55,51.89,136.63,0.3901,-1,-1,-1
242,67,590.03,453.67,23.22,68.26,0.4630,-1,-1,-1
242,69,757.95,446.46,127.12,428.39,0.7623,-1,-1,-1
242,72,609.86,452.86,19.73,60.89,0.3646,-1,-1,-1
243,1,970.35,425.25,105.20,416.17,0.7501,-1,-1,-1
243,20,1121.20,446.84,25.54,100.26,0.6691,-1,-1,-1
243,32,506.29,452.03,37.17,109.02,0.6663,-1,-1,-1
243,36,474.40,456.08,30.54,104.28,0.6166,-1,-1,-1
243,42,830.07,408.18,222.52,589.84,0.7308,-1,-1,-1
243,47,1256.56,433.77,65.10,322.86,0.3711,-1,-1,-1
243,53,627.42,453.50,76.91,179.76,0.8459,-1,-1,-1
243,56,1182.55,437.62,114.37,362.25,0.8079,-1,-1,-1
243,64,568.28,456.23,26.55,65.64,0.4795,-1,-1,-1
243,65,1081.86,433.26,48.50,126.84,0.3627,-1,-1,-1
243,67,590.33,454.51,23.13,67.39,0.4802,-1,-1,-1
243,68,683.01,475.93,48.72,120.33,0.4466,-1,-1,-1
243,69,761.20,440.71,128.29,437.10,0.7852,-1,-1,-1
243,72,610.41,452.45,20.20,61.21,0.4645,-1,-1,-1
244,1,976.17,426.24,103.56,418.44,0.7268,-1,-1,-1
244,20,1121.38,446.97,25.57,100.13,0.6938,-1,-1,-1
244,32,506.14,451.79,37.43,109.29,0.6443,-1,-1,-1
244,36,474.27,456.16,30.80,104.45,0.5883,-1,-1,-1
244,42,840.44,407.12,215.48,593.30,0.7620,-1,-1,-1
244,47,1263.95,427.02,66.81,327.39,0.3907,-1,-1,-1
244,53,626.77,456.67,77.43,178.03,0.8499,-1,-1,-1
244,56,1192.86,436.09,112.43,363.02,0.8220,-1,-1,-1
244,64,567.70,456.33,26.81,65.23,0.4020,-1,-1,-1
244,65,1084.91,436.44,45.64,120.18,0.4480,-1,-1,-1
244,67,590.43,454.97,22.96,66.80,0.5090,-1,-1,-1
244,68,683.11,473.14,49.59,123.81,0.4314,-1,-1,-1
244,69,763.30,437.44,128.59,443.15,0.8095,-1,-1,-1
244,72,611.07,453.51,20.35,60.38,0.5234,-1,-1,-1
245,1,982.38,427.22,101.29,418.15,0.6977,-1,-1,-1
245,13,1843.67,460.46,67.04,192.65,0.3843,-1,-1,-1
245,20,1121.87,447.31,25.28,99.89,0.5591,-1,-1,-1
245,32,506.05,451.46,37.81,109.51,0.6459,-1,-1,-1
245,36,474.00,456.38,31.26,104.46,0.6362,-1,-1,-1
245,42,847.58,407.98,209.28,598.14,0.7631,-1,-1,-1
245,47,1268.80,423.53,67.08,332.19,0.4446,-1,-1,-1
245,53,626.36,459.71,78.05,175.71,0.8357,-1,-1,-1
245,56,1201.03,434.40,111.59,364.24,0.8344,-1,-1,-1
245,65,1086.84,438.90,43.84,113.95,0.4508,-1,-1,-1
245,67,590.01,457.16,22.80,65.01,0.3645,-1,-1,-1
245,68,682.80,477.03,50.29,122.03,0.3942,-1,-1,-1
245,69,766.12,434.72,129.33,447.05,0.8222,-1,-1,-1
245,70,1268.86,425.78,67.91,209.00,0.4506,-1,-1,-1
245,72,611.61,453.44,20.80,60.83,0.4808,-1,-1,-1
246,1,986.44,425.87,100.94,419.54,0.6766,-1,-1,-1
246,13,1843.21,459.52,66.53,194.85,0.3568,-1,-1,-1
246,20,1122.41,446.90,24.82,100.14,0.5266,-1,-1,-1
246,32,505.71,451.15,38.31,109.89,0.6500,-1,-1,-1
246,34,416.66,464.93,39.35,109.03,0.4818,-1,-1,-1
246,36,473.51,456.52,31.57,104.46,0.5757,-1,-1,-1
246,42,853.84,413.11,203.09,602.42,0.6053,-1,-1,-1
246,47,1272.69,421.21,65.39,334.92,0.4981,-1,-1,-1
246,53,627.64,460.56,78.35,174.57,0.8339,-1,-1,-1
246,56,1205.77,434.36,109.27,364.59,0.8460,-1,-1,-1
246,60,1851.30,389.62,64.84,266.16,0.3528,-1,-1,-1
246,65,1087.96,439.96,42.25,109.83,0.4960,-1,-1,-1
246,69,771.19,433.62,130.82,449.77,0.7890,-1,-1,-1
246,70,1273.01,422.79,63.93,215.00,0.3546,-1,-1,-1
246,72,611.80,453.89,21.19,60.96,0.4717,-1,-1,-1
247,1,990.37,424.10,103.02,423.21,0.4838,-1,-1,-1
247,13,1840.88,466.84,65.62,190.41,0.3884,-1,-1,-1
247,20,1122.23,447.66,24.62,99.53,0.5549,-1,-1,-1
247,32,505.85,450.79,38.83,110.10,0.6545,-1,-1,-1
247,34,415.90,465.49,39.39,108.80,0.4729,-1,-1,-1
247,36,472.12,456.42,32.45,104.66,0.6419,-1,-1,-1
247,42,864.19,412.00,196.21,608.15,0.4421,-1,-1,-1
247,53,627.61,458.40,79.04,175.73,0.8347,-1,-1,-1
247,56,1212.51,434.26,110.69,366.43,0.8275,-1,-1,-1
247,64,567.27,455.38,26.73,64.67,0.3925,-1,-1,-1
247,65,1087.71,440.44,41.50,106.85,0.4818,-1,-1,-1
247,67,590.49,457.06,22.96,63.99,0.3749,-1,-1,-1
247,68,683.36,475.73,49.99,123.06,0.4187,-1,-1,-1
247,69,775.99,432.79,134.16,453.76,0.7981,-1,-1,-1
247,72,612.49,453.90,21.17,60.55,0.4584,-1,-1,-1
248,13,1841.73,467.94,64.34,188.64,0.4275,-1,-1,-1
248,20,1122.76,447.21,23.82,99.93,0.3585,-1,-1,-1
248,32,506.00,450.76,39.25,110.24,0.6870,-1,-1,-1
248,34,415.55,466.12,39.48,108.36,0.4919,-1,-1,-1
248,36,471.85,456.33,32.81,104.85,0.6222,-1,-1,-1
248,42,874.65,415.46,189.63,612.45,0.4735,-1,-1,-1
248,53,631.17,455.70,77.48,177.38,0.8432,-1,-1,-1
248,56,1221.82,433.19,116.63,368.40,0.8408,-1,-1,-1
248,60,1856.67,389.60,62.98,265.13,0.3657,-1,-1,-1
248,64,568.10,455.96,26.12,63.61,0.4053,-1,-1,-1
248,65,1089.09,440.44,42.28,105.45,0.5091,-1,-1,-1
248,68,686.54,478.88,47.75,121.06,0.4059,-1,-1,-1
248,69,779.99,430.92,136.81,457.48,0.8594,-1,-1,-1
248,72,612.86,454.05,21.23,60.35,0.4261,-1,-1,-1
249,32,506.11,450.81,39.40,110.45,0.6580,-1,-1,-1
249,34,414.68,465.80,40.26,108.79,0.5515,-1,-1,-1
249,36,471.66,456.10,33.02,104.81,0.6152,-1,-1,-1
249,42,882.34,415.52,180.40,617.25,0.6410,-1,-1,-1
249,53,634.46,453.01,75.78,179.30,0.8160,-1,-1,-1
249,56,1228.66,435.12,125.37,368.26,0.8618,-1,-1,-1
249,64,569.25,456.34,25.22,62.86,0.4652,-1,-1,-1
249,65,1091.28,441.52,42.56,103.80,0.5150,-1,-1,-1
249,67,590.78,458.87,23.45,62.42,0.4554,-1,-1,-1
249,69,782.77,429.14,137.89,460.48,0.8891,-1,-1,-1
249,70,1288.51,420.87,60.56,223.01,0.3508,-1,-1,-1
249,72,613.16,454.24,21.47,60.51,0.4590,-1,-1,-1
250,20,1124.35,447.92,23.41,99.46,0.3977,-1,-1,-1
250,32,506.31,450.34,39.93,111.00,0.5829,-1,-1,-1
250,34,413.22,465.62,41.04,108.21,0.4418,-1,-1,-1
250,36,471.80,456.05,33.30,104.53,0.5540,-1,-1,-1
250,42,902.30,410.73,186.72,625.68,0.6683,-1,-1,-1
250,53,639.38,452.43,73.62,179.88,0.7670,-1,-1,-1
250,56,1234.88,434.53,139.93,369.55,0.8574,-1,-1,-1
250,64,570.04,456.20,24.75,62.56,0.4772,-1,-1,-1
250,65,1092.05,448.16,42.34,110.16,0.3835,-1,-1,-1
250,67,591.43,460.32,23.79,60.77,0.4093,-1,-1,-1
250,69,786.19,428.01,137.32,462.81,0.8763,-1,-1,-1
250,72,614.72,454.45,21.65,60.53,0.4939,-1,-1,-1
251,32,507.00,450.67,39.82,110.88,0.5961,-1,-1,-1
251,36,470.84,455.32,33.88,105.06,0.5848,-1,-1,-1
251,42,907.70,409.72,187.87,630.86,0.6053,-1,-1,-1
251,53,643.52,451.48,72.07,180.59,0.7722,-1,-1,-1
251,56,1237.90,433.23,153.98,371.33,0.8775,-1,-1,-1
251,60,1853.80,424.69,66.12,312.10,0.3745,-1,-1,-1
251,64,570.24,455.79,24.47,62.48,0.4296,-1,-1,-1
251,65,1095.35,450.62,45.81,118.27,0.3551,-1,-1,-1
251,67,591.65,459.49,24.22,60.77,0.3877,-1,-1,-1
251,69,788.22,426.42,136.19,464.53,0.8659,-1,-1,-1
251,72,615.88,455.17,22.06,60.10,0.4242,-1,-1,-1
252,20,1122.83,447.72,25.57,100.52,0.3663,-1,-1,-1
252,32,506.70,450.89,39.73,110.71,0.6497,-1,-1,-1
252,34,411.65,465.04,42.09,108.18,0.4026,-1,-1,-1
252,36,471.33,454.70,33.88,104.61,0.5464,-1,-1,-1
252,42,917.30,407.81,193.55,635.61,0.7490,-1,-1,-1
252,53,648.11,450.12,71.74,181.53,0.7619,-1,-1,-1
252,56,1238.85,431.70,166.67,373.60,0.8813,-1,-1,-1
252,60,1837.75,411.94,77.64,346.29,0.6612,-1,-1,-1
252,64,569.18,455.80,24.88,62.83,0.3798,-1,-1,-1
252,67,592.44,459.19,25.73,60.80,0.3799,-1,-1,-1
252,69,790.74,426.53,135.19,465.27,0.8712,-1,-1,-1
252,72,617.58,455.60,21.72,59.75,0.4388,-1,-1,-1
253,32,507.62,450.78,39.94,110.70,0.6589,-1,-1,-1
253,34,409.82,465.61,43.19,108.08,0.4532,-1,-1,-1
253,36,470.84,454.50,34.57,104.36,0.5725,-1,-1,-1
253,42,923.36,407.50,197.06,638.61,0.8370,-1,-1,-1
253,53,651.91,449.00,72.50,182.94,0.7690,-1,-1,-1
253,56,1238.00,430.99,176.11,376.32,0.8929,-1,-1,-1
253,60,1823.83,407.13,88.64,362.28,0.7324,-1,-1,-1
253,64,568.52,455.64,25.60,63.29,0.5035,-1,-1,-1
253,69,795.03,426.92,133.60,464.95,0.8821,-1,-1,-1
253,72,619.71,457.18,20.81,58.67,0.4751,-1,-1,-1
253,74,768.87,448.32,29.08,73.60,0.3679,-1,-1,-1
254,32,507.85,451.03,39.86,110.52,0.6655,-1,-1,-1
254,34,408.49,464.65,44.27,108.91,0.5345,-1,-1,-1
254,36,471.09,455.04,34.79,103.75,0.5409,-1,-1,-1
254,42,926.14,407.65,198.29,639.64,0.8354,-1,-1,-1
254,53,653.84,448.38,72.88,183.91,0.7702,-1,-1,-1
254,56,1235.47,429.01,183.62,379.84,0.8908,-1,-1,-1
254,60,1815.00,398.93,97.11,374.11,0.7846,-1,-1,-1
254,64,568.85,455.45,25.60,63.51,0.4342,-1,-1,-1
254,69,800.17,427.61,130.88,464.04,0.8771,-1,-1,-1
254,72,620.33,458.21,20.31,57.79,0.5427,-1,-1,-1
255,32,508.26,451.20,39.09,110.31,0.5868,-1,-1,-1
255,34,407.13,464.11,44.38,109.77,0.5823,-1,-1,-1
255,36,470.53,455.77,34.92,103.67,0.5936,-1,-1,-1
255,42,928.10,408.29,197.03,639.81,0.8696,-1,-1,-1
255,53,655.29,449.12,72.90,184.76,0.7294,-1,-1,-1
255,56,1235.07,426.38,189.98,384.52,0.8958,-1,-1,-1
255,60,1808.71,395.45,103.93,381.17,0.8415,-1,-1,-1
255,64,568.00,455.23,25.91,63.83,0.4904,-1,-1,-1
255,65,1100.97,446.16,44.49,112.69,0.4866,-1,-1,-1
255,69,804.71,427.39,128.49,463.83,0.8628,-1,-1,-1
255,72,621.43,458.70,19.45,57.28,0.4948,-1,-1,-1
256,32,508.04,451.13,38.31,109.89,0.5507,-1,-1,-1
256,34,405.85,463.71,44.95,110.68,0.5647,-1,-1,-1
256,36,470.52,456.36,34.26,103.33,0.5484,-1,-1,-1
256,42,930.68,408.15,196.17,640.43,0.8675,-1,-1,-1
256,43,1700.76,431.63,82.70,152.22,0.4469,-1,-1,-1
256,53,655.70,449.66,73.33,185.04,0.7691,-1,-1,-1
256,56,1234.01,425.98,194.46,387.69,0.9128,-1,-1,-1
256,60,1806.36,396.48,108.09,383.13,0.8433,-1,-1,-1
256,64,568.58,455.54,25.48,63.72,0.3894,-1,-1,-1
256,69,807.20,428.16,126.24,464.23,0.8435,-1,-1,-1
256,72,621.90,457.94,19.27,57.71,0.4622,-1,-1,-1
257,32,507.68,450.95,37.54,109.46,0.5342,-1,-1,-1
257,34,404.75,463.56,44.87,111.80,0.6033,-1,-1,-1
257,36,467.73,456.18,35.39,104.07,0.5856,-1,-1,-1
257,42,933.30,406.58,197.01,642.28,0.8289,-1,-1,-1
257,43,1700.93,431.39,82.54,152.25,0.4596,-1,-1,-1
257,53,656.69,449.96,74.01,185.67,0.7975,-1,-1,-1
257,56,1233.96,424.67,196.77,390.13,0.9172,-1,-1,-1
257,60,1805.77,396.18,110.53,386.58,0.8681,-1,-1,-1
257,64,568.24,455.38,25.36,63.84,0.4600,-1,-1,-1
257,65,1102.59,445.83,45.63,109.45,0.4306,-1,-1,-1
257,69,810.81,430.11,125.53,466.80,0.8243,-1,-1,-1
257,72,622.12,458.04,19.16,57.59,0.5193,-1,-1,-1
258,32,507.84,452.60,37.51,108.97,0.5278,-1,-1,-1
258,34,404.24,463.77,44.98,112.14,0.6050,-1,-1,-1
258,36,467.56,456.75,36.17,104.81,0.6580,-1,-1,-1
258,42,931.74,404.74,193.05,643.65,0.8291,-1,-1,-1
258,53,657.90,449.94,74.72,186.24,0.8200,-1,-1,-1
258,56,1239.31,427.60,194.96,389.57,0.9172,-1,-1,-1
258,60,1803.05,394.20,113.56,388.32,0.8205,-1,-1,-1
258,64,567.91,455.67,24.79,63.69,0.4579,-1,-1,-1
258,65,1104.14,445.61,45.44,109.36,0.4401,-1,-1,-1
258,69,813.86,430.50,125.41,470.13,0.8299,-1,-1,-1
258,72,623.15,458.88,19.80,57.32,0.4183,-1,-1,-1
259,15,1280.85,445.40,45.36,108.42,0.4742,-1,-1,-1
259,32,508.15,452.42,38.45,106.44,0.4992,-1,-1,-1
259,34,402.61,464.18,46.12,112.29,0.6269,-1,-1,-1
259,36,468.14,456.52,36.32,105.13,0.6542,-1,-1,-1
259,42,931.65,401.70,190.17,645.41,0.8247,-1,-1,-1
259,53,659.14,450.05,75.08,186.20,0.8127,-1,-1,-1
259,56,1246.18,426.52,190.78,389.88,0.6652,-1,-1,-1
259,60,1792.99,395.87,120.73,387.04,0.8892,-1,-1,-1
259,64,567.51,455.69,24.31,63.58,0.4594,-1,-1,-1
259,65,1104.87,445.01,44.70,110.00,0.4374,-1,-1,-1
259,69,815.62,432.37,125.58,475.84,0.8249,-1,-1,-1
259,72,623.83,459.30,19.99,57.13,0.4594,-1,-1,-1
260,15,1282.25,445.29,45.68,107.51,0.5058,-1,-1,-1
260,32,507.74,452.55,39.19,104.44,0.4975,-1,-1,-1
260,34,402.67,463.14,46.27,111.50,0.3645,-1,-1,-1
260,36,468.03,455.83,35.64,104.98,0.5549,-1,-1,-1
260,42,933.09,401.10,188.51,646.15,0.8263,-1,-1,-1
260,53,661.49,451.32,74.70,185.44,0.8537,-1,-1,-1
260,56,1254.95,425.26,184.39,391.10,0.8484,-1,-1,-1
260,60,1776.60,396.44,132.47,385.63,0.8496,-1,-1,-1
260,64,567.39,455.76,24.24,63.49,0.4841,-1,-1,-1
260,65,1108.20,444.77,42.86,109.14,0.4406,-1,-1,-1
260,66,726.40,478.30,53.35,108.14,0.4422,-1,-1,-1
260,69,817.59,433.15,126.43,481.35,0.8295,-1,-1,-1
260,72,625.09,457.93,20.30,58.17,0.5186,-1,-1,-1
261,15,1283.96,445.57,45.99,106.51,0.6486,-1,-1,-1
261,20,1106.97,441.85,34.72,110.04,0.3643,-1,-1,-1
261,32,507.92,453.96,39.48,105.49,0.4572,-1,-1,-1
261,34,401.79,462.79,46.15,111.06,0.3883,-1,-1,-1
261,36,464.67,455.16,36.74,105.96,0.5618,-1,-1,-1
261,42,936.47,403.76,185.52,644.12,0.8145,-1,-1,-1
261,53,663.50,451.77,74.07,186.05,0.8567,-1,-1,-1
261,56,1266.38,424.41,175.54,391.76,0.8120,-1,-1,-1
261,60,1752.06,394.18,150.53,386.30,0.8819,-1,-1,-1
261,64,567.58,455.91,23.97,63.59,0.4602,-1,-1,-1
261,65,1110.42,444.11,41.35,108.64,0.4538,-1,-1,-1
261,66,726.63,478.73,54.38,112.79,0.6079,-1,-1,-1
261,67,587.10,457.68,22.69,61.51,0.3559,-1,-1,-1
261,69,819.21,432.94,128.13,486.10,0.8322,-1,-1,-1
261,72,625.92,457.16,20.61,58.54,0.5120,-1,-1,-1
262,7,1160.12,438.29,25.50,88.01,0.3509,-1,-1,-1
262,15,1291.26,445.52,42.91,105.31,0.5170,-1,-1,-1
262,32,508.17,453.09,40.49,104.29,0.5587,-1,-1,-1
262,36,460.60,453.96,38.51,107.04,0.4689,-1,-1,-1
262,42,938.33,404.92,183.64,642.67,0.8263,-1,-1,-1
262,53,665.40,452.89,73.60,185.77,0.8331,-1,-1,-1
262,56,1282.21,424.65,163.01,391.88,0.7993,-1,-1,-1
262,60,1721.53,399.04,174.28,382.12,0.8873,-1,-1,-1
262,64,568.20,456.61,23.52,62.78,0.3575,-1,-1,-1
262,65,1113.00,443.18,41.05,110.34,0.5406,-1,-1,-1
262,66,726.31,477.95,54.58,115.18,0.5531,-1,-1,-1
262,67,585.90,457.62,22.33,61.75,0.4134,-1,-1,-1
262,69,819.43,432.44,128.40,490.19,0.8201,-1,-1,-1
262,72,626.65,456.62,20.73,58.90,0.5576,-1,-1,-1
262,76,1874.72,385.61,44.83,270.72,0.4800,-1,-1,-1
263,7,1159.46,438.24,25.62,88.13,0.3985,-1,-1,-1
263,13,1840.44,473.17,65.44,182.97,0.3950,-1,-1,-1
263,15,1294.47,441.89,42.52,106.95,0.5328,-1,-1,-1
263,32,507.99,453.72,41.62,104.27,0.6554,-1,-1,-1
263,36,458.95,454.37,40.08,107.19,0.5279,-1,-1,-1
263,42,939.98,404.75,182.93,642.17,0.8031,-1,-1,-1
263,53,666.31,454.61,73.27,185.57,0.7997,-1,-1,-1
263,56,1294.84,422.65,152.40,392.85,0.8083,-1,-1,-1
263,60,1700.92,403.45,194.91,377.21,0.9071,-1,-1,-1
263,64,568.19,456.64,23.79,62.82,0.4096,-1,-1,-1
263,65,1113.85,442.61,41.03,111.61,0.6204,-1,-1,-1
263,66,725.93,477.41,54.38,115.93,0.5157,-1,-1,-1
263,69,820.53,431.98,128.11,493.18,0.8540,-1,-1,-1
263,72,627.68,456.75,20.53,58.86,0.5185,-1,-1,-1
263,76,1874.89,386.02,44.64,263.97,0.3766,-1,-1,-1
263,77,1037.69,437.71,85.59,162.25,0.3625,-1,-1,-1
264,7,1159.85,438.36,25.37,88.42,0.3572,-1,-1,-1
264,13,1840.72,475.90,65.12,180.38,0.4136,-1,-1,-1
264,15,1297.57,440.12,41.26,108.01,0.5414,-1,-1,-1
264,32,507.94,454.06,42.39,104.61,0.6600,-1,-1,-1
264,36,458.93,453.52,40.38,108.05,0.6414,-1,-1,-1
264,42,940.11,403.59,183.28,642.94,0.8081,-1,-1,-1
264,53,667.64,455.10,72.74,185.89,0.8117,-1,-1,-1
264,56,1313.09,420.92,141.05,393.58,0.8420,-1,-1,-1
264,60,1685.98,405.82,210.72,374.58,0.9130,-1,-1,-1
264,65,1116.37,441.77,39.77,110.85,0.6486,-1,-1,-1
264,66,726.37,478.17,54.39,117.46,0.5096,-1,-1,-1
264,69,820.46,431.20,127.62,495.10,0.8361,-1,-1,-1
264,72,628.51,456.26,20.31,59.41,0.4229,-1,-1,-1
264,76,1876.09,387.13,43.69,256.59,0.3928,-1,-1,-1
264,77,1044.03,436.79,83.37,161.37,0.4052,-1,-1,-1
265,13,1840.53,473.98,64.17,181.02,0.5090,-1,-1,-1
265,15,1300.14,438.87,38.57,109.00,0.4283,-1,-1,-1
265,32,507.59,454.29,42.77,105.25,0.6397,-1,-1,-1
265,36,458.50,452.24,40.35,109.04,0.5767,-1,-1,-1
265,42,940.62,402.31,182.93,644.11,0.8161,-1,-1,-1
265,53,670.73,455.69,71.85,185.67,0.8559,-1,-1,-1
265,56,1327.80,420.41,131.33,396.10,0.8468,-1,-1,-1
265,60,1671.95,410.10,221.99,370.77,0.8930,-1,-1,-1
265,65,1116.62,441.97,39.47,110.28,0.6969,-1,-1,-1
265,69,820.86,430.53,126.58,496.38,0.8288,-1,-1,-1
265,72,629.05,456.31,20.44,59.87,0.4598,-1,-1,-1
265,77,1047.38,433.95,84.02,163.11,0.3607,-1,-1,-1
266,7,1160.43,438.88,25.18,88.54,0.3689,-1,-1,-1
266,13,1841.39,472.99,64.35,181.17,0.4443,-1,-1,-1
266,32,507.60,454.73,43.00,105.33,0.6612,-1,-1,-1
266,36,458.47,452.01,40.39,109.44,0.6486,-1,-1,-1
266,42,941.65,404.08,181.29,643.45,0.7691,-1,-1,-1
266,53,672.56,452.90,69.96,187.06,0.8321,-1,-1,-1
266,56,1338.76,420.33,125.01,399.66,0.8236,-1,-1,-1
266,60,1663.08,412.72,227.30,365.76,0.9034,-1,-1,-1
266,65,1116.62,444.18,40.12,108.51,0.7539,-1,-1,-1
266,67,582.65,458.69,22.24,60.37,0.3584,-1,-1,-1
266,69,822.36,429.62,125.74,497.48,0.8347,-1,-1,-1
266,72,630.19,456.87,20.58,59.64,0.4903,-1,-1,-1
266,77,1051.69,437.08,84.35,162.39,0.5741,-1,-1,-1
267,7,1160.76,439.10,24.90,88.78,0.3627,-1,-1,-1
267,13,1841.90,473.10,64.38,181.15,0.4260,-1,-1,-1
267,15,1303.91,438.11,35.87,109.81,0.4125,-1,-1,-1
267,32,506.70,454.84,42.73,105.18,0.6087,-1,-1,-1
267,34,397.52,461.81,46.37,111.05,0.4270,-1,-1,-1
267,36,458.13,451.68,40.32,109.73,0.5488,-1,-1,-1
267,42,943.95,403.48,181.11,643.72,0.7664,-1,-1,-1
267,53,674.09,451.35,67.77,187.96,0.8053,-1,-1,-1
267,56,1349.86,422.07,122.62,403.72,0.8269,-1,-1,-1
267,60,1654.46,414.05,225.25,358.39,0.8739,-1,-1,-1
267,65,1118.58,444.95,40.25,107.40,0.7297,-1,-1,-1
267,67,581.71,458.87,22.78,60.18,0.3809,-1,-1,-1
267,69,822.78,428.89,124.93,498.29,0.8337,-1,-1,-1
267,72,630.67,457.22,20.83,59.47,0.5201,-1,-1,-1
267,76,1877.42,388.59,42.41,248.30,0.3592,-1,-1,-1
267,77,1053.07,430.98,86.68,169.16,0.5488,-1,-1,-1
268,7,1160.71,439.22,24.88,88.76,0.3590,-1,-1,-1
268,13,1842.14,471.34,64.88,181.82,0.3777,-1,-1,-1
268,15,1305.64,435.44,35.91,111.45,0.3693,-1,-1,-1
268,32,506.38,454.65,42.28,105.38,0.6056,-1,-1,-1
268,34,396.10,461.93,46.25,112.33,0.3799,-1,-1,-1
268,36,457.38,452.96,40.06,109.19,0.5243,-1,-1,-1
268,42,945.60,403.95,180.36,643.12,0.7688,-1,-1,-1
268,53,675.42,450.66,66.59,188.91,0.7385,-1,-1,-1
268,56,1360.94,425.22,126.29,405.77,0.8767,-1,-1,-1
268,60,1646.44,412.87,216.82,353.69,0.8790,-1,-1,-1
268,65,1120.37,445.94,39.97,106.65,0.6684,-1,-1,-1
268,66,731.20,476.14,52.21,117.43,0.4382,-1,-1,-1
268,69,823.34,427.94,127.12,499.61,0.8238,-1,-1,-1
268,72,631.95,455.87,21.90,60.26,0.5897,-1,-1,-1
268,77,1053.35,429.89,88.70,171.44,0.5564,-1,-1,-1
268,79,553.09,454.04,23.60,63.79,0.4079,-1,-1,-1
269,13,1842.05,469.99,65.31,182.85,0.3778,-1,-1,-1
269,32,505.85,454.54,42.15,104.65,0.6659,-1,-1,-1
269,34,393.31,461.15,48.24,112.69,0.4626,-1,-1,-1
269,36,456.73,453.29,39.33,107.86,0.5201,-1,-1,-1
269,42,946.98,403.29,180.19,643.89,0.7912,-1,-1,-1
269,53,677.14,447.23,66.79,185.23,0.6504,-1,-1,-1
269,56,1370.40,424.72,134.91,409.04,0.9106,-1,-1,-1
269,60,1639.21,413.18,203.03,350.47,0.8658,-1,-1,-1
269,65,1122.05,447.05,39.99,106.17,0.6695,-1,-1,-1
269,67,576.88,457.65,24.62,61.05,0.3561,-1,-1,-1
269,69,821.70,427.34,127.62,500.37,0.8152,-1,-1,-1
269,72,631.88,455.07,22.19,61.03,0.4858,-1,-1,-1
269,77,1054.35,431.10,89.42,171.16,0.4470,-1,-1,-1
269,79,552.65,453.12,24.46,64.13,0.3791,-1,-1,-1
270,15,1307.57,439.83,37.16,109.71,0.4543,-1,-1,-1
270,32,505.02,454.76,42.35,104.46,0.6943,-1,-1,-1
270,34,391.72,461.23,48.09,113.56,0.5708,-1,-1,-1
270,36,456.36,453.53,39.01,107.19,0.5534,-1,-1,-1
270,42,947.87,402.30,179.68,644.87,0.7806,-1,-1,-1
270,53,679.28,448.34,66.77,186.09,0.6745,-1,-1,-1
270,56,1376.46,422.06,147.56,412.35,0.8984,-1,-1,-1
270,60,1634.71,411.40,186.85,349.06,0.8341,-1,-1,-1
270,65,1123.67,447.98,39.26,105.45,0.6098,-1,-1,-1
270,69,821.39,426.87,130.42,501.05,0.8313,-1,-1,-1
270,72,632.59,453.91,23.44,62.17,0.3882,-1,-1,-1
270,76,1862.89,383.15,53.53,267.25,0.4013,-1,-1,-1
270,77,1056.15,431.08,91.68,172.29,0.4238,-1,-1,-1
270,79,553.50,453.90,24.04,63.31,0.3679,-1,-1,-1
271,15,1308.15,438.77,39.56,110.51,0.4110,-1,-1,-1
271,32,505.60,454.74,42.40,104.52,0.6598,-1,-1,-1
271,34,391.44,461.14,48.22,113.14,0.5223,-1,-1,-1
271,36,455.90,454.36,39.05,106.37,0.5961,-1,-1,-1
271,42,951.07,401.63,180.52,645.78,0.7679,-1,-1,-1
271,53,682.12,450.23,65.39,188.40,0.7103,-1,-1,-1
271,56,1379.08,425.20,161.12,411.94,0.8963,-1,-1,-1
271,60,1631.10,409.55,166.59,348.67,0.7974,-1,-1,-1
271,65,1125.08,447.47,38.03,105.50,0.5283,-1,-1,-1
271,69,821.58,426.37,133.15,501.65,0.7994,-1,-1,-1
271,72,635.91,454.47,23.88,62.38,0.4207,-1,-1,-1
271,77,1058.99,431.85,93.62,172.37,0.4903,-1,-1,-1
271,79,554.55,453.98,23.88,63.17,0.3900,-1,-1,-1
272,32,506.42,454.56,43.11,105.14,0.6406,-1,-1,-1
272,34,391.28,461.04,47.92,112.75,0.3695,-1,-1,-1
272,36,456.00,454.68,39.11,106.21,0.6773,-1,-1,-1
272,42,951.87,402.38,177.54,645.49,0.7603,-1,-1,-1
272,53,685.54,450.45,65.48,190.03,0.7378,-1,-1,-1
272,56,1379.40,430.26,172.20,410.98,0.8852,-1,-1,-1
272,60,1626.89,407.59,151.06,348.02,0.7665,-1,-1,-1
272,65,1127.28,447.86,37.44,104.20,0.5677,-1,-1,-1
272,67,579.65,457.12,24.02,61.19,0.3510,-1,-1,-1
272,69,823.29,425.86,134.39,501.94,0.8074,-1,-1,-1
272,72,636.90,454.95,24.51,61.72,0.5297,-1,-1,-1
272,77,1062.22,429.56,94.56,175.60,0.4413,-1,-1,-1
272,79,554.65,452.86,24.72,64.85,0.4197,-1,-1,-1
273,32,505.85,454.34,43.64,105.34,0.6288,-1,-1,-1
273,34,391.31,460.92,47.84,112.29,0.4264,-1,-1,-1
273,36,455.12,454.63,39.56,106.16,0.6459,-1,-1,-1
273,42,954.58,400.88,174.10,646.23,0.8174,-1,-1,-1
273,53,689.42,449.96,65.80,190.89,0.7563,-1,-1,-1
273,56,1378.01,433.52,181.49,412.35,0.9083,-1,-1,-1
273,60,1621.04,407.70,135.93,347.88,0.7473,-1,-1,-1
273,65,1129.79,446.11,37.85,103.67,0.4177,-1,-1,-1
273,66,737.51,473.59,44.52,115.25,0.3502,-1,-1,-1
273,69,824.34,424.43,135.20,501.94,0.8116,-1,-1,-1
273,72,637.29,455.28,24.11,61.33,0.4968,-1,-1,-1
273,77,1064.22,431.38,94.51,176.00,0.4265,-1,-1,-1
273,79,554.34,452.28,25.30,65.65,0.4188,-1,-1,-1
274,13,1844.18,467.06,66.16,185.96,0.3638,-1,-1,-1
274,32,506.16,454.50,43.94,105.72,0.6642,-1,-1,-1
274,34,390.64,460.90,47.77,111.88,0.4849,-1,-1,-1
274,36,454.31,454.95,39.94,106.16,0.7366,-1,-1,-1
274,42,957.63,400.32,170.22,646.05,0.7711,-1,-1,-1
274,53,694.77,448.90,68.36,192.25,0.7536,-1,-1,-1
274,56,1378.27,434.47,189.31,415.65,0.9188,-1,-1,-1
274,60,1611.24,408.59,124.79,347.17,0.8240,-1,-1,-1
274,65,1131.97,445.90,38.25,102.76,0.4451,-1,-1,-1
274,67,580.71,456.75,23.82,61.36,0.3549,-1,-1,-1
274,69,827.25,423.58,134.39,501.84,0.8172,-1,-1,-1
274,72,637.94,455.30,23.85,61.13,0.5381,-1,-1,-1
274,77,1069.69,438.90,91.83,170.35,0.4188,-1,-1,-1
274,79,556.11,452.92,25.68,65.63,0.4132,-1,-1,-1
275,13,1845.51,468.13,64.37,185.81,0.3518,-1,-1,-1
275,32,505.28,453.97,44.16,105.62,0.6520,-1,-1,-1
275,34,391.37,461.83,47.43,112.07,0.5847,-1,-1,-1
275,36,453.83,454.14,40.37,106.69,0.6713,-1,-1,-1
275,42,960.58,400.14,166.76,646.87,0.7719,-1,-1,-1
275,53,696.78,448.97,67.50,192.43,0.7378,-1,-1,-1
275,56,1379.25,436.45,193.19,416.20,0.9235,-1,-1,-1
275,60,1589.45,410.16,128.12,345.43,0.8422,-1,-1,-1
275,65,1135.01,446.86,37.54,101.28,0.4156,-1,-1,-1
275,67,581.09,456.49,23.74,61.53,0.3674,-1,-1,-1
275,69,824.06,423.35,133.70,501.75,0.8014,-1,-1,-1
275,72,639.33,455.08,23.74,61.24,0.5043,-1,-1,-1
275,77,1072.19,435.95,90.50,171.46,0.3917,-1,-1,-1
275,79,555.61,453.12,24.95,64.68,0.4188,-1,-1,-1
276,15,1332.28,442.39,33.46,107.47,0.4836,-1,-1,-1
276,32,504.73,453.02,42.77,103.87,0.5822,-1,-1,-1
276,34,391.85,461.73,47.74,112.69,0.5279,-1,-1,-1
276,36,453.35,454.43,40.20,106.21,0.6291,-1,-1,-1
276,42,964.55,398.46,164.68,647.01,0.8178,-1,-1,-1
276,53,701.31,447.87,68.64,193.28,0.7203,-1,-1,-1
276,56,1380.54,434.63,195.11,418.30,0.9120,-1,-1,-1
276,60,1571.38,411.39,136.12,344.65,0.8768,-1,-1,-1
276,65,1134.69,447.12,37.91,99.62,0.4229,-1,-1,-1
276,66,740.63,478.69,41.07,124.14,0.3564,-1,-1,-1
276,67,582.31,456.78,22.81,60.93,0.3600,-1,-1,-1
276,69,825.27,422.88,132.46,501.65,0.7910,-1,-1,-1
276,72,641.33,455.25,23.01,60.98,0.5088,-1,-1,-1
276,79,555.82,453.52,24.35,64.20,0.4159,-1,-1,-1
277,15,1335.45,443.93,31.51,105.95,0.5128,-1,-1,-1
277,32,505.16,453.56,41.21,103.24,0.5963,-1,-1,-1
277,34,391.59,460.97,48.43,113.50,0.4833,-1,-1,-1
277,36,453.25,453.19,39.40,105.13,0.4889,-1,-1,-1
277,42,965.62,399.20,160.51,648.00,0.8559,-1,-1,-1
277,53,704.13,446.91,70.44,194.45,0.7745,-1,-1,-1
277,56,1386.46,433.52,194.20,419.83,0.8765,-1,-1,-1
277,60,1558.57,412.33,145.00,343.55,0.8695,-1,-1,-1
277,65,1137.66,447.13,36.35,98.30,0.4788,-1,-1,-1
277,69,827.11,422.36,132.13,501.63,0.7909,-1,-1,-1
277,72,642.53,455.57,22.32,61.14,0.5752,-1,-1,-1
277,77,1074.45,433.43,90.36,172.85,0.5221,-1,-1,-1
277,79,556.23,453.89,23.68,63.60,0.4059,-1,-1,-1
278,15,1336.34,444.40,31.77,104.89,0.6196,-1,-1,-1
278,32,505.83,454.36,40.94,103.32,0.6093,-1,-1,-1
278,34,390.96,460.76,49.69,114.23,0.5461,-1,-1,-1
278,36,452.65,453.07,38.44,104.79,0.5093,-1,-1,-1
278,42,970.63,398.61,158.86,649.59,0.8392,-1,-1,-1
278,43,1701.13,431.32,82.44,151.38,0.3526,-1,-1,-1
278,53,706.79,446.30,72.58,194.60,0.7359,-1,-1,-1
278,56,1399.21,428.72,200.39,423.58,0.8360,-1,-1,-1
278,60,1550.39,414.35,152.31,341.16,0.8709,-1,-1,-1
278,65,1139.97,446.90,34.78,97.55,0.5486,-1,-1,-1
278,69,829.66,421.75,131.65,501.78,0.8040,-1,-1,-1
278,72,643.91,455.12,21.58,61.28,0.5186,-1,-1,-1
278,77,1076.48,429.76,89.49,176.00,0.5008,-1,-1,-1
278,79,556.78,453.93,23.55,63.60,0.4055,-1,-1,-1
279,15,1337.00,443.90,31.96,103.81,0.6611,-1,-1,-1
279,32,505.53,452.58,40.16,100.66,0.5716,-1,-1,-1
279,34,389.75,460.60,49.51,114.97,0.7052,-1,-1,-1
279,36,451.63,453.69,37.35,103.88,0.5396,-1,-1,-1
279,42,973.70,399.34,156.98,650.67,0.8468,-1,-1,-1
279,53,710.35,446.02,74.30,195.55,0.8055,-1,-1,-1
279,56,1401.91,426.97,196.18,425.23,0.7784,-1,-1,-1
279,60,1544.22,415.76,157.87,338.57,0.8389,-1,-1,-1
279,65,1142.19,446.30,33.33,96.82,0.4529,-1,-1,-1
279,67,582.77,457.13,21.39,59.62,0.3558,-1,-1,-1
279,69,831.02,421.26,131.41,501.87,0.8032,-1,-1,-1
279,72,644.60,455.48,20.90,61.38,0.5529,-1,-1,-1
279,77,1076.86,424.63,89.50,179.31,0.4786,-1,-1,-1
279,79,556.78,453.93,22.97,63.07,0.4071,-1,-1,-1
279,81,1304.90,431.70,30.52,109.70,0.4164,-1,-1,-1
280,15,1338.49,443.74,31.05,102.83,0.7134,-1,-1,-1
280,32,505.75,452.70,39.29,99.25,0.5736,-1,-1,-1
280,34,388.69,459.97,50.01,115.65,0.7421,-1,-1,-1
280,36,451.53,454.00,36.45,103.25,0.5517,-1,-1,-1
280,42,975.97,399.84,155.56,652.17,0.8011,-1,-1,-1
280,53,713.36,447.64,77.92,195.38,0.8563,-1,-1,-1
280,56,1424.87,425.08,176.84,426.97,0.8338,-1,-1,-1
280,60,1545.21,415.73,156.09,336.38,0.7964,-1,-1,-1
280,67,583.33,457.15,20.62,59.09,0.3687,-1,-1,-1
280,69,832.24,421.24,131.65,501.89,0.8164,-1,-1,-1
280,72,645.08,455.35,20.53,61.41,0.5277,-1,-1,-1
280,77,1078.15,422.20,89.35,181.82,0.4519,-1,-1,-1
280,79,557.27,454.13,22.55,62.56,0.4162,-1,-1,-1
280,81,1304.91,431.71,31.26,110.23,0.3925,-1,-1,-1
281,15,1341.69,444.27,30.72,102.42,0.7077,-1,-1,-1
281,32,505.92,453.58,38.77,98.73,0.6122,-1,-1,-1
281,34,387.73,459.38,50.48,116.46,0.7084,-1,-1,-1
281,36,451.33,454.78,35.49,102.21,0.6062,-1,-1,-1
281,42,977.39,397.78,155.66,650.70,0.8117,-1,-1,-1
281,53,714.63,448.81,81.81,194.71,0.8657,-1,-1,-1
281,56,1440.65,424.41,161.28,427.73,0.8197,-1,-1,-1
281,60,1533.22,400.75,137.31,319.37,0.7203,-1,-1,-1
281,67,582.90,456.56,20.56,59.38,0.4205,-1,-1,-1
281,69,832.59,421.20,133.29,501.97,0.8146,-1,-1,-1
281,70,1443.94,418.01,94.75,225.41,0.3536,-1,-1,-1
281,72,646.81,456.05,20.30,61.06,0.4795,-1,-1,-1
281,77,1080.88,423.68,88.00,182.92,0.4449,-1,-1,-1
281,79,557.37,454.45,21.88,61.96,0.4810,-1,-1,-1
281,81,1304.76,431.69,31.53,110.03,0.3783,-1,-1,-1
282,15,1343.75,444.13,30.99,102.55,0.7354,-1,-1,-1
282,32,506.61,454.26,37.84,98.03,0.5702,-1,-1,-1
282,34,387.21,459.33,50.68,116.69,0.6835,-1,-1,-1
282,36,451.75,455.35,34.77,102.97,0.5226,-1,-1,-1
282,42,980.31,397.14,156.64,649.98,0.8121,-1,-1,-1
282,53,716.05,450.30,84.37,194.13,0.8655,-1,-1,-1
282,56,1452.39,422.94,149.80,428.57,0.8197,-1,-1,-1
282,60,1537.89,413.54,133.16,320.16,0.6729,-1,-1,-1
282,65,1148.69,444.54,36.16,99.40,0.3827,-1,-1,-1
282,67,581.21,456.10,21.33,60.25,0.4604,-1,-1,-1
282,69,835.16,421.73,138.33,503.02,0.8232,-1,-1,-1
282,70,1444.72,419.90,76.43,222.65,0.3917,-1,-1,-1
282,72,647.99,457.26,19.73,60.52,0.4143,-1,-1,-1
282,77,1083.80,424.88,86.09,183.18,0.4672,-1,-1,-1
282,79,557.73,453.90,21.87,62.34,0.5051,-1,-1,-1
282,81,1304.33,431.27,31.70,110.67,0.3594,-1,-1,-1
283,15,1345.69,443.77,31.60,103.11,0.7340,-1,-1,-1
283,32,506.76,455.27,37.37,98.45,0.6135,-1,-1,-1
283,34,386.27,460.18,50.90,116.48,0.6590,-1,-1,-1
283,36,451.62,455.30,33.73,103.05,0.4750,-1,-1,-1
283,42,982.54,397.13,157.25,649.76,0.8132,-1,-1,-1
283,53,716.82,450.40,85.88,193.99,0.8702,-1,-1,-1
283,56,1464.71,420.59,143.93,430.89,0.7810,-1,-1,-1
283,60,1529.16,387.34,117.05,294.87,0.4223,-1,-1,-1
283,65,1149.10,443.66,37.94,101.84,0.6058,-1,-1,-1
283,67,579.99,455.53,22.14,61.30,0.4902,-1,-1,-1
283,69,838.46,422.00,144.84,503.60,0.8444,-1,-1,-1
283,77,1085.26,424.78,84.69,182.85,0.3834,-1,-1,-1
283,79,557.83,454.26,21.54,61.95,0.4967,-1,-1,-1
284,15,1347.33,444.20,31.60,103.33,0.7228,-1,-1,-1
284,32,506.85,455.82,37.18,98.94,0.6200,-1,-1,-1
284,34,385.51,460.63,51.72,116.29,0.6534,-1,-1,-1
284,36,451.81,455.56,33.49,103.08,0.5400,-1,-1,-1
284,42,978.02,397.04,160.66,649.28,0.7391,-1,-1,-1
284,53,717.42,451.01,86.91,193.30,0.8801,-1,-1,-1
284,56,1477.09,418.18,142.79,433.25,0.7707,-1,-1,-1
284,64,576.16,455.96,21.14,61.43,0.3650,-1,-1,-1
284,65,1150.01,441.96,38.82,105.46,0.7416,-1,-1,-1
284,67,579.65,455.23,22.28,62.19,0.5276,-1,-1,-1
284,69,839.92,422.44,153.51,504.02,0.8503,-1,-1,-1
284,76,1856.22,382.57,62.42,271.50,0.3607,-1,-1,-1
284,79,558.50,455.69,21.41,61.12,0.5393,-1,-1,-1
285,15,1348.73,443.72,31.47,104.14,0.7390,-1,-1,-1
285,32,506.67,456.75,36.81,100.40,0.6499,-1,-1,-1
285,34,384.30,460.66,52.57,116.08,0.6303,-1,-1,-1
285,36,452.16,455.56,32.55,102.24,0.5263,-1,-1,-1
285,42,984.16,400.41,160.31,647.76,0.7889,-1,-1,-1
285,53,717.63,450.33,87.53,193.54,0.8931,-1,-1,-1
285,56,1484.28,418.67,141.62,432.85,0.8675,-1,-1,-1
285,65,1150.11,441.51,39.61,107.31,0.6165,-1,-1,-1
285,67,578.13,455.04,23.02,62.70,0.5631,-1,-1,-1
285,69,843.88,422.36,159.87,503.70,0.8734,-1,-1,-1
285,70,1460.75,431.56,66.22,216.15,0.4520,-1,-1,-1
285,79,558.51,456.32,21.44,60.80,0.5397,-1,-1,-1
285,81,1303.67,431.45,33.58,113.51,0.3792,-1,-1,-1
286,15,1350.68,444.01,32.46,104.47,0.6912,-1,-1,-1
286,32,506.52,456.16,36.36,100.93,0.6030,-1,-1,-1
286,34,383.70,460.03,53.68,116.21,0.5975,-1,-1,-1
286,36,452.29,454.43,31.76,102.08,0.5089,-1,-1,-1
286,42,988.95,401.17,158.98,646.97,0.7924,-1,-1,-1
286,53,719.34,448.84,87.43,194.59,0.8900,-1,-1,-1
286,56,1497.69,418.50,146.61,433.39,0.8726,-1,-1,-1
286,65,1150.01,441.60,40.02,108.38,0.6231,-1,-1,-1
286,67,577.31,454.81,23.68,63.12,0.5550,-1,-1,-1
286,69,844.90,422.90,165.40,503.52,0.8802,-1,-1,-1
286,70,1469.08,434.63,61.86,210.31,0.4849,-1,-1,-1
286,77,1096.12,445.64,78.56,170.31,0.3504,-1,-1,-1
286,79,558.33,456.86,21.57,60.60,0.5417,-1,-1,-1
286,81,1303.38,431.14,33.98,113.64,0.4044,-1,-1,-1
287,13,1843.16,468.18,64.15,186.57,0.3898,-1,-1,-1
287,15,1352.17,443.38,32.28,103.84,0.6689,-1,-1,-1
287,32,505.77,454.17,36.12,99.03,0.5654,-1,-1,-1
287,34,383.91,459.76,55.61,115.53,0.4112,-1,-1,-1
287,36,452.16,456.42,31.96,101.58,0.3776,-1,-1,-1
287,42,991.40,401.16,158.22,646.41,0.8067,-1,-1,-1
287,53,720.56,449.15,87.60,194.72,0.8946,-1,-1,-1
287,56,1506.44,421.97,153.64,432.32,0.9001,-1,-1,-1
287,65,1150.25,441.28,40.00,109.10,0.6861,-1,-1,-1
287,67,576.47,454.22,23.96,63.56,0.5225,-1,-1,-1
287,69,844.07,423.81,170.06,502.98,0.8838,-1,-1,-1
287,79,558.44,455.85,21.28,60.67,0.5371,-1,-1,-1
287,81,1303.24,431.47,34.05,113.84,0.3842,-1,-1,-1
288,13,1837.53,467.35,69.40,187.27,0.3533,-1,-1,-1
288,15,1353.54,442.88,32.89,103.40,0.6812,-1,-1,-1
288,32,505.67,454.21,35.63,99.04,0.5841,-1,-1,-1
288,34,383.39,459.84,56.51,114.70,0.3801,-1,-1,-1
288,36,451.55,458.11,32.33,101.67,0.4808,-1,-1,-1
288,42,992.89,402.01,157.31,645.58,0.8191,-1,-1,-1
288,53,722.73,447.97,87.42,195.86,0.9025,-1,-1,-1
288,56,1516.00,423.90,169.46,433.74,0.8894,-1,-1,-1
288,65,1151.36,442.10,39.72,109.39,0.6230,-1,-1,-1
288,67,576.01,454.09,24.02,64.20,0.5275,-1,-1,-1
288,69,844.61,424.30,172.27,502.47,0.8799,-1,-1,-1
288,79,558.46,456.38,21.14,60.70,0.5901,-1,-1,-1
288,81,1303.31,431.14,33.97,114.09,0.4263,-1,-1,-1
289,15,1356.04,443.35,36.67,104.79,0.6269,-1,-1,-1
289,32,506.01,454.89,35.40,100.18,0.6233,-1,-1,-1
289,34,383.09,459.13,56.62,114.41,0.4073,-1,-1,-1
289,36,451.32,458.77,32.06,101.14,0.3720,-1,-1,-1
289,42,994.47,402.96,157.06,643.98,0.8000,-1,-1,-1
289,47,1471.15,419.96,80.14,365.45,0.5583,-1,-1,-1
289,53,726.74,446.65,86.10,196.81,0.8712,-1,-1,-1
289,56,1519.19,426.63,182.09,433.70,0.8869,-1,-1,-1
289,65,1152.45,441.83,39.62,110.04,0.6162,-1,-1,-1
289,67,575.97,453.74,23.87,64.43,0.5015,-1,-1,-1
289,69,847.79,424.36,171.97,502.16,0.8781,-1,-1,-1
289,79,558.45,455.89,21.29,61.11,0.5784,-1,-1,-1
290,15,1357.24,443.04,38.67,104.72,0.5873,-1,-1,-1
290,32,505.69,453.48,35.55,98.48,0.6085,-1,-1,-1
290,36,451.59,459.54,32.40,100.71,0.3751,-1,-1,-1
290,42,996.54,402.31,155.93,643.53,0.7879,-1,-1,-1
290,47,1454.17,417.48,99.30,342.24,0.6558,-1,-1,-1
290,53,730.26,447.00,84.22,196.65,0.8130,-1,-1,-1
290,56,1521.53,428.84,194.75,434.49,0.8917,-1,-1,-1
290,65,1153.84,441.87,39.47,110.07,0.6356,-1,-1,-1
290,67,575.87,453.88,23.84,64.30,0.4808,-1,-1,-1
290,69,848.50,423.84,171.10,501.89,0.8848,-1,-1,-1
290,79,558.34,456.22,21.65,61.38,0.5355,-1,-1,-1
290,82,671.22,476.90,59.29,111.77,0.5556,-1,-1,-1
291,15,1357.00,443.55,40.88,104.73,0.6462,-1,-1,-1
291,32,506.26,454.82,35.43,99.39,0.6000,-1,-1,-1
291,34,379.48,461.41,51.90,113.45,0.3634,-1,-1,-1
291,36,451.46,459.47,32.91,101.14,0.4821,-1,-1,-1
291,42,999.70,402.12,155.86,644.28,0.8008,-1,-1,-1
291,47,1434.50,421.34,109.53,327.11,0.5436,-1,-1,-1
291,53,733.12,446.04,83.00,197.56,0.8219,-1,-1,-1
291,56,1523.81,430.83,210.41,436.12,0.9021,-1,-1,-1
291,64,578.47,453.68,22.59,64.06,0.4302,-1,-1,-1
291,65,1155.34,440.53,39.63,110.61,0.6499,-1,-1,-1
291,69,851.20,424.26,170.41,501.03,0.8800,-1,-1,-1
291,79,558.32,456.02,22.12,61.64,0.5856,-1,-1,-1
291,82,673.68,474.63,58.98,113.75,0.5074,-1,-1,-1
292,15,1356.35,444.03,42.44,104.23,0.6543,-1,-1,-1
292,32,506.63,456.24,35.70,100.98,0.6231,-1,-1,-1
292,34,379.30,462.54,48.85,112.81,0.4464,-1,-1,-1
292,36,450.97,458.33,33.72,101.97,0.4208,-1,-1,-1
292,42,1002.89,402.54,155.00,645.85,0.8496,-1,-1,-1
292,53,740.36,446.17,79.51,198.44,0.7837,-1,-1,-1
292,56,1522.24,431.74,222.20,437.40,0.8888,-1,-1,-1
292,65,1156.70,439.81,39.38,110.85,0.6443,-1,-1,-1
292,67,575.97,454.04,23.14,63.44,0.4071,-1,-1,-1
292,69,848.63,423.71,171.58,500.98,0.8867,-1,-1,-1
292,79,557.81,455.40,22.30,61.55,0.5622,-1,-1,-1
292,82,675.38,478.01,57.57,111.46,0.5122,-1,-1,-1
292,84,536.62,456.01,21.60,57.67,0.3688,-1,-1,-1
293,15,1357.08,444.19,42.70,103.57,0.6228,-1,-1,-1
293,32,506.43,456.28,35.63,102.13,0.6054,-1,-1,-1
293,34,378.89,462.51,46.37,112.86,0.5564,-1,-1,-1
293,36,450.60,458.32,34.26,102.07,0.4509,-1,-1,-1
293,42,1004.66,402.68,155.36,647.25,0.7963,-1,-1,-1
293,47,1413.87,416.58,119.38,307.93,0.6114,-1,-1,-1
293,53,745.29,444.92,77.91,199.83,0.7717,-1,-1,-1
293,56,1518.60,434.13,232.10,439.75,0.9000,-1,-1,-1
293,65,1157.73,440.08,39.57,110.56,0.6687,-1,-1,-1
293,67,576.33,454.34,22.68,62.95,0.4417,-1,-1,-1
293,69,847.05,423.00,173.06,501.45,0.8892,-1,-1,-1
293,79,557.50,455.25,22.50,61.46,0.5486,-1,-1,-1
293,82,676.10,479.33,56.98,112.16,0.5036,-1,-1,-1
293,84,536.30,455.98,21.71,58.10,0.4362,-1,-1,-1
294,15,1358.48,444.36,42.76,103.78,0.5379,-1,-1,-1
294,32,506.29,456.06,35.59,102.85,0.6499,-1,-1,-1
294,34,379.36,462.62,44.56,112.85,0.5555,-1,-1,-1
294,42,1005.92,400.81,155.33,647.61,0.8246,-1,-1,-1
294,47,1406.68,417.44,125.11,298.95,0.8436,-1,-1,-1
294,53,745.54,446.07,79.15,200.10,0.7509,-1,-1,-1
294,56,1515.94,433.35,239.60,443.28,0.9007,-1,-1,-1
294,65,1158.01,441.38,39.99,109.64,0.6529,-1,-1,-1
294,67,576.10,454.66,22.28,62.55,0.5082,-1,-1,-1
294,69,846.58,422.44,173.80,502.03,0.8938,-1,-1,-1
294,79,557.49,454.86,22.55,61.59,0.5819,-1,-1,-1
294,82,677.24,483.39,55.56,109.83,0.5913,-1,-1,-1
295,15,1361.94,443.68,45.54,104.88,0.6346,-1,-1,-1
295,32,506.55,455.85,35.65,103.33,0.6599,-1,-1,-1
295,34,380.02,462.35,43.60,113.10,0.5331,-1,-1,-1
295,36,448.45,455.20,34.39,101.86,0.3556,-1,-1,-1
295,42,1006.72,399.44,155.14,647.67,0.7971,-1,-1,-1
295,47,1404.76,418.94,131.93,293.51,0.8632,-1,-1,-1
295,53,748.77,446.54,78.21,200.55,0.8003,-1,-1,-1
295,56,1516.61,431.78,244.06,446.09,0.8899,-1,-1,-1
295,65,1159.81,442.13,40.18,108.90,0.6473,-1,-1,-1
295,67,576.61,454.70,22.25,62.50,0.4661,-1,-1,-1
295,69,847.34,421.38,174.01,503.03,0.8898,-1,-1,-1
295,70,1535.25,442.95,70.42,214.97,0.5494,-1,-1,-1
295,79,557.31,454.73,22.48,61.64,0.6014,-1,-1,-1
295,82,679.07,483.74,55.14,109.02,0.5652,-1,-1,-1
296,32,506.20,455.50,36.01,103.34,0.6427,-1,-1,-1
296,34,380.50,462.16,42.89,113.37,0.5483,-1,-1,-1
296,36,448.08,456.65,35.30,102.55,0.5004,-1,-1,-1
296,42,1007.40,399.51,154.88,647.51,0.8185,-1,-1,-1
296,47,1402.69,420.87,138.13,289.89,0.8227,-1,-1,-1
296,53,751.89,446.90,77.68,201.00,0.8052,-1,-1,-1
296,56,1522.36,429.03,243.48,448.56,0.8556,-1,-1,-1
296,65,1161.27,442.28,40.58,108.88,0.6539,-1,-1,-1
296,67,576.75,454.48,22.16,62.41,0.5100,-1,-1,-1
296,69,850.15,420.38,173.29,504.32,0.8851,-1,-1,-1
296,79,557.31,454.45,22.55,61.85,0.6255,-1,-1,-1
296,82,679.59,484.33,54.51,108.25,0.6378,-1,-1,-1
297,32,506.29,455.31,35.61,103.58,0.5766,-1,-1,-1
297,34,380.54,462.26,42.33,113.40,0.6236,-1,-1,-1
297,36,446.77,456.90,35.97,102.13,0.4118,-1,-1,-1
297,42,1007.79,400.39,154.92,646.71,0.8391,-1,-1,-1
297,47,1397.19,422.65,138.29,287.65,0.8144,-1,-1,-1
297,53,756.16,445.16,76.32,202.76,0.8189,-1,-1,-1
297,56,1518.04,426.25,247.66,450.88,0.5331,-1,-1,-1
297,65,1161.94,441.89,41.68,109.19,0.5903,-1,-1,-1
297,67,576.76,455.12,22.05,61.93,0.4863,-1,-1,-1
297,68,705.26,484.16,30.68,105.07,0.3675,-1,-1,-1
297,69,853.39,419.93,171.25,505.21,0.8873,-1,-1,-1
297,70,1555.19,437.86,73.64,220.24,0.3962,-1,-1,-1
297,79,557.22,454.58,22.75,61.87,0.5664,-1,-1,-1
297,82,679.38,484.41,54.74,108.24,0.6770,-1,-1,-1
297,84,536.59,455.34,21.67,59.44,0.3914,-1,-1,-1
298,32,505.89,455.42,36.00,104.34,0.6155,-1,-1,-1
298,34,380.79,462.09,42.00,113.39,0.6562,-1,-1,-1
298,42,1009.16,400.46,155.79,644.82,0.8435,-1,-1,-1
298,47,1392.75,425.27,135.32,284.99,0.8618,-1,-1,-1
298,53,758.87,444.91,75.15,203.37,0.8083,-1,-1,-1
298,65,1165.27,443.82,42.67,107.43,0.6083,-1,-1,-1
298,67,576.82,455.43,21.82,61.39,0.5095,-1,-1,-1
298,68,706.66,483.56,28.87,105.86,0.3521,-1,-1,-1
298,69,857.33,420.13,168.54,506.42,0.8822,-1,-1,-1
298,70,1563.84,438.25,75.51,219.99,0.5221,-1,-1,-1
298,79,557.19,454.33,22.89,61.92,0.5844,-1,-1,-1
298,82,678.73,485.28,54.29,108.20,0.6610,-1,-1,-1
299,15,1378.10,441.25,38.45,103.24,0.4708,-1,-1,-1
299,32,505.55,454.95,36.13,104.36,0.6247,-1,-1,-1
299,34,381.03,461.42,41.81,113.68,0.6091,-1,-1,-1
299,42,1012.30,400.63,158.37,643.25,0.8242,-1,-1,-1
299,47,1388.59,424.34,128.09,284.41,0.8173,-1,-1,-1
299,53,762.74,445.73,73.54,204.28,0.7838,-1,-1,-1
299,56,1544.97,423.74,233.34,453.75,0.6740,-1,-1,-1
299,65,1168.74,446.42,42.51,105.16,0.5702,-1,-1,-1
299,67,576.86,455.89,21.50,60.70,0.4839,-1,-1,-1
299,69,860.93,420.34,164.99,507.93,0.8609,-1,-1,-1
299,70,1570.25,426.65,80.14,227.72,0.5526,-1,-1,-1
299,79,557.79,454.41,22.66,61.94,0.5944,-1,-1,-1
299,82,679.04,484.42,53.96,108.34,0.6871,-1,-1,-1
300,32,505.95,455.23,36.41,104.39,0.6531,-1,-1,-1
300,34,381.22,462.18,42.80,113.84,0.6377,-1,-1,-1
300,42,1014.36,401.38,162.05,642.18,0.8165,-1,-1,-1
300,47,1383.51,420.88,119.50,285.08,0.8328,-1,-1,-1
300,53,766.16,445.47,73.39,205.04,0.8332,-1,-1,-1
300,65,1169.96,447.30,42.51,103.79,0.6609,-1,-1,-1
300,67,577.36,455.88,21.91,60.47,0.5143,-1,-1,-1
300,69,868.19,421.81,160.36,509.50,0.8548,-1,-1,-1
300,70,1579.03,421.62,81.54,231.30,0.6414,-1,-1,-1
300,79,558.28,454.24,22.33,61.93,0.5838,-1,-1,-1
300,82,678.84,484.15,53.43,108.51,0.6563,-1,-1,-1
300,87,1619.07,433.01,147.36,437.42,0.6423,-1,-1,-1
301,32,505.75,455.26,36.17,104.24,0.6581,-1,-1,-1
301,34,381.27,462.48,43.38,113.84,0.6882,-1,-1,-1
301,42,1012.93,399.42,161.38,638.95,0.8693,-1,-1,-1
301,47,1376.22,417.52,109.57,286.37,0.8645,-1,-1,-1
301,53,768.87,445.49,74.09,206.27,0.8475,-1,-1,-1
301,65,1171.49,448.09,42.94,102.74,0.4922,-1,-1,-1
301,66,733.04,475.75,44.52,121.78,0.6307,-1,-1,-1
301,67,577.27,455.92,22.16,60.49,0.4967,-1,-1,-1
301,68,708.01,481.17,27.57,105.65,0.3812,-1,-1,-1
301,69,873.52,421.10,155.16,511.35,0.8136,-1,-1,-1
301,70,1586.05,418.81,82.63,233.32,0.5688,-1,-1,-1
301,79,558.46,454.33,21.99,61.97,0.5564,-1,-1,-1
301,82,678.80,484.69,52.38,108.01,0.6135,-1,-1,-1
301,87,1614.33,423.49,152.01,450.73,0.8332,-1,-1,-1
302,32,506.13,455.69,35.63,104.41,0.6790,-1,-1,-1
302,34,381.02,462.44,44.03,113.95,0.6603,-1,-1,-1
302,42,1012.85,398.18,160.80,637.20,0.8439,-1,-1,-1
302,47,1365.72,418.44,101.88,286.75,0.8171,-1,-1,-1
302,53,771.40,445.09,74.92,207.45,0.8411,-1,-1,-1
302,65,1172.43,448.55,43.75,101.77,0.6150,-1,-1,-1
302,66,733.04,476.08,43.94,119.86,0.6010,-1,-1,-1
302,67,577.62,456.96,21.95,59.77,0.4299,-1,-1,-1
302,68,708.27,479.77,27.20,106.35,0.4211,-1,-1,-1
302,69,881.62,421.17,148.71,515.88,0.8291,-1,-1,-1
302,70,1594.04,414.52,87.05,238.11,0.6824,-1,-1,-1
302,79,558.53,455.35,21.78,61.49,0.5875,-1,-1,-1
302,82,678.39,486.46,50.59,106.74,0.6499,-1,-1,-1
302,87,1622.71,419.49,153.16,454.51,0.7476,-1,-1,-1
302,88,-4.98,633.66,125.84,219.17,0.7682,-1,-1,-1
303,13,1844.50,504.21,59.33,157.50,0.4106,-1,-1,-1
303,32,505.75,455.68,35.48,104.99,0.6889,-1,-1,-1
303,34,380.98,461.46,43.96,114.08,0.6801,-1,-1,-1
303,42,1013.24,396.23,163.69,634.26,0.8597,-1,-1,-1
303,47,1355.75,418.17,97.39,287.08,0.8340,-1,-1,-1
303,53,773.18,447.33,74.77,207.56,0.8351,-1,-1,-1
303,65,1173.38,448.47,43.87,101.90,0.6374,-1,-1,-1
303,66,733.44,477.04,43.93,119.30,0.6912,-1,-1,-1
303,67,577.44,458.07,21.87,59.03,0.4276,-1,-1,-1
303,68,708.47,479.87,26.99,106.68,0.4238,-1,-1,-1
303,69,885.99,420.61,143.64,520.12,0.8125,-1,-1,-1
303,70,1599.98,410.47,90.11,243.58,0.6725,-1,-1,-1
303,79,558.65,456.44,21.69,60.84,0.5982,-1,-1,-1
303,81,1304.45,427.91,35.15,118.56,0.3576,-1,-1,-1
303,82,678.25,487.01,49.04,105.79,0.6524,-1,-1,-1
303,87,1641.05,421.24,146.28,456.75,0.8125,-1,-1,-1
303,88,-3.10,638.66,125.34,220.48,0.7552,-1,-1,-1
304,7,1161.68,441.47,28.20,99.84,0.4087,-1,-1,-1
304,13,1846.09,499.44,56.66,157.44,0.3592,-1,-1,-1
304,32,505.71,455.77,35.50,105.37,0.7047,-1,-1,-1
304,34,380.73,462.26,44.10,113.32,0.6079,-1,-1,-1
304,42,1014.90,395.40,165.78,630.15,0.8663,-1,-1,-1
304,47,1344.96,418.42,98.52,287.46,0.8917,-1,-1,-1
304,53,776.07,446.80,75.15,208.37,0.8633,-1,-1,-1
304,65,1175.11,447.48,43.49,102.24,0.6674,-1,-1,-1
304,66,733.69,477.39,44.22,117.16,0.6028,-1,-1,-1
304,67,577.30,459.16,21.88,58.44,0.4093,-1,-1,-1
304,68,708.92,479.20,26.67,106.90,0.3699,-1,-1,-1
304,69,882.84,419.10,143.65,522.97,0.7968,-1,-1,-1
304,70,1606.34,409.23,92.29,246.67,0.7190,-1,-1,-1
304,79,558.70,456.91,21.45,60.40,0.6085,-1,-1,-1
304,82,678.99,486.66,48.93,105.84,0.6694,-1,-1,-1
304,84,537.48,455.09,20.92,59.67,0.4691,-1,-1,-1
304,87,1653.75,421.50,143.93,463.84,0.8270,-1,-1,-1
304,88,-3.57,617.13,129.38,237.92,0.6662,-1,-1,-1
305,7,1161.96,438.72,27.58,95.71,0.4468,-1,-1,-1
305,32,506.20,455.74,35.66,105.34,0.7279,-1,-1,-1
305,34,380.60,461.44,43.84,113.57,0.7033,-1,-1,-1
305,36,433.21,455.90,46.04,107.82,0.3513,-1,-1,-1
305,42,1018.56,396.07,172.42,628.60,0.8565,-1,-1,-1
305,47,1335.42,420.08,102.51,286.65,0.8617,-1,-1,-1
305,53,777.39,446.99,76.02,209.49,0.8672,-1,-1,-1
305,56,1573.71,393.67,175.60,441.01,0.5713,-1,-1,-1
305,65,1177.98,446.68,43.30,102.04,0.6916,-1,-1,-1
305,66,733.72,477.11,45.34,115.34,0.6802,-1,-1,-1
305,67,577.35,459.24,21.88,57.72,0.4444,-1,-1,-1
305,69,882.86,418.31,143.08,525.44,0.7956,-1,-1,-1
305,70,1613.25,408.21,95.56,249.84,0.7108,-1,-1,-1
305,79,558.37,457.16,21.44,60.16,0.6508,-1,-1,-1
305,81,1304.82,426.83,36.36,120.65,0.4700,-1,-1,-1
305,82,678.99,486.64,49.10,107.19,0.6997,-1,-1,-1
305,84,537.11,454.85,20.91,60.13,0.5041,-1,-1,-1
305,87,1664.52,420.92,143.40,472.13,0.8329,-1,-1,-1
305,88,-11.72,500.61,145.79,313.99,0.6252,-1,-1,-1
306,7,1162.41,437.37,26.93,93.04,0.4559,-1,-1,-1
306,32,505.66,455.58,35.38,105.35,0.6974,-1,-1,-1
306,34,380.39,461.77,43.70,113.98,0.6541,-1,-1,-1
306,42,1017.91,394.46,174.67,623.13,0.8533,-1,-1,-1
306,47,1324.91,421.45,108.71,285.53,0.8883,-1,-1,-1
306,53,779.40,445.39,77.84,209.96,0.8591,-1,-1,-1
306,56,1586.46,395.77,152.51,428.74,0.4712,-1,-1,-1
306,65,1182.12,446.34,42.53,102.15,0.7240,-1,-1,-1
306,66,734.25,476.56,46.86,113.32,0.7124,-1,-1,-1
306,67,577.68,459.24,21.84,57.29,0.4959,-1,-1,-1
306,68,709.40,479.11,26.14,106.03,0.3534,-1,-1,-1
306,69,883.34,418.01,142.79,526.86,0.7898,-1,-1,-1
306,70,1618.99,407.50,97.80,250.23,0.5567,-1,-1,-1
306,79,558.56,456.94,21.24,59.96,0.6184,-1,-1,-1
306,81,1305.04,427.45,35.97,120.32,0.4542,-1,-1,-1
306,82,679.54,485.42,49.88,107.85,0.6960,-1,-1,-1
306,84,537.29,455.23,20.81,59.97,0.4895,-1,-1,-1
306,87,1673.75,415.82,154.44,488.46,0.8325,-1,-1,-1
306,88,-13.18,448.17,147.67,362.57,0.7538,-1,-1,-1
307,7,1163.24,437.24,26.44,91.58,0.4109,-1,-1,-1
307,13,1841.43,484.98,59.71,165.65,0.3948,-1,-1,-1
307,32,505.29,455.62,35.38,105.29,0.7232,-1,-1,-1
307,34,380.55,461.61,43.84,114.39,0.6472,-1,-1,-1
307,42,1019.05,394.82,176.65,619.41,0.8163,-1,-1,-1
307,47,1315.63,423.94,115.83,283.37,0.8810,-1,-1,-1
307,53,782.31,444.04,78.38,210.63,0.8463,-1,-1,-1
307,56,1606.69,398.90,140.97,422.52,0.4206,-1,-1,-1
307,65,1184.91,444.59,41.95,103.11,0.7616,-1,-1,-1
307,66,734.18,475.35,47.84,111.02,0.7146,-1,-1,-1
307,67,578.80,457.48,21.36,57.85,0.3983,-1,-1,-1
307,68,710.14,480.49,25.58,105.18,0.3826,-1,-1,-1
307,69,884.21,417.55,142.21,527.50,0.8156,-1,-1,-1
307,70,1628.43,407.26,102.16,251.21,0.4341,-1,-1,-1
307,79,558.77,456.66,21.07,59.58,0.5693,-1,-1,-1
307,82,679.58,484.84,50.27,108.13,0.6729,-1,-1,-1
307,84,537.64,454.57,20.78,60.50,0.5076,-1,-1,-1
307,85,418.94,456.39,44.74,112.29,0.4084,-1,-1,-1
307,87,1685.26,411.39,170.25,501.94,0.8431,-1,-1,-1
307,88,-12.53,420.77,145.32,397.53,0.7656,-1,-1,-1
307,89,597.17,458.13,21.85,54.42,0.4232,-1,-1,-1
308,7,1163.48,437.40,26.16,90.44,0.4302,-1,-1,-1
308,13,1840.69,491.37,60.36,162.54,0.4141,-1,-1,-1
308,32,503.50,455.63,36.51,105.07,0.7268,-1,-1,-1
308,34,380.79,461.53,43.92,114.66,0.6172,-1,-1,-1
308,42,1024.94,396.43,186.52,618.55,0.8247,-1,-1,-1
308,47,1305.07,424.66,123.53,281.85,0.8802,-1,-1,-1
308,53,784.08,443.60,77.27,211.02,0.8049,-1,-1,-1
308,56,1617.04,399.95,135.98,414.91,0.5052,-1,-1,-1
308,65,1186.61,443.30,42.19,104.05,0.7544,-1,-1,-1
308,66,734.03,475.75,48.32,110.46,0.7343,-1,-1,-1
308,67,579.94,456.64,21.29,58.31,0.4264,-1,-1,-1
308,68,710.64,480.87,25.17,104.54,0.3631,-1,-1,-1
308,69,882.49,417.33,142.90,528.27,0.8374,-1,-1,-1
308,79,559.40,457.01,20.88,59.18,0.5841,-1,-1,-1
308,82,679.69,484.55,50.42,108.31,0.6123,-1,-1,-1
308,84,538.34,454.17,20.77,60.85,0.3608,-1,-1,-1
308,85,416.59,458.11,43.91,111.20,0.4349,-1,-1,-1
308,87,1692.81,407.79,192.77,513.66,0.8594,-1,-1,-1
308,88,-10.99,405.57,142.38,423.55,0.8348,-1,-1,-1
308,89,598.22,458.13,20.65,52.93,0.3759,-1,-1,-1
309,7,1163.57,437.56,25.86,89.22,0.3747,-1,-1,-1
309,32,501.79,455.46,37.88,104.98,0.7162,-1,-1,-1
309,34,380.88,461.58,43.72,114.76,0.6605,-1,-1,-1
309,42,1027.65,396.27,196.42,617.73,0.8371,-1,-1,-1
309,47,1296.54,425.73,129.08,280.02,0.8652,-1,-1,-1
309,53,787.06,443.47,74.37,211.39,0.8374,-1,-1,-1
309,56,1616.93,403.02,135.18,409.82,0.6300,-1,-1,-1
309,65,1190.06,443.48,42.32,104.15,0.7921,-1,-1,-1
309,66,733.81,476.07,48.49,110.01,0.7225,-1,-1,-1
309,67,580.44,457.37,21.01,57.88,0.4164,-1,-1,-1
309,68,710.67,481.33,25.06,104.88,0.3629,-1,-1,-1
309,69,879.79,417.08,144.87,528.86,0.8550,-1,-1,-1
309,79,559.73,457.45,20.82,58.72,0.6063,-1,-1,-1
309,82,679.18,484.66,50.61,108.47,0.6281,-1,-1,-1
309,84,538.23,453.95,21.03,61.07,0.3687,-1,-1,-1
309,85,417.08,458.73,41.10,110.60,0.4654,-1,-1,-1
309,87,1692.14,409.25,210.72,520.25,0.8886,-1,-1,-1
309,88,-9.64,397.23,138.84,441.67,0.8527,-1,-1,-1
310,7,1163.22,437.42,25.95,88.63,0.4305,-1,-1,-1
310,32,499.87,455.63,38.95,105.33,0.7235,-1,-1,-1
310,34,380.44,461.07,43.26,114.60,0.6824,-1,-1,-1
310,42,1027.51,396.82,204.80,616.53,0.8304,-1,-1,-1
310,47,1286.49,426.47,133.63,278.04,0.8747,-1,-1,-1
310,53,790.95,442.67,71.23,211.85,0.8114,-1,-1,-1
310,56,1624.56,404.29,135.99,405.36,0.5606,-1,-1,-1
310,65,1191.57,443.15,42.46,104.50,0.8043,-1,-1,-1
310,66,733.25,476.33,48.47,109.77,0.7048,-1,-1,-1
310,67,580.48,457.82,20.83,57.21,0.4582,-1,-1,-1
310,69,879.97,416.45,145.20,528.50,0.8388,-1,-1,-1
310,79,559.61,457.48,20.76,58.25,0.6156,-1,-1,-1
310,82,678.86,485.49,50.19,108.03,0.5948,-1,-1,-1
310,84,537.43,453.69,21.30,61.29,0.4504,-1,-1,-1
310,85,418.14,459.26,38.27,109.24,0.4516,-1,-1,-1
310,87,1689.01,413.11,223.15,524.59,0.8895,-1,-1,-1
310,88,-8.15,391.60,136.00,454.69,0.8518,-1,-1,-1
311,7,1162.93,437.71,25.61,88.38,0.3826,-1,-1,-1
311,32,499.08,456.04,39.99,105.21,0.6679,-1,-1,-1
311,34,379.69,461.71,42.67,114.83,0.6487,-1,-1,-1
311,36,411.91,457.53,41.02,111.46,0.4259,-1,-1,-1
311,42,1026.49,397.27,211.17,615.45,0.8324,-1,-1,-1
311,47,1278.10,425.74,135.87,275.01,0.8649,-1,-1,-1
311,53,793.34,443.15,69.07,211.75,0.8196,-1,-1,-1
311,56,1638.34,407.16,132.58,404.95,0.5248,-1,-1,-1
311,65,1193.27,443.14,41.98,104.62,0.7998,-1,-1,-1
311,66,732.04,477.18,49.07,109.54,0.7059,-1,-1,-1
311,67,580.42,457.48,20.65,57.02,0.5090,-1,-1,-1
311,69,880.19,417.42,145.24,529.99,0.8335,-1,-1,-1
311,79,558.75,456.72,21.38,58.47,0.6095,-1,-1,-1
311,82,678.86,485.27,50.16,108.48,0.5861,-1,-1,-1
311,84,537.33,453.68,21.42,60.82,0.4149,-1,-1,-1
311,85,418.79,460.95,37.45,108.93,0.3780,-1,-1,-1
311,87,1685.26,415.11,230.76,525.69,0.8817,-1,-1,-1
311,88,-7.19,388.12,133.09,463.06,0.8787,-1,-1,-1
311,89,597.33,457.99,20.60,51.08,0.4140,-1,-1,-1
312,7,1162.71,437.87,25.42,88.29,0.3540,-1,-1,-1
312,32,498.34,456.98,40.46,104.56,0.6405,-1,-1,-1
312,34,367.57,461.40,49.45,113.04,0.3619,-1,-1,-1
312,42,1025.07,397.08,215.75,615.31,0.8596,-1,-1,-1
312,47,1268.76,425.04,133.44,271.71,0.8803,-1,-1,-1
312,53,795.49,443.14,67.74,211.59,0.8151,-1,-1,-1
312,56,1655.70,424.05,131.94,421.64,0.4852,-1,-1,-1
312,65,1194.11,443.70,41.59,104.40,0.7852,-1,-1,-1
312,66,732.27,477.95,49.08,108.90,0.6736,-1,-1,-1
312,67,580.72,460.23,20.44,55.19,0.4840,-1,-1,-1
312,69,879.17,417.40,145.69,531.00,0.8349,-1,-1,-1
312,75,378.24,463.08,42.69,113.15,0.6300,-1,-1,-1
312,79,558.52,457.92,21.38,57.78,0.5499,-1,-1,-1
312,82,678.86,484.73,50.39,108.58,0.5880,-1,-1,-1
312,84,537.17,454.78,21.25,60.25,0.4566,-1,-1,-1
312,85,415.71,460.28,38.79,109.50,0.5185,-1,-1,-1
312,87,1682.74,416.99,237.30,526.92,0.8277,-1,-1,-1
312,88,-4.65,385.09,133.61,469.28,0.8872,-1,-1,-1
312,89,597.46,458.30,20.29,50.56,0.3710,-1,-1,-1
313,32,497.75,457.27,40.71,104.40,0.6537,-1,-1,-1
313,42,1023.18,396.99,219.29,615.43,0.8489,-1,-1,-1
313,47,1262.83,424.73,127.90,269.56,0.8608,-1,-1,-1
313,53,799.89,443.58,71.15,212.13,0.7394,-1,-1,-1
313,56,1666.09,426.18,130.33,432.61,0.7101,-1,-1,-1
313,65,1195.44,444.20,41.52,105.38,0.8012,-1,-1,-1
313,66,731.81,478.70,49.48,108.90,0.6594,-1,-1,-1
313,67,580.63,461.19,20.08,54.21,0.5043,-1,-1,-1
313,69,878.53,417.08,146.62,531.37,0.8282,-1,-1,-1
313,75,378.93,462.72,42.20,114.54,0.5685,-1,-1,-1
313,79,558.41,457.93,21.59,57.63,0.5880,-1,-1,-1
313,82,679.04,483.46,51.56,108.61,0.5512,-1,-1,-1
313,84,537.16,455.21,21.00,59.93,0.4871,-1,-1,-1
313,85,414.24,460.32,40.03,109.54,0.5352,-1,-1,-1
313,87,1715.88,419.70,219.32,523.43,0.6943,-1,-1,-1
313,88,-0.41,383.60,138.90,476.85,0.8943,-1,-1,-1
313,89,597.17,458.33,20.51,50.93,0.3711,-1,-1,-1
314,32,494.07,457.00,43.10,105.00,0.6977,-1,-1,-1
314,42,1021.65,396.39,222.73,616.15,0.8454,-1,-1,-1
314,47,1259.36,420.81,119.39,269.77,0.8635,-1,-1,-1
314,53,804.33,443.29,73.13,213.40,0.8224,-1,-1,-1
314,56,1671.74,421.07,132.11,440.96,0.7178,-1,-1,-1
314,65,1196.23,444.19,41.63,106.40,0.8016,-1,-1,-1
314,66,731.27,479.26,49.88,108.66,0.6471,-1,-1,-1
314,67,580.75,461.23,19.73,53.66,0.4790,-1,-1,-1
314,69,877.18,417.23,148.32,531.80,0.8236,-1,-1,-1
314,75,379.33,462.63,42.12,115.02,0.6356,-1,-1,-1
314,76,1871.14,384.37,49.86,225.95,0.3777,-1,-1,-1
314,79,557.96,458.34,21.88,57.40,0.6174,-1,-1,-1
314,82,678.74,482.72,52.22,108.40,0.5110,-1,-1,-1
314,84,537.51,454.83,20.60,59.67,0.4131,-1,-1,-1
314,85,414.36,458.75,40.71,110.32,0.4622,-1,-1,-1
314,87,1739.56,421.34,201.47,519.95,0.7160,-1,-1,-1
314,88,7.72,382.78,145.83,480.55,0.8961,-1,-1,-1
315,15,1418.51,440.12,39.84,105.76,0.6333,-1,-1,-1
315,32,492.86,456.38,44.29,105.32,0.6876,-1,-1,-1
315,42,1027.11,395.66,222.85,617.56,0.8515,-1,-1,-1
315,47,1257.17,420.49,109.06,268.89,0.8316,-1,-1,-1
315,53,807.07,442.78,75.13,214.66,0.8193,-1,-1,-1
315,56,1684.50,419.83,135.66,448.38,0.4695,-1,-1,-1
315,65,1196.81,444.09,41.97,107.42,0.7669,-1,-1,-1
315,66,731.52,479.50,49.78,108.76,0.6951,-1,-1,-1
315,67,581.04,462.10,19.41,52.72,0.4830,-1,-1,-1
315,69,879.47,417.03,148.53,531.92,0.7894,-1,-1,-1
315,75,379.83,462.19,42.29,115.75,0.6292,-1,-1,-1
315,79,557.61,457.75,21.94,57.52,0.5738,-1,-1,-1
315,82,678.65,484.16,51.39,108.29,0.6142,-1,-1,-1
315,84,538.26,454.71,20.42,59.28,0.4108,-1,-1,-1
315,85,414.39,458.54,41.19,111.18,0.4445,-1,-1,-1
315,87,1757.36,421.55,184.65,517.87,0.7885,-1,-1,-1
315,88,21.92,382.15,158.26,483.97,0.8800,-1,-1,-1
315,89,597.46,456.79,20.71,52.90,0.3941,-1,-1,-1
316,15,1423.03,440.58,39.26,106.51,0.6446,-1,-1,-1
316,32,492.09,456.75,44.68,105.35,0.6333,-1,-1,-1
316,42,1031.04,395.16,222.41,617.91,0.8618,-1,-1,-1
316,47,1257.53,420.41,99.50,268.28,0.8298,-1,-1,-1
316,53,807.58,442.25,77.59,215.68,0.8218,-1,-1,-1
316,56,1677.13,416.20,154.86,457.89,0.5054,-1,-1,-1
316,65,1197.43,445.35,41.88,107.24,0.7526,-1,-1,-1
316,66,731.59,479.10,49.84,108.69,0.6838,-1,-1,-1
316,67,580.95,462.74,19.08,52.07,0.4714,-1,-1,-1
316,69,880.39,416.43,149.60,532.19,0.7860,-1,-1,-1
316,75,379.82,462.14,42.48,116.23,0.6091,-1,-1,-1
316,79,557.46,457.46,22.10,57.62,0.5620,-1,-1,-1
316,82,678.15,485.62,50.52,107.53,0.6401,-1,-1,-1
316,84,538.35,454.53,20.35,59.19,0.4615,-1,-1,-1
316,85,414.28,458.85,41.34,111.32,0.4510,-1,-1,-1
316,87,1772.52,421.63,168.79,515.62,0.8764,-1,-1,-1
316,88,32.20,381.83,178.64,486.44,0.8806,-1,-1,-1
316,89,597.07,456.47,21.12,53.98,0.4136,-1,-1,-1
317,15,1427.39,439.66,38.74,107.80,0.6934,-1,-1,-1
317,32,489.83,456.47,46.04,105.88,0.6598,-1,-1,-1
317,42,1033.33,395.37,221.94,617.61,0.8618,-1,-1,-1
317,47,1256.50,421.01,91.88,267.28,0.8352,-1,-1,-1
317,53,807.96,442.33,78.54,216.16,0.8107,-1,-1,-1
317,56,1693.85,395.44,149.01,442.45,0.7124,-1,-1,-1
317,65,1199.06,446.88,41.24,107.30,0.7714,-1,-1,-1
317,66,731.87,479.02,49.74,108.73,0.6345,-1,-1,-1
317,67,581.12,463.87,18.71,51.07,0.4434,-1,-1,-1
317,69,880.88,417.00,149.94,532.48,0.7923,-1,-1,-1
317,75,379.19,461.44,42.82,115.92,0.6628,-1,-1,-1
317,79,557.64,457.61,21.99,57.49,0.5173,-1,-1,-1
317,82,677.55,484.62,50.82,107.46,0.5242,-1,-1,-1
317,84,538.57,455.30,20.13,58.57,0.4021,-1,-1,-1
317,85,413.88,459.31,41.39,111.58,0.4720,-1,-1,-1
317,87,1753.44,417.99,174.47,519.93,0.7315,-1,-1,-1
317,88,37.63,381.97,200.04,487.04,0.8913,-1,-1,-1
317,89,597.17,456.95,21.16,54.01,0.3525,-1,-1,-1
318,15,1431.95,437.52,38.42,109.32,0.6479,-1,-1,-1
318,32,489.23,456.29,46.94,106.13,0.6566,-1,-1,-1
318,42,1035.43,396.12,220.44,617.28,0.8540,-1,-1,-1
318,47,1253.29,421.59,88.60,266.10,0.8422,-1,-1,-1
318,53,807.54,442.32,75.84,215.89,0.7877,-1,-1,-1
318,56,1704.15,396.08,144.62,438.92,0.7488,-1,-1,-1
318,65,1199.78,447.47,40.66,105.84,0.7974,-1,-1,-1
318,66,730.23,478.42,50.37,108.44,0.7031,-1,-1,-1
318,67,581.11,465.23,18.43,49.91,0.4794,-1,-1,-1
318,69,878.79,416.91,152.71,532.60,0.7999,-1,-1,-1
318,75,379.86,461.81,43.29,116.30,0.6410,-1,-1,-1
318,79,557.91,458.02,21.80,57.25,0.5328,-1,-1,-1
318,82,677.83,484.23,50.73,108.15,0.6151,-1,-1,-1
318,84,537.57,455.91,20.39,58.57,0.4065,-1,-1,-1
318,85,413.54,459.38,41.39,111.55,0.4817,-1,-1,-1
318,87,1781.83,419.87,155.67,516.94,0.7441,-1,-1,-1
318,88,40.36,382.87,222.33,487.18,0.9048,-1,-1,-1
318,89,597.10,456.22,21.32,54.79,0.3825,-1,-1,-1
319,15,1434.60,437.23,39.37,109.93,0.6473,-1,-1,-1
319,32,488.47,456.18,47.36,106.30,0.6624,-1,-1,-1
319,42,1037.58,397.11,217.98,616.59,0.8558,-1,-1,-1
319,47,1246.86,426.21,89.01,262.81,0.8554,-1,-1,-1
319,53,813.45,442.95,73.36,215.63,0.8191,-1,-1,-1
319,56,1712.41,396.12,139.65,437.56,0.8334,-1,-1,-1
319,65,1201.38,448.15,39.99,104.46,0.7930,-1,-1,-1
319,66,729.98,476.83,50.78,108.65,0.6592,-1,-1,-1
319,67,581.14,465.61,18.17,49.29,0.4785,-1,-1,-1
319,69,878.04,416.92,154.91,532.70,0.7975,-1,-1,-1
319,75,379.98,461.81,43.66,116.59,0.6487,-1,-1,-1
319,79,557.62,458.29,21.89,57.14,0.5646,-1,-1,-1
319,82,677.75,484.02,50.27,108.47,0.6343,-1,-1,-1
319,84,537.45,455.96,20.74,58.46,0.4538,-1,-1,-1
319,85,413.60,459.33,41.11,111.35,0.4517,-1,-1,-1
319,87,1798.51,420.35,140.24,513.78,0.6839,-1,-1,-1
319,88,40.61,385.87,242.72,485.12,0.9187,-1,-1,-1
319,89,597.04,455.94,21.36,55.15,0.3722,-1,-1,-1
320,15,1438.37,436.44,40.22,110.46,0.7548,-1,-1,-1
320,32,488.37,455.43,47.83,106.69,0.6775,-1,-1,-1
320,42,1040.96,397.97,215.47,615.78,0.8607,-1,-1,-1
320,47,1240.20,429.28,92.40,260.10,0.8440,-1,-1,-1
320,53,815.57,444.17,71.17,214.75,0.7815,-1,-1,-1
320,56,1717.99,396.46,138.04,438.70,0.8243,-1,-1,-1
320,65,1203.99,448.63,38.98,103.43,0.7161,-1,-1,-1
320,66,729.75,476.86,50.70,109.37,0.6489,-1,-1,-1
320,67,581.26,465.30,18.02,49.21,0.4612,-1,-1,-1
320,69,876.61,416.48,156.07,532.20,0.7837,-1,-1,-1
320,75,379.97,461.67,43.87,116.73,0.6416,-1,-1,-1
320,79,557.94,458.15,21.92,57.19,0.5503,-1,-1,-1
320,82,678.37,483.13,50.75,109.44,0.6292,-1,-1,-1
320,84,537.21,455.88,20.99,58.68,0.4590,-1,-1,-1
320,85,413.73,458.90,40.94,111.46,0.4322,-1,-1,-1
320,87,1815.78,422.78,123.81,511.04,0.8443,-1,-1,-1
320,88,37.38,388.70,258.68,482.24,0.9330,-1,-1,-1
321,15,1440.97,437.18,41.44,109.91,0.7345,-1,-1,-1
321,32,489.94,455.37,46.39,106.26,0.6719,-1,-1,-1
321,42,1043.65,399.25,212.88,614.75,0.8625,-1,-1,-1
321,47,1234.22,429.75,96.72,258.11,0.8381,-1,-1,-1
321,53,818.84,445.57,69.79,213.36,0.7563,-1,-1,-1
321,56,1725.25,400.65,137.49,442.86,0.8087,-1,-1,-1
321,65,1207.26,449.95,37.46,103.27,0.6332,-1,-1,-1
321,66,730.76,479.33,50.05,111.81,0.6843,-1,-1,-1
321,67,581.13,464.66,18.07,49.60,0.4633,-1,-1,-1
321,69,877.91,416.89,157.69,531.88,0.7745,-1,-1,-1
321,75,380.03,461.48,43.98,116.90,0.6573,-1,-1,-1
321,79,558.94,459.41,21.38,56.34,0.5103,-1,-1,-1
321,82,678.34,482.79,50.51,109.96,0.6103,-1,-1,-1
321,84,537.79,455.38,20.55,58.66,0.4267,-1,-1,-1
321,85,414.35,458.24,40.82,112.02,0.4553,-1,-1,-1
321,87,1829.14,422.24,109.29,506.86,0.7942,-1,-1,-1
321,88,34.07,390.82,270.63,479.25,0.9226,-1,-1,-1
322,15,1441.05,437.55,43.70,108.90,0.7208,-1,-1,-1
322,32,489.77,455.34,45.77,106.36,0.6449,-1,-1,-1
322,42,1045.93,398.77,209.94,613.75,0.8685,-1,-1,-1
322,47,1231.06,430.59,99.56,256.75,0.8350,-1,-1,-1
322,53,822.19,447.08,69.00,211.91,0.7849,-1,-1,-1
322,56,1732.59,401.42,138.85,447.13,0.8144,-1,-1,-1
322,65,1209.21,450.27,37.35,103.10,0.6272,-1,-1,-1
322,66,731.52,478.68,49.02,112.00,0.6747,-1,-1,-1
322,67,581.33,463.07,18.36,50.71,0.4417,-1,-1,-1
322,69,877.38,417.13,158.78,531.73,0.7623,-1,-1,-1
322,75,380.13,461.26,43.92,117.15,0.6155,-1,-1,-1
322,79,559.59,460.64,21.00,55.31,0.4999,-1,-1,-1
322,82,677.83,483.75,49.72,109.90,0.6475,-1,-1,-1
322,85,415.39,458.41,40.58,112.36,0.4132,-1,-1,-1
322,87,1842.79,429.23,94.87,500.75,0.6902,-1,-1,-1
322,88,31.67,391.13,279.81,475.64,0.9117,-1,-1,-1
323,15,1441.36,438.24,46.22,108.29,0.7644,-1,-1,-1
323,32,491.14,455.89,44.97,106.17,0.6929,-1,-1,-1
323,42,1047.86,398.32,207.08,613.35,0.8635,-1,-1,-1
323,47,1230.12,432.76,99.91,254.81,0.8103,-1,-1,-1
323,53,823.27,447.11,70.08,211.50,0.7673,-1,-1,-1
323,56,1738.38,398.89,139.78,448.88,0.8442,-1,-1,-1
323,65,1210.43,450.13,36.15,102.02,0.6006,-1,-1,-1
323,66,731.72,479.36,48.20,113.75,0.6880,-1,-1,-1
323,67,580.93,460.96,18.77,52.56,0.4744,-1,-1,-1
323,69,879.00,417.67,158.73,531.83,0.7683,-1,-1,-1
323,75,379.05,460.96,44.40,117.30,0.6499,-1,-1,-1
323,79,559.43,459.94,20.64,55.40,0.4948,-1,-1,-1
323,82,677.63,483.54,49.98,109.12,0.5626,-1,-1,-1
323,85,414.83,462.54,40.81,109.56,0.4094,-1,-1,-1
323,87,1852.46,439.72,83.02,491.72,0.5841,-1,-1,-1
323,88,30.94,391.26,286.81,471.76,0.9121,-1,-1,-1
324,15,1442.21,439.32,49.59,108.67,0.8158,-1,-1,-1
324,32,491.56,455.84,44.26,106.16,0.6884,-1,-1,-1
324,42,1050.00,397.84,204.44,612.98,0.8699,-1,-1,-1
324,47,1225.90,433.63,100.80,253.60,0.8094,-1,-1,-1
324,53,824.39,446.94,71.35,211.09,0.7323,-1,-1,-1
324,56,1748.16,397.52,140.96,449.16,0.7667,-1,-1,-1
324,65,1210.85,448.14,33.55,101.05,0.5265,-1,-1,-1
324,66,732.10,479.85,47.56,116.07,0.7245,-1,-1,-1
324,67,581.00,460.48,19.03,53.55,0.4890,-1,-1,-1
324,69,879.84,417.86,158.10,531.99,0.7837,-1,-1,-1
324,75,379.08,461.15,44.41,117.31,0.6348,-1,-1,-1
324,79,559.52,459.62,20.44,55.55,0.5059,-1,-1,-1
324,82,677.86,483.61,50.19,108.34,0.5201,-1,-1,-1
324,84,538.25,455.09,20.12,58.63,0.4364,-1,-1,-1
324,85,415.08,465.57,40.10,106.80,0.4841,-1,-1,-1
324,87,1857.56,436.30,74.68,488.93,0.5432,-1,-1,-1
324,88,32.66,392.12,289.44,467.10,0.9087,-1,-1,-1
325,15,1443.84,440.07,51.38,108.53,0.7755,-1,-1,-1
325,32,491.71,455.75,43.74,106.17,0.7144,-1,-1,-1
325,42,1052.53,398.12,202.63,612.01,0.8730,-1,-1,-1
325,47,1222.13,432.82,101.86,252.81,0.7846,-1,-1,-1
325,53,826.30,446.92,72.63,210.46,0.6896,-1,-1,-1
325,56,1758.46,397.29,141.58,450.09,0.7575,-1,-1,-1
325,66,732.79,479.56,46.83,117.69,0.7301,-1,-1,-1
325,67,581.19,459.78,19.33,54.50,0.5111,-1,-1,-1
325,69,880.76,418.05,157.74,532.30,0.7898,-1,-1,-1
325,75,379.54,461.14,44.29,117.35,0.6318,-1,-1,-1
325,79,559.37,458.91,20.26,55.99,0.5127,-1,-1,-1
325,82,677.73,483.97,49.78,108.28,0.5619,-1,-1,-1
325,84,538.58,454.78,20.06,58.77,0.4941,-1,-1,-1
325,85,415.31,467.17,39.64,104.94,0.4790,-1,-1,-1
325,87,1862.30,429.89,67.70,488.77,0.3913,-1,-1,-1
325,88,37.76,390.86,288.08,461.64,0.8972,-1,-1,-1
326,15,1444.10,439.78,52.05,108.63,0.7787,-1,-1,-1
326,32,491.89,455.52,43.06,106.36,0.7068,-1,-1,-1
326,42,1054.34,398.01,200.79,611.59,0.8608,-1,-1,-1
326,47,1214.90,431.61,100.97,251.31,0.6026,-1,-1,-1
326,53,828.41,445.71,74.47,212.25,0.6214,-1,-1,-1
326,56,1767.88,401.05,144.81,457.69,0.7886,-1,-1,-1
326,66,733.15,478.27,46.65,117.32,0.7320,-1,-1,-1
326,67,581.55,458.87,20.14,55.53,0.4961,-1,-1,-1
326,68,709.18,483.19,27.07,102.94,0.3536,-1,-1,-1
326,69,883.83,417.98,155.61,531.97,0.8336,-1,-1,-1
326,75,379.94,461.27,44.48,116.45,0.5944,-1,-1,-1
326,79,559.58,458.73,20.16,56.26,0.5154,-1,-1,-1
326,82,677.95,485.26,49.39,107.84,0.6220,-1,-1,-1
326,84,538.84,454.66,20.16,58.92,0.4572,-1,-1,-1
326,85,415.54,467.58,39.76,104.02,0.5178,-1,-1,-1
326,87,1862.02,425.61,64.53,491.45,0.4223,-1,-1,-1
326,88,48.17,391.60,281.90,457.91,0.8946,-1,-1,-1
326,91,1012.43,453.30,28.09,73.35,0.4292,-1,-1,-1
327,15,1445.26,439.29,53.06,109.06,0.7676,-1,-1,-1
327,32,491.34,455.62,42.14,106.04,0.6709,-1,-1,-1
327,42,1056.17,397.94,198.83,611.62,0.8666,-1,-1,-1
327,43,1704.05,430.93,75.63,149.07,0.3700,-1,-1,-1
327,47,1202.24,418.01,89.10,238.51,0.4273,-1,-1,-1
327,53,840.38,429.82,70.50,189.72,0.4818,-1,-1,-1
327,56,1770.20,400.01,147.95,466.26,0.7740,-1,-1,-1
327,66,733.39,477.71,46.52,117.12,0.7340,-1,-1,-1
327,67,581.36,458.56,20.07,55.95,0.4461,-1,-1,-1
327,69,885.62,418.44,154.14,531.37,0.8391,-1,-1,-1
327,75,379.82,461.19,44.63,115.95,0.5364,-1,-1,-1
327,79,558.78,458.83,20.46,56.29,0.4996,-1,-1,-1
327,82,678.59,484.82,49.19,107.99,0.6285,-1,-1,-1
327,84,538.79,454.65,20.27,59.16,0.5000,-1,-1,-1
327,85,415.49,467.51,39.89,103.43,0.4801,-1,-1,-1
327,88,63.28,391.96,271.07,455.24,0.8893,-1,-1,-1
327,91,1012.73,452.79,28.68,73.96,0.4267,-1,-1,-1
328,15,1448.18,439.55,52.37,109.40,0.7286,-1,-1,-1
328,32,491.04,456.02,41.17,105.79,0.6367,-1,-1,-1
328,42,1056.87,397.69,197.96,611.73,0.8726,-1,-1,-1
328,47,1199.92,426.62,88.49,237.16,0.4136,-1,-1,-1
328,53,848.99,427.82,66.01,175.48,0.5878,-1,-1,-1
328,56,1770.46,389.72,150.18,464.82,0.8695,-1,-1,-1
328,66,733.53,477.71,46.39,116.77,0.7352,-1,-1,-1
328,67,581.07,459.48,19.83,55.56,0.3969,-1,-1,-1
328,69,888.60,418.48,151.97,530.56,0.8343,-1,-1,-1
328,75,380.33,461.54,44.38,115.42,0.6003,-1,-1,-1
328,79,558.15,458.87,20.58,56.29,0.4921,-1,-1,-1
328,82,678.67,485.50,48.61,107.70,0.6356,-1,-1,-1
328,84,538.49,454.70,20.29,59.27,0.5450,-1,-1,-1
328,85,416.13,467.46,39.92,103.32,0.4961,-1,-1,-1
328,88,82.91,389.22,255.86,451.66,0.8877,-1,-1,-1
328,91,1012.91,453.00,28.56,73.58,0.4181,-1,-1,-1
329,15,1451.72,439.50,50.58,109.04,0.7064,-1,-1,-1
329,32,489.96,455.66,41.52,106.08,0.6152,-1,-1,-1
329,42,1057.04,397.47,197.23,612.13,0.8926,-1,-1,-1
329,47,1192.34,415.90,80.20,224.34,0.3958,-1,-1,-1
329,53,855.59,430.61,62.87,164.10,0.5317,-1,-1,-1
329,56,1771.17,386.59,151.04,464.97,0.8644,-1,-1,-1
329,66,733.45,478.86,46.36,117.47,0.7280,-1,-1,-1
329,67,580.90,460.55,19.41,54.84,0.3615,-1,-1,-1
329,68,709.45,483.42,26.93,103.24,0.4370,-1,-1,-1
329,69,891.09,417.97,150.07,529.56,0.8380,-1,-1,-1
329,75,379.50,461.75,44.89,114.93,0.4658,-1,-1,-1
329,79,558.27,458.83,20.52,56.34,0.5204,-1,-1,-1
329,82,678.74,486.37,48.19,107.35,0.5964,-1,-1,-1
329,84,538.35,454.93,20.06,59.19,0.4842,-1,-1,-1
329,85,415.95,467.24,39.83,103.12,0.5046,-1,-1,-1
329,88,101.12,387.69,240.05,448.09,0.8795,-1,-1,-1
329,91,1012.77,453.35,28.51,73.80,0.4002,-1,-1,-1
330,15,1454.84,439.37,48.16,108.62,0.7054,-1,-1,-1
330,32,489.75,455.39,41.23,105.73,0.5085,-1,-1,-1
330,42,1057.42,397.11,196.33,612.45,0.9024,-1,-1,-1
330,53,860.47,432.35,59.52,155.81,0.6027,-1,-1,-1
330,56,1771.97,386.99,151.05,466.18,0.8240,-1,-1,-1
330,65,1205.25,433.40,43.64,115.54,0.3811,-1,-1,-1
330,66,733.60,479.29,46.41,117.45,0.7240,-1,-1,-1
330,67,580.65,461.44,19.20,53.96,0.3599,-1,-1,-1
330,68,709.72,483.84,26.89,103.35,0.4046,-1,-1,-1
330,69,892.40,418.19,147.57,529.07,0.8232,-1,-1,-1
330,79,558.44,459.12,20.46,56.16,0.5534,-1,-1,-1
330,82,677.81,486.03,48.05,105.99,0.5779,-1,-1,-1
330,84,538.33,456.04,19.94,58.51,0.4974,-1,-1,-1
330,85,415.95,466.99,39.29,102.90,0.5027,-1,-1,-1
330,88,124.10,387.45,220.12,445.39,0.8666,-1,-1,-1
330,91,1013.39,453.99,27.74,73.28,0.4096,-1,-1,-1
331,15,1459.24,438.72,45.13,108.36,0.7541,-1,-1,-1
331,32,489.75,454.23,40.76,104.24,0.3875,-1,-1,-1
331,42,1057.82,397.61,195.85,612.52,0.9006,-1,-1,-1
331,53,863.68,431.81,57.84,148.85,0.6472,-1,-1,-1
331,56,1772.10,385.39,150.99,464.87,0.8653,-1,-1,-1
331,66,733.66,479.72,46.49,117.55,0.7153,-1,-1,-1
331,67,580.61,460.55,19.17,54.24,0.3803,-1,-1,-1
331,68,709.27,483.84,27.29,103.29,0.3938,-1,-1,-1
331,69,894.95,418.12,146.90,527.93,0.8255,-1,-1,-1
331,75,379.82,461.66,44.66,116.49,0.4172,-1,-1,-1
331,79,558.04,458.69,20.74,56.44,0.5325,-1,-1,-1
331,82,677.64,485.43,48.15,105.12,0.5283,-1,-1,-1
331,84,538.40,456.10,20.03,58.22,0.5053,-1,-1,-1
331,85,416.50,466.60,38.87,102.88,0.4674,-1,-1,-1
331,88,148.75,389.04,198.48,443.03,0.8571,-1,-1,-1
331,91,1014.31,454.65,26.68,72.42,0.3978,-1,-1,-1
332,15,1462.64,438.24,43.11,108.33,0.7003,-1,-1,-1
332,32,489.69,454.26,40.40,103.06,0.3961,-1,-1,-1
332,42,1058.38,397.92,195.58,612.34,0.8875,-1,-1,-1
332,43,1704.06,430.05,77.13,150.78,0.4022,-1,-1,-1
332,53,866.63,433.21,56.82,142.55,0.5573,-1,-1,-1
332,56,1772.18,392.72,150.77,459.96,0.8453,-1,-1,-1
332,66,733.85,478.04,47.07,115.32,0.5962,-1,-1,-1
332,67,579.82,458.15,19.37,55.53,0.3752,-1,-1,-1
332,68,709.20,483.87,27.93,103.35,0.4212,-1,-1,-1
332,69,897.25,417.99,147.06,527.49,0.8426,-1,-1,-1
332,75,380.31,462.23,44.40,116.69,0.4291,-1,-1,-1
332,79,557.83,458.92,21.01,56.42,0.5725,-1,-1,-1
332,82,679.10,484.81,49.75,104.05,0.4892,-1,-1,-1
332,84,538.57,456.43,20.32,58.01,0.5194,-1,-1,-1
332,85,417.14,464.80,39.56,103.62,0.4667,-1,-1,-1
332,88,176.53,390.48,180.63,440.57,0.8500,-1,-1,-1
332,91,1014.76,455.99,26.25,71.52,0.3628,-1,-1,-1
333,15,1467.79,438.58,43.30,107.86,0.6355,-1,-1,-1
333,32,489.71,454.30,40.80,102.47,0.4196,-1,-1,-1
333,42,1059.24,399.02,195.13,611.68,0.8876,-1,-1,-1
333,53,869.96,433.62,56.52,138.56,0.6016,-1,-1,-1
333,56,1772.53,394.95,150.49,458.51,0.7576,-1,-1,-1
333,66,733.65,477.60,47.45,113.60,0.5616,-1,-1,-1
333,68,709.73,483.94,27.88,103.05,0.4513,-1,-1,-1
333,69,896.29,418.53,146.83,527.19,0.8181,-1,-1,-1
333,75,381.22,461.42,44.41,115.96,0.6331,-1,-1,-1
333,79,558.62,459.27,20.73,56.11,0.6242,-1,-1,-1
333,82,679.19,486.57,49.01,104.58,0.6281,-1,-1,-1
333,84,539.65,457.01,20.21,57.31,0.4532,-1,-1,-1
333,85,418.01,465.09,38.98,103.00,0.3983,-1,-1,-1
333,88,199.10,391.45,168.97,439.03,0.8004,-1,-1,-1
333,91,1014.18,454.19,27.40,73.51,0.3981,-1,-1,-1
333,93,1.98,454.81,108.53,333.58,0.5196,-1,-1,-1
334,15,1471.80,438.88,42.18,107.23,0.5619,-1,-1,-1
334,32,490.47,455.16,40.19,102.84,0.5157,-1,-1,-1
334,42,1060.25,399.12,194.49,611.22,0.8936,-1,-1,-1
334,53,872.71,434.91,55.96,136.47,0.6239,-1,-1,-1
334,56,1774.22,393.00,149.31,458.63,0.7227,-1,-1,-1
334,65,1221.94,442.59,39.14,106.75,0.5106,-1,-1,-1
334,66,733.62,478.12,47.82,112.09,0.5870,-1,-1,-1
334,68,709.80,484.02,27.99,102.90,0.4535,-1,-1,-1
334,69,894.80,418.45,146.55,526.93,0.8149,-1,-1,-1
334,75,381.46,461.81,44.52,115.49,0.6379,-1,-1,-1
334,79,559.16,459.34,20.32,55.85,0.5667,-1,-1,-1
334,82,679.24,486.82,48.42,105.11,0.6120,-1,-1,-1
334,84,539.61,457.65,20.36,56.61,0.3804,-1,-1,-1
334,85,419.74,466.28,38.28,101.95,0.3667,-1,-1,-1
334,88,214.33,391.83,164.11,437.89,0.8524,-1,-1,-1
334,93,3.51,427.52,125.72,363.25,0.8119,-1,-1,-1
335,13,1823.79,480.42,52.41,157.46,0.4099,-1,-1,-1
335,15,1474.32,438.78,41.52,107.85,0.6857,-1,-1,-1
335,32,490.42,454.34,39.74,101.59,0.3904,-1,-1,-1
335,42,1061.01,399.82,194.50,610.78,0.8930,-1,-1,-1
335,53,874.49,435.94,55.62,134.04,0.6266,-1,-1,-1
335,56,1778.15,392.26,146.55,459.43,0.7296,-1,-1,-1
335,65,1224.35,443.20,39.70,96.60,0.3627,-1,-1,-1
335,66,732.63,479.24,48.22,112.49,0.6410,-1,-1,-1
335,69,895.62,418.64,146.00,526.46,0.8222,-1,-1,-1
335,75,381.21,461.07,44.12,115.57,0.6957,-1,-1,-1
335,79,559.52,459.55,20.18,55.67,0.5880,-1,-1,-1
335,82,679.66,487.04,47.80,105.32,0.5826,-1,-1,-1
335,88,226.62,392.73,162.66,436.65,0.8586,-1,-1,-1
335,93,3.68,420.26,136.97,373.41,0.7389,-1,-1,-1
336,15,1475.95,440.05,40.87,107.79,0.6997,-1,-1,-1
336,32,489.69,453.16,39.04,99.12,0.4445,-1,-1,-1
336,42,1061.06,399.75,194.51,610.93,0.8849,-1,-1,-1
336,53,877.36,436.36,54.72,131.93,0.4832,-1,-1,-1
336,65,1226.29,443.41,39.87,90.38,0.4617,-1,-1,-1
336,66,731.15,479.15,48.99,111.51,0.5913,-1,-1,-1
336,69,897.10,418.47,147.21,525.65,0.8506,-1,-1,-1
336,75,380.84,461.73,44.26,115.37,0.6010,-1,-1,-1
336,79,559.32,459.48,20.20,55.52,0.5315,-1,-1,-1
336,82,679.43,486.51,48.08,105.76,0.6662,-1,-1,-1
336,84,539.77,458.17,20.24,55.98,0.4209,-1,-1,-1
336,85,418.09,462.06,39.78,105.73,0.4330,-1,-1,-1
336,88,236.99,393.07,163.81,436.37,0.8804,-1,-1,-1
336,89,596.67,455.56,20.76,54.86,0.3765,-1,-1,-1
336,93,2.52,421.92,143.56,374.18,0.8268,-1,-1,-1
337,15,1477.74,440.38,40.05,107.48,0.5432,-1,-1,-1
337,32,489.37,453.04,38.36,96.53,0.4299,-1,-1,-1
337,42,1060.84,400.62,194.53,610.49,0.8868,-1,-1,-1
337,43,1704.67,430.12,76.87,151.04,0.3629,-1,-1,-1
337,53,879.26,437.54,53.98,130.33,0.5907,-1,-1,-1
337,56,1792.69,393.55,136.98,459.82,0.3676,-1,-1,-1
337,66,729.99,478.79,48.78,110.35,0.6157,-1,-1,-1
337,67,577.65,457.97,20.08,55.94,0.5241,-1,-1,-1
337,69,898.05,418.93,147.84,525.13,0.8503,-1,-1,-1
337,75,379.64,462.34,44.77,115.24,0.6196,-1,-1,-1
337,79,558.22,458.90,20.59,55.82,0.5080,-1,-1,-1
337,82,678.75,485.89,48.66,106.02,0.6698,-1,-1,-1
337,84,539.53,458.20,19.85,56.03,0.3625,-1,-1,-1
337,85,416.85,460.96,40.11,107.45,0.3628,-1,-1,-1
337,88,245.85,393.92,169.62,435.94,0.9061,-1,-1,-1
337,89,595.85,454.95,20.98,55.98,0.3728,-1,-1,-1
337,93,1.76,423.66,148.86,373.42,0.8782,-1,-1,-1
338,15,1480.66,439.71,40.20,107.55,0.5854,-1,-1,-1
338,32,489.56,453.80,37.98,96.16,0.4758,-1,-1,-1
338,42,1061.04,400.84,196.10,610.54,0.8752,-1,-1,-1
338,53,880.60,438.52,53.24,129.26,0.6383,-1,-1,-1
338,56,1806.37,390.64,125.42,459.26,0.3765,-1,-1,-1
338,66,729.48,479.16,48.35,110.24,0.6290,-1,-1,-1
338,67,578.24,456.41,20.38,57.17,0.4500,-1,-1,-1
338,69,898.76,419.34,148.28,524.49,0.8615,-1,-1,-1
338,75,378.69,461.88,44.88,115.30,0.6409,-1,-1,-1
338,79,557.66,458.83,21.00,56.03,0.5730,-1,-1,-1
338,82,678.45,485.60,48.96,106.03,0.6785,-1,-1,-1
338,85,416.05,459.45,40.82,109.08,0.3603,-1,-1,-1
338,88,250.67,395.35,178.02,434.84,0.8732,-1,-1,-1
338,89,596.01,454.66,20.94,56.19,0.4174,-1,-1,-1
338,91,1012.17,456.16,27.55,71.43,0.3510,-1,-1,-1
338,93,0.56,425.85,151.72,370.44,0.8932,-1,-1,-1
339,15,1484.06,439.93,43.34,107.89,0.5778,-1,-1,-1
339,32,488.97,454.35,36.80,95.55,0.4197,-1,-1,-1
339,42,1061.73,400.85,196.57,610.45,0.8712,-1,-1,-1
339,43,1703.32,430.04,77.93,151.73,0.3513,-1,-1,-1
339,53,883.04,439.45,51.82,128.56,0.5247,-1,-1,-1
339,66,729.88,479.83,48.17,110.42,0.7124,-1,-1,-1
339,67,578.53,456.03,20.19,57.49,0.4163,-1,-1,-1
339,69,899.78,419.65,148.42,524.34,0.8496,-1,-1,-1
339,75,378.33,461.76,45.02,115.31,0.6813,-1,-1,-1
339,79,557.65,459.19,21.31,55.99,0.5848,-1,-1,-1
339,82,678.50,484.79,49.78,106.62,0.7090,-1,-1,-1
339,85,417.99,458.97,40.02,110.14,0.3922,-1,-1,-1
339,88,249.29,396.78,181.15,433.12,0.8805,-1,-1,-1
339,89,596.00,454.57,20.86,55.98,0.3913,-1,-1,-1
339,93,-0.46,427.63,153.29,367.54,0.8987,-1,-1,-1
340,15,1485.87,439.60,45.45,107.77,0.6696,-1,-1,-1
340,32,488.20,454.20,35.25,94.15,0.4252,-1,-1,-1
340,42,1063.58,400.31,197.04,611.08,0.8895,-1,-1,-1
340,53,885.20,439.85,50.98,126.48,0.5268,-1,-1,-1
340,66,730.10,480.61,47.92,111.17,0.6932,-1,-1,-1
340,67,578.64,456.07,20.09,57.54,0.4410,-1,-1,-1
340,69,899.71,419.97,148.17,523.93,0.8492,-1,-1,-1
340,75,378.22,461.55,45.15,115.29,0.5930,-1,-1,-1
340,79,557.94,459.12,21.38,55.95,0.5698,-1,-1,-1
340,82,678.73,484.49,50.38,106.88,0.6896,-1,-1,-1
340,85,421.46,457.64,39.84,111.11,0.4106,-1,-1,-1
340,88,252.22,397.61,189.95,431.42,0.8572,-1,-1,-1
340,89,596.26,454.79,20.56,55.84,0.3993,-1,-1,-1
340,93,-1.14,428.27,154.32,365.77,0.8932,-1,-1,-1
341,15,1487.27,438.74,47.89,108.13,0.5764,-1,-1,-1
341,32,489.19,453.86,35.05,92.58,0.3887,-1,-1,-1
341,42,1064.39,399.39,197.28,611.84,0.8703,-1,-1,-1
341,43,1704.34,429.59,77.86,151.98,0.4933,-1,-1,-1
341,53,887.35,440.32,50.58,124.94,0.4747,-1,-1,-1
341,66,730.53,480.51,47.68,112.39,0.7074,-1,-1,-1
341,67,578.47,457.19,20.12,56.96,0.4205,-1,-1,-1
341,69,900.56,420.10,146.98,523.57,0.8361,-1,-1,-1
341,75,379.24,461.90,46.16,114.75,0.5407,-1,-1,-1
341,79,558.37,459.38,21.04,55.40,0.5598,-1,-1,-1
341,82,678.73,484.77,50.86,106.80,0.6665,-1,-1,-1
341,88,252.79,404.03,198.32,426.29,0.8900,-1,-1,-1
341,89,596.26,455.22,20.29,55.63,0.4567,-1,-1,-1
341,93,-1.14,429.13,155.34,365.81,0.8199,-1,-1,-1
342,15,1487.84,439.26,49.92,107.79,0.4534,-1,-1,-1
342,42,1064.81,398.41,198.18,612.27,0.8753,-1,-1,-1
342,43,1704.46,429.49,78.25,152.04,0.4240,-1,-1,-1
342,66,730.33,479.06,47.38,112.12,0.6053,-1,-1,-1
342,67,578.83,459.55,19.88,55.46,0.3855,-1,-1,-1
342,69,899.05,420.59,146.13,523.40,0.8318,-1,-1,-1
342,75,379.29,462.42,46.85,114.71,0.5330,-1,-1,-1
342,79,559.06,459.42,20.64,55.11,0.5518,-1,-1,-1
342,82,678.81,485.34,50.75,106.34,0.6483,-1,-1,-1
342,88,251.81,402.59,205.67,426.18,0.9032,-1,-1,-1
342,89,596.29,455.23,20.11,55.08,0.3670,-1,-1,-1
342,90,1668.62,435.50,48.50,137.39,0.3539,-1,-1,-1
342,93,-0.64,428.83,156.15,365.04,0.8337,-1,-1,-1
343,15,1487.71,440.32,52.26,107.37,0.4116,-1,-1,-1
343,42,1065.97,397.77,198.70,612.93,0.8679,-1,-1,-1
343,43,1704.18,429.55,78.89,152.14,0.3741,-1,-1,-1
343,66,731.57,478.10,47.55,112.20,0.6236,-1,-1,-1
343,69,896.90,420.89,145.28,522.91,0.8145,-1,-1,-1
343,75,378.10,462.21,46.33,114.42,0.4572,-1,-1,-1
343,79,559.45,460.02,20.26,54.81,0.5416,-1,-1,-1
343,82,677.99,485.76,50.80,106.05,0.6513,-1,-1,-1
343,88,251.22,401.69,210.65,425.70,0.8984,-1,-1,-1
343,93,-1.24,429.06,156.84,365.02,0.8667,-1,-1,-1
344,15,1488.58,435.31,53.54,110.13,0.3510,-1,-1,-1
344,42,1066.15,397.76,198.39,613.14,0.8582,-1,-1,-1
344,43,1703.87,429.65,79.17,152.00,0.3766,-1,-1,-1
344,66,732.09,479.12,48.05,113.40,0.6399,-1,-1,-1
344,67,579.00,458.58,19.93,55.56,0.3712,-1,-1,-1
344,69,896.13,421.00,146.52,521.96,0.8240,-1,-1,-1
344,75,379.24,462.08,45.40,114.40,0.4488,-1,-1,-1
344,79,559.55,460.46,20.04,54.47,0.5578,-1,-1,-1
344,82,677.44,485.76,51.24,105.98,0.6567,-1,-1,-1
344,88,250.66,401.57,213.75,424.68,0.8966,-1,-1,-1
344,89,597.07,455.18,19.99,52.78,0.3705,-1,-1,-1
344,93,-1.76,429.59,157.05,365.38,0.9023,-1,-1,-1
345,15,1494.57,436.45,50.46,109.64,0.5281,-1,-1,-1
345,32,491.50,453.55,35.70,90.06,0.3519,-1,-1,-1
345,42,1066.83,398.20,197.87,613.37,0.8697,-1,-1,-1
345,66,732.77,478.95,48.21,113.37,0.6541,-1,-1,-1
345,69,899.89,421.95,146.04,522.35,0.8231,-1,-1,-1
345,79,559.88,460.33,19.93,54.16,0.5818,-1,-1,-1
345,82,676.88,485.49,51.18,106.37,0.6550,-1,-1,-1
345,88,252.77,401.47,214.15,422.23,0.8873,-1,-1,-1
345,89,597.24,455.67,20.12,51.71,0.3556,-1,-1,-1
345,93,6.93,429.08,151.89,364.00,0.8578,-1,-1,-1
346,32,491.82,453.98,36.37,88.99,0.3623,-1,-1,-1
346,42,1067.42,398.51,198.12,613.47,0.8699,-1,-1,-1
346,66,733.70,478.96,48.17,113.56,0.6612,-1,-1,-1
346,67,580.24,457.38,20.08,55.76,0.3638,-1,-1,-1
346,69,901.80,422.30,144.15,522.69,0.8168,-1,-1,-1
346,79,559.96,460.77,20.03,53.78,0.5981,-1,-1,-1
346,82,676.68,484.79,51.39,107.41,0.6306,-1,-1,-1
346,88,258.09,401.55,211.68,418.98,0.8900,-1,-1,-1
346,89,597.49,455.91,20.00,51.54,0.3970,-1,-1,-1
346,93,25.05,429.51,139.93,360.06,0.8230,-1,-1,-1
347,15,1497.10,438.64,48.47,108.22,0.4040,-1,-1,-1
347,42,1069.14,398.28,199.07,613.55,0.8600,-1,-1,-1
347,66,734.23,478.97,47.95,113.48,0.6536,-1,-1,-1
347,67,581.33,459.35,19.98,54.18,0.3811,-1,-1,-1
347,69,903.76,422.40,144.49,522.62,0.8407,-1,-1,-1
347,79,559.94,459.52,20.22,54.43,0.6126,-1,-1,-1
347,82,676.43,484.70,51.36,108.14,0.6496,-1,-1,-1
347,88,266.76,399.82,206.02,418.44,0.8856,-1,-1,-1
347,89,597.53,456.24,20.03,51.52,0.3866,-1,-1,-1
347,93,42.60,429.90,131.06,356.99,0.8028,-1,-1,-1
348,15,1501.05,436.21,46.38,108.49,0.5295,-1,-1,-1
348,32,489.22,452.89,35.34,85.59,0.3599,-1,-1,-1
348,42,1069.42,397.34,199.18,614.08,0.8645,-1,-1,-1
348,66,734.47,479.46,48.01,115.11,0.4328,-1,-1,-1
348,69,903.19,421.34,145.18,521.79,0.8429,-1,-1,-1
348,79,559.71,458.92,20.31,54.88,0.6176,-1,-1,-1
348,82,675.60,484.54,51.28,107.64,0.5931,-1,-1,-1
348,85,422.72,458.25,37.83,112.00,0.3614,-1,-1,-1
348,88,279.00,396.89,197.25,416.93,0.8853,-1,-1,-1
348,89,597.71,456.30,19.63,52.05,0.4687,-1,-1,-1
348,93,53.86,431.03,126.19,355.69,0.7976,-1,-1,-1
349,15,1507.08,434.71,43.22,109.09,0.4812,-1,-1,-1
349,32,488.38,453.76,33.73,83.95,0.3798,-1,-1,-1
349,42,1070.66,396.70,200.83,615.75,0.8705,-1,-1,-1
349,66,733.14,477.16,48.24,114.97,0.3903,-1,-1,-1
349,69,903.84,420.99,147.53,521.22,0.8377,-1,-1,-1
349,79,559.52,458.41,20.26,55.11,0.5910,-1,-1,-1
349,82,675.81,483.68,51.85,106.71,0.5484,-1,-1,-1
349,88,292.11,395.49,186.72,414.36,0.8730,-1,-1,-1
349,89,597.55,456.33,19.53,52.75,0.4596,-1,-1,-1
349,93,67.24,431.03,126.31,355.46,0.8384,-1,-1,-1
350,15,1509.75,433.99,41.24,109.25,0.4824,-1,-1,-1
350,32,487.60,454.14,32.21,82.40,0.3698,-1,-1,-1
350,42,1067.31,395.82,201.94,616.52,0.8893,-1,-1,-1
350,66,732.53,478.66,48.49,117.02,0.6044,-1,-1,-1
350,69,903.92,420.70,149.09,520.52,0.8520,-1,-1,-1
350,79,559.51,457.79,20.18,55.43,0.5769,-1,-1,-1
350,82,675.31,483.26,53.31,106.29,0.5702,-1,-1,-1
350,88,309.01,394.91,173.30,412.27,0.8429,-1,-1,-1
350,89,597.02,456.24,19.51,53.50,0.4257,-1,-1,-1
350,93,79.10,430.95,129.80,354.31,0.8689,-1,-1,-1
350,96,631.71,463.02,23.07,62.06,0.4029,-1,-1,-1
351,15,1514.33,434.26,40.55,108.92,0.3661,-1,-1,-1
351,32,487.12,454.13,31.08,82.41,0.4181,-1,-1,-1
351,42,1064.06,395.95,204.20,616.80,0.8945,-1,-1,-1
351,66,732.09,478.68,48.82,118.89,0.6831,-1,-1,-1
351,69,904.09,420.34,150.16,519.99,0.8506,-1,-1,-1
351,79,559.43,457.78,20.12,55.48,0.5768,-1,-1,-1
351,82,674.77,483.70,53.45,106.89,0.5934,-1,-1,-1
351,88,323.99,394.65,158.84,410.51,0.8294,-1,-1,-1
351,89,596.77,456.06,19.68,54.03,0.4366,-1,-1,-1
351,93,90.20,431.85,138.54,353.43,0.8910,-1,-1,-1
351,96,631.29,465.28,21.68,59.17,0.4276,-1,-1,-1
351,97,-6.21,504.06,64.05,319.66,0.6217,-1,-1,-1
352,15,1516.70,435.47,42.58,109.29,0.3802,-1,-1,-1
352,32,485.15,454.81,31.70,82.33,0.3761,-1,-1,-1
352,42,1065.85,395.30,205.15,617.36,0.8674,-1,-1,-1
352,66,731.95,478.31,49.09,120.59,0.7322,-1,-1,-1
352,69,904.78,420.54,150.63,519.32,0.8528,-1,-1,-1
352,79,559.48,457.73,19.97,55.28,0.6157,-1,-1,-1
352,82,675.43,484.75,53.71,108.27,0.6418,-1,-1,-1
352,88,342.69,394.47,144.34,408.60,0.8013,-1,-1,-1
352,89,596.59,455.53,20.03,54.57,0.5481,-1,-1,-1
352,93,96.53,432.77,150.89,353.16,0.8580,-1,-1,-1
352,96,630.72,465.14,21.25,58.52,0.4532,-1,-1,-1
352,97,-3.44,462.66,70.30,374.60,0.6963,-1,-1,-1
353,15,1517.56,436.68,41.33,108.53,0.5083,-1,-1,-1
353,32,484.82,454.89,31.19,82.45,0.4451,-1,-1,-1
353,42,1068.77,395.18,206.95,618.32,0.8618,-1,-1,-1
353,65,1245.47,447.16,32.78,81.02,0.4452,-1,-1,-1
353,66,731.40,477.73,49.19,121.37,0.6543,-1,-1,-1
353,69,904.58,420.71,151.49,518.76,0.8607,-1,-1,-1
353,79,559.63,457.48,19.75,55.32,0.6330,-1,-1,-1
353,82,674.67,484.57,53.77,108.66,0.5784,-1,-1,-1
353,88,356.59,395.61,133.97,406.90,0.7640,-1,-1,-1
353,89,595.63,454.69,20.37,55.56,0.5048,-1,-1,-1
353,93,98.59,433.83,165.43,352.09,0.8725,-1,-1,-1
353,96,630.65,463.08,21.69,60.22,0.4582,-1,-1,-1
353,97,-0.70,438.68,77.58,411.71,0.8261,-1,-1,-1
354,15,1518.73,433.87,42.00,110.62,0.4745,-1,-1,-1
354,32,485.02,454.62,30.92,82.69,0.4511,-1,-1,-1
354,42,1069.92,396.08,208.33,618.48,0.8589,-1,-1,-1
354,65,1246.35,447.80,31.80,81.59,0.3729,-1,-1,-1
354,66,731.69,477.57,49.25,120.41,0.7028,-1,-1,-1
354,69,906.36,421.09,151.26,518.26,0.8611,-1,-1,-1
354,79,559.85,457.42,19.68,55.40,0.6471,-1,-1,-1
354,82,675.03,484.54,53.91,109.45,0.6682,-1,-1,-1
354,88,367.83,396.85,128.85,405.64,0.8027,-1,-1,-1
354,89,595.97,454.89,20.47,55.67,0.4601,-1,-1,-1
354,93,97.63,434.58,178.38,351.57,0.8748,-1,-1,-1
354,96,629.65,463.53,21.84,59.72,0.4888,-1,-1,-1
354,97,1.21,428.40,84.93,432.77,0.8012,-1,-1,-1
354,99,526.61,457.12,20.29,59.97,0.4820,-1,-1,-1
355,15,1521.83,433.16,42.93,111.56,0.5265,-1,-1,-1
355,32,484.00,454.78,30.96,83.07,0.4459,-1,-1,-1
355,42,1069.64,395.93,208.43,618.71,0.8624,-1,-1,-1
355,66,732.20,479.09,48.83,119.75,0.6407,-1,-1,-1
355,69,910.09,422.43,148.94,518.53,0.8257,-1,-1,-1
355,79,560.04,457.51,19.68,55.57,0.6704,-1,-1,-1
355,82,674.74,484.64,54.72,110.05,0.6243,-1,-1,-1
355,88,381.86,397.64,127.53,405.22,0.8277,-1,-1,-1
355,89,596.22,455.05,20.50,55.57,0.4319,-1,-1,-1
355,93,98.52,434.54,187.17,350.08,0.8850,-1,-1,-1
355,96,628.76,463.43,22.26,60.24,0.5437,-1,-1,-1
355,97,2.35,420.30,92.35,447.06,0.8333,-1,-1,-1
355,99,526.11,455.81,20.73,61.23,0.4325,-1,-1,-1
356,32,483.36,454.90,31.34,82.71,0.3860,-1,-1,-1
356,42,1069.83,395.92,209.07,618.99,0.8606,-1,-1,-1
356,65,1245.88,448.69,31.15,81.93,0.3827,-1,-1,-1
356,66,732.68,479.61,47.96,119.38,0.5976,-1,-1,-1
356,69,912.19,422.16,147.20,518.09,0.8212,-1,-1,-1
356,79,560.14,457.52,19.71,55.52,0.6349,-1,-1,-1
356,82,673.04,483.14,56.67,109.79,0.6205,-1,-1,-1
356,88,391.63,396.87,131.12,405.54,0.8285,-1,-1,-1
356,89,596.43,455.16,20.49,55.41,0.4188,-1,-1,-1
356,93,101.50,434.86,191.77,347.81,0.9163,-1,-1,-1
356,96,628.22,463.19,22.21,60.76,0.5139,-1,-1,-1
356,97,10.29,412.49,115.04,464.01,0.8994,-1,-1,-1
356,99,525.05,455.90,21.52,62.24,0.4775,-1,-1,-1
356,100,1052.70,439.24,65.82,203.30,0.7534,-1,-1,-1
357,15,1527.80,436.00,43.33,109.05,0.4543,-1,-1,-1
357,32,482.84,455.39,31.24,82.62,0.3832,-1,-1,-1
357,42,1070.11,396.80,210.13,618.66,0.8638,-1,-1,-1
357,65,1246.07,451.03,30.78,85.81,0.3565,-1,-1,-1
357,66,732.16,478.66,47.65,117.48,0.6205,-1,-1,-1
357,67,580.59,454.62,21.05,56.32,0.3559,-1,-1,-1
357,69,914.53,422.07,144.38,517.47,0.8277,-1,-1,-1
357,79,560.09,456.82,19.69,55.89,0.6415,-1,-1,-1
357,82,671.97,482.73,58.02,110.65,0.6357,-1,-1,-1
357,88,399.81,397.35,137.02,405.00,0.8275,-1,-1,-1
357,89,596.53,454.58,20.24,55.38,0.3993,-1,-1,-1
357,93,106.97,434.74,192.27,345.04,0.8717,-1,-1,-1
357,96,628.26,464.00,22.06,60.52,0.5298,-1,-1,-1
357,97,14.60,409.34,140.03,472.43,0.8948,-1,-1,-1
357,99,523.51,454.90,22.40,63.93,0.4996,-1,-1,-1
358,15,1531.55,434.86,43.79,108.73,0.5534,-1,-1,-1
358,32,483.17,457.96,31.54,85.03,0.3977,-1,-1,-1
358,42,1070.39,397.18,211.38,618.37,0.8684,-1,-1,-1
358,65,1246.18,452.78,31.09,90.74,0.4017,-1,-1,-1
358,66,731.34,477.62,48.13,115.20,0.5467,-1,-1,-1
358,67,581.19,454.26,21.04,56.95,0.4278,-1,-1,-1
358,69,915.68,421.88,141.26,516.10,0.8205,-1,-1,-1
358,79,560.34,456.51,19.94,56.36,0.5440,-1,-1,-1
358,82,670.48,482.41,58.99,111.17,0.6652,-1,-1,-1
358,88,405.52,398.65,146.17,403.66,0.8772,-1,-1,-1
358,93,115.87,433.93,188.86,341.38,0.8661,-1,-1,-1
358,96,627.64,463.65,22.14,60.83,0.5109,-1,-1,-1
358,97,16.69,410.45,164.96,472.31,0.8865,-1,-1,-1
358,99,524.22,456.09,21.93,62.02,0.3674,-1,-1,-1
358,100,1051.61,433.59,65.72,208.62,0.7448,-1,-1,-1
359,15,1532.81,432.75,43.92,109.61,0.6094,-1,-1,-1
359,32,484.93,457.54,32.91,84.29,0.3826,-1,-1,-1
359,42,1070.85,397.36,212.70,618.25,0.8644,-1,-1,-1
359,65,1246.99,451.61,31.74,93.53,0.3514,-1,-1,-1
359,66,731.15,478.05,48.27,113.83,0.6574,-1,-1,-1
359,67,581.74,454.52,21.01,57.15,0.3951,-1,-1,-1
359,69,916.33,422.07,138.82,515.76,0.8296,-1,-1,-1
359,79,560.56,457.02,19.93,56.25,0.5697,-1,-1,-1
359,82,671.06,482.36,59.31,111.70,0.7090,-1,-1,-1
359,88,406.66,400.21,156.98,401.76,0.8588,-1,-1,-1
359,89,597.54,455.00,19.81,54.41,0.3879,-1,-1,-1
359,93,124.95,433.12,182.31,338.68,0.8359,-1,-1,-1
359,96,626.83,462.76,22.02,61.51,0.4283,-1,-1,-1
359,97,15.63,413.47,186.12,468.35,0.8793,-1,-1,-1
359,99,523.65,456.98,21.06,60.03,0.3932,-1,-1,-1
359,100,1047.44,450.14,63.52,196.48,0.5859,-1,-1,-1
360,15,1533.81,431.96,44.58,110.83,0.5017,-1,-1,-1
360,42,1070.86,396.99,214.08,618.31,0.8662,-1,-1,-1
360,65,1245.74,450.45,32.89,96.09,0.4331,-1,-1,-1
360,66,731.08,477.50,48.54,112.70,0.5968,-1,-1,-1
360,69,920.24,422.86,134.98,515.22,0.8019,-1,-1,-1
360,79,560.98,456.57,19.88,56.67,0.5347,-1,-1,-1
360,82,670.36,483.17,59.78,111.81,0.6857,-1,-1,-1
360,88,406.96,400.53,169.06,401.15,0.8491,-1,-1,-1
360,89,597.07,455.25,19.39,54.05,0.3532,-1,-1,-1
360,93,133.33,432.80,175.79,336.77,0.8373,-1,-1,-1
360,96,627.49,463.46,21.86,61.68,0.4209,-1,-1,-1
360,97,11.76,414.93,200.92,464.70,0.8916,-1,-1,-1
360,99,523.22,456.46,21.02,60.90,0.4259,-1,-1,-1
360,100,1043.83,441.16,60.40,199.00,0.6771,-1,-1,-1
361,15,1535.22,434.38,44.60,109.48,0.5012,-1,-1,-1
361,42,1071.30,397.20,215.64,618.40,0.8556,-1,-1,-1
361,66,731.67,478.52,48.74,112.38,0.6451,-1,-1,-1
361,67,581.71,454.91,21.07,57.27,0.4464,-1,-1,-1
361,69,924.44,422.96,133.28,514.95,0.8139,-1,-1,-1
361,79,561.59,456.72,19.83,56.80,0.5349,-1,-1,-1
361,82,669.27,483.02,60.29,111.25,0.6148,-1,-1,-1
361,88,408.05,401.70,177.28,399.92,0.8419,-1,-1,-1
361,93,140.12,432.42,169.82,335.76,0.8505,-1,-1,-1
361,94,658.23,461.48,27.33,72.47,0.3692,-1,-1,-1
361,96,627.17,462.15,22.31,63.15,0.5000,-1,-1,-1
361,97,8.52,419.07,212.39,458.81,0.9098,-1,-1,-1
361,99,522.96,456.11,21.42,61.89,0.5132,-1,-1,-1
362,15,1535.09,427.55,44.89,113.37,0.4988,-1,-1,-1
362,42,1071.23,397.04,216.93,618.32,0.8570,-1,-1,-1
362,66,731.63,479.19,49.10,111.92,0.4065,-1,-1,-1
362,67,580.71,454.98,21.36,57.48,0.4306,-1,-1,-1
362,69,928.85,424.06,134.61,514.37,0.8485,-1,-1,-1
362,79,561.33,456.11,19.68,57.00,0.5149,-1,-1,-1
362,82,669.03,482.63,61.90,111.06,0.5642,-1,-1,-1
362,84,544.30,454.95,19.71,57.79,0.4087,-1,-1,-1
362,88,407.36,402.77,184.43,398.46,0.8515,-1,-1,-1
362,89,597.18,455.71,19.24,54.15,0.3832,-1,-1,-1
362,93,150.66,432.46,161.10,334.65,0.8573,-1,-1,-1
362,96,627.76,460.93,22.00,64.20,0.5445,-1,-1,-1
362,97,5.75,422.21,221.23,453.94,0.9034,-1,-1,-1
362,99,522.10,455.35,22.38,63.26,0.5290,-1,-1,-1
362,100,1032.10,436.24,61.90,205.80,0.7602,-1,-1,-1
363,15,1536.83,423.27,44.19,116.52,0.5168,-1,-1,-1
363,42,1069.12,395.50,215.58,618.12,0.8640,-1,-1,-1
363,65,1246.26,451.16,33.93,98.64,0.4379,-1,-1,-1
363,67,579.73,454.83,21.89,57.76,0.4778,-1,-1,-1
363,69,931.77,424.44,136.27,513.87,0.8505,-1,-1,-1
363,79,561.35,455.84,19.77,57.29,0.5141,-1,-1,-1
363,82,668.27,481.94,63.39,110.68,0.5182,-1,-1,-1
363,84,543.93,454.18,19.64,58.38,0.3862,-1,-1,-1
363,88,405.03,403.41,190.14,397.49,0.8564,-1,-1,-1
363,93,163.57,432.62,149.38,333.38,0.8236,-1,-1,-1
363,96,627.71,460.38,21.96,64.68,0.5293,-1,-1,-1
363,97,3.00,423.40,227.19,448.23,0.8999,-1,-1,-1
363,99,521.22,454.84,23.10,64.28,0.5408,-1,-1,-1
363,100,1031.60,433.27,61.27,209.49,0.6209,-1,-1,-1
364,15,1541.96,422.12,41.74,118.12,0.5044,-1,-1,-1
364,42,1068.61,394.85,214.15,617.73,0.8758,-1,-1,-1
364,65,1247.06,450.30,34.81,98.56,0.5570,-1,-1,-1
364,67,579.76,454.64,22.08,57.93,0.4562,-1,-1,-1
364,69,932.88,424.36,137.76,513.72,0.8576,-1,-1,-1
364,79,561.49,455.42,20.31,57.78,0.5007,-1,-1,-1
364,82,668.65,481.50,64.22,110.00,0.5522,-1,-1,-1
364,88,403.91,403.99,194.42,396.98,0.8877,-1,-1,-1
364,89,597.36,455.70,18.77,54.33,0.3837,-1,-1,-1
364,93,178.52,432.91,135.64,332.06,0.8244,-1,-1,-1
364,94,658.89,462.99,26.55,73.97,0.3685,-1,-1,-1
364,96,627.49,459.85,21.76,64.98,0.4777,-1,-1,-1
364,97,1.10,424.53,231.63,444.69,0.8985,-1,-1,-1
364,99,521.18,454.48,23.36,64.51,0.4558,-1,-1,-1
365,15,1544.09,419.83,39.96,119.91,0.5050,-1,-1,-1
365,42,1068.61,395.32,213.77,617.28,0.8628,-1,-1,-1
365,65,1246.68,450.19,35.98,98.98,0.4799,-1,-1,-1
365,67,579.38,454.77,22.06,57.90,0.4659,-1,-1,-1
365,69,933.56,424.55,138.67,513.45,0.8496,-1,-1,-1
365,75,376.95,463.76,45.50,111.20,0.3675,-1,-1,-1
365,79,562.27,455.77,20.40,57.75,0.5279,-1,-1,-1
365,82,667.69,480.74,65.54,110.02,0.5564,-1,-1,-1
365,84,543.88,454.29,19.79,58.23,0.4166,-1,-1,-1
365,88,402.55,405.98,197.58,395.38,0.8894,-1,-1,-1
365,89,596.78,455.69,18.43,54.48,0.3878,-1,-1,-1
365,93,191.60,433.16,125.03,330.97,0.8356,-1,-1,-1
365,94,658.78,462.25,26.33,72.97,0.3948,-1,-1,-1
365,95,1856.54,389.85,65.10,257.20,0.3669,-1,-1,-1
365,96,627.69,460.29,21.21,64.92,0.4688,-1,-1,-1
365,97,1.53,425.71,234.51,442.10,0.8888,-1,-1,-1
365,99,521.40,454.76,23.77,63.99,0.4291,-1,-1,-1
366,15,1545.38,418.99,38.96,121.78,0.4751,-1,-1,-1
366,42,1070.46,396.38,215.64,617.64,0.8576,-1,-1,-1
366,65,1247.15,450.44,36.39,98.86,0.4886,-1,-1,-1
366,67,579.45,454.83,21.82,57.71,0.4114,-1,-1,-1
366,68,699.17,485.12,36.33,101.57,0.3534,-1,-1,-1
366,69,933.52,424.02,140.70,513.38,0.8560,-1,-1,-1
366,75,378.13,464.69,47.55,110.38,0.4086,-1,-1,-1
366,79,561.73,455.46,21.06,58.12,0.5743,-1,-1,-1
366,82,664.11,482.63,64.32,107.83,0.4176,-1,-1,-1
366,88,402.00,406.14,199.41,393.07,0.8867,-1,-1,-1
366,93,203.84,433.91,116.67,330.16,0.7768,-1,-1,-1
366,94,658.73,462.66,26.11,73.22,0.3604,-1,-1,-1
366,96,627.87,460.20,20.99,64.87,0.4739,-1,-1,-1
366,97,4.65,424.52,234.50,435.91,0.8457,-1,-1,-1
367,42,1069.84,396.49,215.59,617.17,0.8676,-1,-1,-1
367,65,1247.53,450.02,36.65,97.44,0.4394,-1,-1,-1
367,67,579.69,454.77,21.48,57.48,0.3638,-1,-1,-1
367,68,696.55,483.71,39.33,103.03,0.4113,-1,-1,-1
367,69,933.39,423.27,143.09,513.62,0.8627,-1,-1,-1
367,75,376.19,463.44,48.50,111.22,0.4072,-1,-1,-1
367,79,561.57,455.22,21.65,58.50,0.6045,-1,-1,-1
367,88,403.03,403.70,199.91,391.76,0.8837,-1,-1,-1
367,89,595.68,455.51,18.11,54.80,0.3628,-1,-1,-1
367,93,215.27,434.29,112.51,329.04,0.7281,-1,-1,-1
367,94,659.09,460.04,25.45,66.59,0.3747,-1,-1,-1
367,96,627.91,459.93,21.08,64.67,0.4944,-1,-1,-1
367,97,19.51,423.74,225.95,429.91,0.8696,-1,-1,-1
368,42,1069.33,396.52,215.80,616.89,0.8653,-1,-1,-1
368,66,730.76,481.84,47.71,110.96,0.5015,-1,-1,-1
368,67,579.85,454.85,21.05,57.22,0.3557,-1,-1,-1
368,68,694.05,482.35,41.09,104.82,0.5466,-1,-1,-1
368,69,933.17,422.62,144.77,515.01,0.8564,-1,-1,-1
368,75,376.33,462.70,49.32,111.96,0.4774,-1,-1,-1
368,79,561.70,455.15,22.19,58.76,0.5843,-1,-1,-1
368,82,657.01,483.76,61.35,105.22,0.4109,-1,-1,-1
368,88,405.46,403.05,199.31,390.00,0.8832,-1,-1,-1
368,93,219.21,434.80,103.31,327.64,0.7045,-1,-1,-1
368,96,628.59,459.54,20.90,64.92,0.4565,-1,-1,-1
368,97,38.19,423.43,212.63,422.89,0.8418,-1,-1,-1
369,42,1069.22,395.67,215.67,617.33,0.8593,-1,-1,-1
369,66,731.02,481.33,47.08,110.04,0.4622,-1,-1,-1
369,67,579.65,454.84,21.10,57.25,0.4275,-1,-1,-1
369,68,695.01,481.21,40.74,105.93,0.5737,-1,-1,-1
369,69,932.95,422.37,145.04,514.73,0.8493,-1,-1,-1
369,75,376.47,462.79,50.06,112.21,0.5128,-1,-1,-1
369,79,561.43,454.97,22.24,59.06,0.5400,-1,-1,-1
369,88,407.91,402.06,197.99,389.24,0.8851,-1,-1,-1
369,90,1666.89,435.39,46.52,135.05,0.3738,-1,-1,-1
369,93,227.19,441.54,97.15,322.67,0.4724,-1,-1,-1
369,95,1859.81,388.13,62.01,260.65,0.3681,-1,-1,-1
369,96,628.76,460.32,20.91,65.06,0.4964,-1,-1,-1
369,97,61.04,421.70,194.74,416.99,0.7741,-1,-1,-1
370,42,1069.50,394.54,215.68,617.98,0.8670,-1,-1,-1
370,66,731.18,481.03,46.37,109.23,0.5332,-1,-1,-1
370,67,579.79,454.95,21.16,57.31,0.3789,-1,-1,-1
370,68,694.97,481.15,40.98,105.82,0.5505,-1,-1,-1
370,69,934.83,422.61,145.58,514.67,0.8475,-1,-1,-1
370,75,375.78,462.09,49.43,113.06,0.6221,-1,-1,-1
370,79,561.46,455.31,22.04,58.96,0.4848,-1,-1,-1
370,82,654.83,486.67,58.66,102.41,0.3996,-1,-1,-1
370,88,414.64,402.36,193.67,386.90,0.8865,-1,-1,-1
370,90,1666.66,435.48,46.05,135.58,0.4273,-1,-1,-1
370,93,235.31,441.79,91.84,320.10,0.4422,-1,-1,-1
370,95,1858.81,388.02,62.03,263.79,0.4106,-1,-1,-1
370,96,628.31,460.04,20.94,65.12,0.4681,-1,-1,-1
370,97,87.31,421.52,176.83,412.07,0.8317,-1,-1,-1
371,42,1070.03,393.59,215.86,618.32,0.8638,-1,-1,-1
371,66,730.89,480.52,46.11,108.69,0.4547,-1,-1,-1
371,67,579.18,454.25,20.92,57.64,0.4223,-1,-1,-1
371,69,935.88,419.84,146.83,515.93,0.8380,-1,-1,-1
371,75,375.21,461.52,48.91,113.84,0.6341,-1,-1,-1
371,88,423.27,401.36,186.85,384.45,0.8710,-1,-1,-1
371,90,1665.82,435.23,46.15,137.29,0.3789,-1,-1,-1
371,95,1855.88,386.96,63.84,266.50,0.4347,-1,-1,-1
371,96,627.29,460.26,21.11,65.30,0.4195,-1,-1,-1
371,97,107.12,423.29,160.22,407.94,0.7949,-1,-1,-1
371,102,243.58,431.61,161.29,336.14,0.8430,-1,-1,-1
371,103,-1.90,619.89,52.01,181.97,0.5784,-1,-1,-1
372,42,1070.61,395.10,216.77,618.51,0.8668,-1,-1,-1
372,66,731.12,481.01,46.09,109.18,0.5599,-1,-1,-1
372,67,580.13,454.39,20.22,57.50,0.3593,-1,-1,-1
372,68,690.10,471.58,44.50,111.19,0.3644,-1,-1,-1
372,69,937.05,418.35,148.42,516.93,0.8464,-1,-1,-1
372,75,375.80,462.39,49.18,113.80,0.6002,-1,-1,-1
372,85,420.87,460.57,36.94,110.20,0.3878,-1,-1,-1
372,88,432.50,399.91,179.05,381.94,0.8877,-1,-1,-1
372,95,1854.60,385.45,64.95,267.79,0.3768,-1,-1,-1
372,96,627.10,460.17,20.96,65.51,0.3718,-1,-1,-1
372,97,123.76,425.52,149.35,404.68,0.7998,-1,-1,-1
372,102,244.47,433.09,167.26,335.27,0.8581,-1,-1,-1
372,103,-4.73,545.13,57.61,236.13,0.6402,-1,-1,-1
373,42,1069.89,393.96,216.97,618.56,0.8719,-1,-1,-1
373,65,1255.87,445.25,38.36,97.40,0.4631,-1,-1,-1
373,66,731.74,481.23,46.22,110.62,0.6384,-1,-1,-1
373,69,939.54,418.07,148.69,517.68,0.8467,-1,-1,-1
373,75,376.02,461.93,48.47,114.06,0.6663,-1,-1,-1
373,85,420.62,458.40,37.76,112.37,0.4275,-1,-1,-1
373,88,446.11,398.10,170.00,379.40,0.8958,-1,-1,-1
373,97,141.40,426.64,147.69,401.40,0.8159,-1,-1,-1
373,102,249.67,434.31,165.77,328.69,0.8719,-1,-1,-1
373,103,-5.86,487.30,59.73,283.80,0.7193,-1,-1,-1
374,42,1071.50,394.02,218.50,619.41,0.8542,-1,-1,-1
374,65,1256.02,444.86,39.92,97.78,0.5370,-1,-1,-1
374,66,732.65,480.81,45.91,112.19,0.5878,-1,-1,-1
374,69,941.10,417.56,148.07,518.37,0.8373,-1,-1,-1
374,75,377.19,461.55,47.67,114.22,0.7060,-1,-1,-1
374,85,417.45,455.95,39.71,114.74,0.4003,-1,-1,-1
374,88,461.51,397.59,161.90,377.44,0.8634,-1,-1,-1
374,89,595.93,454.36,18.75,55.73,0.3650,-1,-1,-1
374,97,156.37,428.20,152.59,398.49,0.8451,-1,-1,-1
374,102,258.87,436.44,160.69,318.61,0.8288,-1,-1,-1
374,103,-4.48,480.19,59.32,304.70,0.7612,-1,-1,-1
375,42,1071.59,394.39,218.25,618.58,0.8570,-1,-1,-1
375,65,1256.95,444.68,40.09,97.64,0.5815,-1,-1,-1
375,66,732.83,481.21,46.07,114.07,0.6407,-1,-1,-1
375,69,942.19,417.08,148.16,518.30,0.8639,-1,-1,-1
375,75,378.07,461.14,47.48,114.53,0.6782,-1,-1,-1
375,85,415.35,455.76,41.22,115.17,0.3715,-1,-1,-1
375,88,478.36,397.38,153.46,376.27,0.8514,-1,-1,-1
375,89,596.20,453.93,18.62,55.85,0.4290,-1,-1,-1
375,96,627.78,463.48,21.72,64.51,0.3785,-1,-1,-1
375,97,166.44,429.52,164.36,395.88,0.8506,-1,-1,-1
375,102,262.46,437.48,158.49,312.81,0.8055,-1,-1,-1
375,103,-2.92,453.73,62.56,338.88,0.6363,-1,-1,-1
376,42,1072.31,394.89,218.85,618.79,0.8701,-1,-1,-1
376,65,1257.33,444.51,40.11,97.39,0.6152,-1,-1,-1
376,66,732.99,480.74,45.96,115.83,0.5408,-1,-1,-1
376,69,945.85,416.57,148.43,519.20,0.8644,-1,-1,-1
376,75,377.90,461.09,47.50,115.03,0.6415,-1,-1,-1
376,85,414.99,455.57,42.01,115.36,0.3879,-1,-1,-1
376,88,492.32,398.23,146.28,374.60,0.8319,-1,-1,-1
376,95,1842.69,447.95,67.93,225.17,0.4151,-1,-1,-1
376,97,170.02,430.44,175.40,394.17,0.8725,-1,-1,-1
376,102,272.49,441.08,150.86,304.88,0.8186,-1,-1,-1
376,103,0.04,432.33,69.55,370.56,0.7845,-1,-1,-1
377,42,1071.73,395.66,219.58,618.39,0.8682,-1,-1,-1
377,65,1257.35,444.14,39.99,97.49,0.5444,-1,-1,-1
377,69,950.28,416.06,147.20,519.69,0.8539,-1,-1,-1
377,75,377.77,461.11,47.63,115.70,0.6112,-1,-1,-1
377,85,417.69,458.55,40.68,114.15,0.4846,-1,-1,-1
377,88,505.20,398.05,140.23,373.64,0.8391,-1,-1,-1
377,97,170.95,431.87,185.74,392.94,0.8767,-1,-1,-1
377,102,284.58,442.84,141.95,299.91,0.7864,-1,-1,-1
377,103,5.60,414.18,84.55,398.33,0.8639,-1,-1,-1
378,32,475.94,455.55,37.69,82.83,0.3751,-1,-1,-1
378,42,1070.93,395.10,218.54,618.05,0.8759,-1,-1,-1
378,65,1257.26,444.54,39.60,97.04,0.5436,-1,-1,-1
378,69,953.79,416.88,145.77,519.41,0.8531,-1,-1,-1
378,75,378.52,460.75,47.80,116.52,0.5638,-1,-1,-1
378,85,419.01,459.66,40.01,113.22,0.4630,-1,-1,-1
378,88,516.78,397.68,134.70,373.45,0.8434,-1,-1,-1
378,97,169.85,434.73,193.13,390.85,0.8832,-1,-1,-1
378,102,298.61,444.99,130.47,294.98,0.7776,-1,-1,-1
378,103,11.98,405.91,107.15,415.75,0.9101,-1,-1,-1
379,32,474.32,456.95,41.42,94.29,0.4503,-1,-1,-1
379,42,1071.08,394.63,218.75,618.19,0.8677,-1,-1,-1
379,65,1256.76,444.29,39.22,97.32,0.4870,-1,-1,-1
379,68,693.09,477.46,43.29,105.15,0.4188,-1,-1,-1
379,69,952.92,415.90,147.31,518.79,0.8874,-1,-1,-1
379,75,379.08,460.98,48.03,116.96,0.4653,-1,-1,-1
379,82,643.30,490.58,55.22,109.57,0.4322,-1,-1,-1
379,85,419.82,459.76,39.74,112.58,0.4762,-1,-1,-1
379,88,524.19,397.77,132.03,373.23,0.8414,-1,-1,-1
379,97,167.67,437.66,198.58,388.37,0.8785,-1,-1,-1
379,102,308.69,445.60,121.11,291.77,0.7821,-1,-1,-1
379,103,14.75,402.98,129.88,422.33,0.8668,-1,-1,-1
380,32,473.19,457.22,41.48,98.68,0.5062,-1,-1,-1
380,42,1072.92,394.73,219.54,618.68,0.8678,-1,-1,-1
380,65,1256.54,444.83,38.62,97.26,0.4376,-1,-1,-1
380,69,954.15,415.35,148.59,518.81,0.8736,-1,-1,-1
380,82,642.57,489.54,54.02,110.34,0.5401,-1,-1,-1
380,85,420.22,459.59,39.43,112.17,0.4552,-1,-1,-1
380,88,533.24,399.14,130.53,372.18,0.8488,-1,-1,-1
380,97,166.60,439.25,204.75,386.30,0.8642,-1,-1,-1
380,102,313.71,445.95,114.77,289.79,0.7966,-1,-1,-1
380,103,13.76,406.21,148.62,419.85,0.8747,-1,-1,-1
381,32,471.75,452.60,41.60,103.76,0.4170,-1,-1,-1
381,42,1073.66,395.18,219.29,618.68,0.8693,-1,-1,-1
381,65,1256.75,445.05,37.98,96.88,0.4001,-1,-1,-1
381,68,691.71,470.47,44.33,110.03,0.3862,-1,-1,-1
381,69,954.43,414.68,150.99,519.52,0.8832,-1,-1,-1
381,85,421.08,458.64,39.20,112.30,0.4336,-1,-1,-1
381,88,538.30,400.08,129.33,371.07,0.8409,-1,-1,-1
381,97,166.35,436.42,210.19,385.76,0.8774,-1,-1,-1
381,102,319.35,445.42,109.47,289.51,0.7469,-1,-1,-1
381,103,10.06,409.92,161.26,416.42,0.8874,-1,-1,-1
382,32,470.30,453.39,39.32,105.52,0.5961,-1,-1,-1
382,42,1073.97,395.20,219.84,618.34,0.8557,-1,-1,-1
382,65,1256.87,446.85,37.86,95.76,0.4808,-1,-1,-1
382,66,731.45,478.85,47.60,111.32,0.3583,-1,-1,-1
382,68,690.20,468.16,45.64,112.62,0.4267,-1,-1,-1
382,69,956.63,414.87,151.43,519.63,0.8599,-1,-1,-1
382,85,420.54,457.25,39.05,113.08,0.3803,-1,-1,-1
382,88,541.39,401.65,131.30,369.75,0.8333,-1,-1,-1
382,97,169.80,435.00,210.57,384.62,0.8761,-1,-1,-1
382,102,329.37,446.45,104.29,289.18,0.7985,-1,-1,-1
382,103,7.45,413.84,171.70,412.95,0.8934,-1,-1,-1
383,32,469.63,450.19,38.42,108.47,0.5376,-1,-1,-1
383,42,1074.07,395.31,221.76,618.48,0.8599,-1,-1,-1
383,65,1256.73,447.90,37.75,95.17,0.4510,-1,-1,-1
383,66,730.80,479.69,48.41,109.44,0.3904,-1,-1,-1
383,69,959.18,416.27,153.11,518.98,0.8590,-1,-1,-1
383,88,543.67,403.96,133.65,367.68,0.8583,-1,-1,-1
383,95,1841.42,463.15,68.76,201.77,0.4502,-1,-1,-1
383,97,182.15,433.46,205.01,383.70,0.8794,-1,-1,-1
383,100,949.92,435.89,52.39,129.01,0.3515,-1,-1,-1
383,102,340.78,446.57,98.78,287.67,0.7753,-1,-1,-1
383,103,6.97,416.46,182.93,409.47,0.9266,-1,-1,-1
384,32,469.85,451.11,36.87,109.40,0.5887,-1,-1,-1
384,42,1073.69,395.43,222.91,618.41,0.8375,-1,-1,-1
384,65,1257.00,447.30,37.52,95.39,0.3521,-1,-1,-1
384,66,729.81,480.69,49.34,110.40,0.6040,-1,-1,-1
384,68,687.39,464.91,47.46,115.98,0.3743,-1,-1,-1
384,69,959.77,415.41,155.93,519.41,0.8586,-1,-1,-1
384,88,545.38,405.53,136.26,366.12,0.8693,-1,-1,-1
384,95,1842.17,468.09,67.35,193.31,0.4512,-1,-1,-1
384,97,191.37,432.23,198.08,380.97,0.8603,-1,-1,-1
384,102,343.46,444.82,101.84,291.72,0.7375,-1,-1,-1
384,103,6.27,418.47,192.93,406.27,0.9370,-1,-1,-1
385,32,468.88,450.85,37.77,110.67,0.5738,-1,-1,-1
385,42,1074.74,395.36,223.76,618.45,0.8243,-1,-1,-1
385,65,1257.37,445.90,37.46,93.29,0.3989,-1,-1,-1
385,66,729.72,481.03,49.66,111.47,0.7156,-1,-1,-1
385,69,964.02,414.66,155.18,520.13,0.8304,-1,-1,-1
385,88,546.63,406.96,138.83,364.85,0.8845,-1,-1,-1
385,95,1844.24,469.82,65.86,189.60,0.3682,-1,-1,-1
385,97,203.42,431.81,188.54,378.09,0.8492,-1,-1,-1
385,102,357.81,445.16,99.60,291.68,0.7937,-1,-1,-1
385,103,5.22,420.02,201.51,403.45,0.9347,-1,-1,-1
386,32,468.44,452.01,37.39,110.70,0.5906,-1,-1,-1
386,42,1072.40,395.24,225.47,618.48,0.8358,-1,-1,-1
386,65,1256.91,446.98,37.29,93.78,0.3884,-1,-1,-1
386,66,730.10,480.72,49.58,113.05,0.7526,-1,-1,-1
386,68,685.84,466.84,48.38,118.03,0.5026,-1,-1,-1
386,69,966.11,414.16,155.10,520.68,0.8197,-1,-1,-1
386,88,548.03,407.79,141.51,363.81,0.8965,-1,-1,-1
386,97,219.46,431.55,176.03,375.66,0.8545,-1,-1,-1
386,102,369.45,442.86,104.17,294.01,0.8062,-1,-1,-1
386,103,3.45,419.73,207.71,401.39,0.9368,-1,-1,-1
387,32,469.90,453.14,37.81,110.12,0.6381,-1,-1,-1
387,42,1072.35,395.91,225.55,618.10,0.8708,-1,-1,-1
387,66,728.93,480.13,50.03,115.26,0.7202,-1,-1,-1
387,68,687.32,471.92,47.01,116.82,0.4706,-1,-1,-1
387,69,965.44,415.66,154.77,520.73,0.7910,-1,-1,-1
387,88,547.89,407.79,143.88,363.20,0.8944,-1,-1,-1
387,97,239.09,431.77,159.29,373.42,0.8606,-1,-1,-1
387,99,527.46,451.60,26.23,72.63,0.4183,-1,-1,-1
387,100,940.19,440.74,51.69,138.45,0.5346,-1,-1,-1
387,102,377.67,443.29,114.84,295.42,0.8777,-1,-1,-1
387,103,3.69,419.20,210.53,398.76,0.8982,-1,-1,-1
388,32,470.52,454.36,37.48,108.90,0.6243,-1,-1,-1
388,42,1070.67,396.03,226.94,617.65,0.8406,-1,-1,-1
388,66,728.17,478.43,50.41,116.35,0.6787,-1,-1,-1
388,68,688.19,472.78,47.54,117.44,0.5149,-1,-1,-1
388,69,966.77,417.70,151.52,519.81,0.7723,-1,-1,-1
388,88,547.66,408.47,145.20,361.73,0.8870,-1,-1,-1
388,97,258.10,432.81,142.37,371.68,0.8165,-1,-1,-1
388,99,528.00,451.45,26.57,73.06,0.4639,-1,-1,-1
388,100,938.42,438.18,51.77,144.34,0.5923,-1,-1,-1
388,102,381.83,442.58,126.58,298.03,0.8687,-1,-1,-1
388,103,8.47,418.74,209.18,396.23,0.8747,-1,-1,-1
389,32,470.81,454.27,37.13,108.40,0.6076,-1,-1,-1
389,42,1053.52,397.03,239.27,617.55,0.7509,-1,-1,-1
389,66,727.07,478.21,50.70,118.15,0.7064,-1,-1,-1
389,68,685.72,470.22,48.80,119.72,0.4717,-1,-1,-1
389,69,968.99,418.35,147.54,519.26,0.7615,-1,-1,-1
389,88,549.34,409.08,144.93,360.15,0.8895,-1,-1,-1
389,97,273.13,433.41,129.13,370.41,0.7612,-1,-1,-1
389,99,528.27,451.64,26.56,72.49,0.5184,-1,-1,-1
389,100,935.51,436.77,52.11,148.20,0.5554,-1,-1,-1
389,102,382.42,443.09,137.34,299.04,0.8594,-1,-1,-1
389,103,18.14,418.87,203.60,392.69,0.8855,-1,-1,-1
390,32,471.40,454.67,36.09,107.75,0.5289,-1,-1,-1
390,42,1056.88,397.61,242.03,617.48,0.7733,-1,-1,-1
390,66,726.77,477.84,50.85,119.61,0.7764,-1,-1,-1
390,68,685.58,474.28,48.44,117.61,0.5414,-1,-1,-1
390,69,965.71,418.94,145.69,518.85,0.7808,-1,-1,-1
390,88,551.88,409.19,143.54,358.95,0.8790,-1,-1,-1
390,97,284.46,433.11,120.31,369.71,0.7699,-1,-1,-1
390,99,530.07,451.65,25.33,72.25,0.5311,-1,-1,-1
390,100,935.21,435.76,51.22,150.54,0.4694,-1,-1,-1
390,102,381.89,441.15,147.55,299.51,0.8711,-1,-1,-1
390,103,25.18,419.07,198.46,390.29,0.8601,-1,-1,-1
390,105,512.47,457.93,19.93,63.87,0.4889,-1,-1,-1
391,32,471.49,453.46,34.49,104.01,0.4280,-1,-1,-1
391,42,1060.45,396.58,241.44,616.87,0.8183,-1,-1,-1
391,66,726.11,478.26,51.11,121.01,0.6959,-1,-1,-1
391,68,685.29,474.58,48.03,116.53,0.4981,-1,-1,-1
391,69,963.01,417.93,141.57,517.86,0.7796,-1,-1,-1
391,88,557.62,409.07,140.11,356.94,0.8717,-1,-1,-1
391,97,297.90,434.18,119.37,368.47,0.7520,-1,-1,-1
391,99,530.90,453.01,24.60,71.50,0.5414,-1,-1,-1
391,100,935.25,435.93,50.09,151.38,0.4558,-1,-1,-1
391,102,387.04,439.49,150.64,298.06,0.8367,-1,-1,-1
391,103,32.31,418.85,192.23,387.98,0.8711,-1,-1,-1
391,105,512.74,458.45,19.95,63.93,0.5118,-1,-1,-1
392,32,469.93,449.54,33.77,90.04,0.3506,-1,-1,-1
392,42,1061.87,396.45,240.19,616.45,0.8348,-1,-1,-1
392,66,725.71,477.17,51.27,122.30,0.7576,-1,-1,-1
392,68,684.76,471.17,46.93,116.18,0.4260,-1,-1,-1
392,69,966.35,419.49,137.57,517.47,0.7659,-1,-1,-1
392,88,565.62,408.89,134.73,356.22,0.8649,-1,-1,-1
392,97,306.48,433.76,122.90,367.92,0.7579,-1,-1,-1
392,99,532.36,454.20,23.85,70.57,0.4612,-1,-1,-1
392,100,934.22,438.66,50.23,155.65,0.5903,-1,-1,-1
392,102,395.84,440.96,149.73,295.22,0.8206,-1,-1,-1
392,103,40.39,419.71,186.93,386.10,0.8119,-1,-1,-1
392,105,513.53,459.09,20.28,64.06,0.4978,-1,-1,-1
392,106,1066.93,431.53,66.99,126.61,0.6086,-1,-1,-1
392,107,496.47,459.82,20.09,70.35,0.4273,-1,-1,-1
393,42,1062.04,395.75,239.78,616.51,0.8176,-1,-1,-1
393,66,726.14,475.91,51.18,123.59,0.7629,-1,-1,-1
393,68,683.64,470.59,46.53,115.85,0.5880,-1,-1,-1
393,69,964.14,417.89,135.53,517.26,0.7636,-1,-1,-1
393,88,575.06,406.64,127.93,352.71,0.8396,-1,-1,-1
393,97,315.68,435.38,132.76,366.58,0.8422,-1,-1,-1
393,99,532.55,455.28,24.05,69.75,0.4314,-1,-1,-1
393,100,929.85,441.51,50.05,160.85,0.7610,-1,-1,-1
393,102,404.10,441.93,145.64,292.51,0.8239,-1,-1,-1
393,103,50.91,420.53,181.86,384.00,0.8214,-1,-1,-1
393,105,514.04,459.42,20.35,63.73,0.4448,-1,-1,-1
393,106,1068.92,430.26,66.81,126.63,0.5435,-1,-1,-1
393,107,496.24,460.49,20.95,73.91,0.4316,-1,-1,-1
394,42,1063.01,395.43,240.80,616.48,0.8219,-1,-1,-1
394,66,725.29,475.58,51.38,124.79,0.7954,-1,-1,-1
394,68,682.63,469.03,46.10,116.17,0.5624,-1,-1,-1
394,69,968.98,419.78,133.55,516.91,0.7626,-1,-1,-1
394,88,582.89,405.48,121.41,350.05,0.8273,-1,-1,-1
394,97,320.46,437.41,141.26,364.38,0.8581,-1,-1,-1
394,99,532.14,456.26,24.33,68.67,0.4212,-1,-1,-1
394,100,926.24,441.93,50.27,164.25,0.8059,-1,-1,-1
394,102,410.93,442.73,141.82,290.68,0.7621,-1,-1,-1
394,103,69.90,421.96,172.55,382.64,0.8124,-1,-1,-1
394,106,1072.71,430.68,65.47,125.71,0.6781,-1,-1,-1
395,42,1062.88,396.21,241.44,616.61,0.8249,-1,-1,-1
395,66,724.53,474.46,51.34,125.98,0.7811,-1,-1,-1
395,69,970.86,420.14,130.80,516.87,0.7601,-1,-1,-1
395,88,586.66,404.63,118.64,347.75,0.7220,-1,-1,-1
395,95,1843.62,471.76,67.13,184.79,0.3824,-1,-1,-1
395,97,322.71,439.21,149.44,362.75,0.8396,-1,-1,-1
395,99,532.37,456.74,23.97,67.98,0.4465,-1,-1,-1
395,100,922.47,442.72,50.76,166.32,0.8227,-1,-1,-1
395,102,418.70,442.11,136.63,290.64,0.7126,-1,-1,-1
395,103,87.26,423.54,161.02,380.93,0.7276,-1,-1,-1
395,105,514.68,461.35,20.59,63.07,0.3736,-1,-1,-1
395,106,1076.92,431.05,64.30,124.67,0.6864,-1,-1,-1
396,42,1063.30,396.35,239.88,616.55,0.8695,-1,-1,-1
396,66,723.68,472.79,51.26,127.50,0.7290,-1,-1,-1
396,69,971.64,420.50,128.30,516.17,0.7610,-1,-1,-1
396,88,600.10,402.03,111.37,346.32,0.7292,-1,-1,-1
396,97,322.37,441.17,155.27,360.74,0.8501,-1,-1,-1
396,99,532.97,457.08,23.52,67.57,0.3777,-1,-1,-1
396,100,920.24,443.32,51.35,167.50,0.8039,-1,-1,-1
396,102,426.42,441.86,130.74,290.15,0.8042,-1,-1,-1
396,103,110.58,424.08,152.62,379.71,0.7853,-1,-1,-1
396,105,515.41,461.38,20.64,62.95,0.3925,-1,-1,-1
396,106,1081.43,431.07,64.94,124.81,0.6658,-1,-1,-1
397,42,1064.16,396.30,238.44,616.57,0.8694,-1,-1,-1
397,65,1250.86,444.76,34.95,88.61,0.3620,-1,-1,-1
397,66,722.12,472.22,51.64,129.76,0.7726,-1,-1,-1
397,69,972.41,420.67,126.52,516.15,0.7578,-1,-1,-1
397,88,602.32,403.04,110.78,344.83,0.7622,-1,-1,-1
397,97,323.31,439.95,160.81,360.73,0.8776,-1,-1,-1
397,99,533.61,457.35,23.06,67.16,0.3730,-1,-1,-1
397,100,916.03,443.66,51.02,168.31,0.7721,-1,-1,-1
397,102,432.36,442.81,125.28,289.51,0.7922,-1,-1,-1
397,103,126.18,425.29,148.98,377.94,0.8066,-1,-1,-1
397,106,1083.84,430.99,65.13,124.72,0.6907,-1,-1,-1
398,42,1066.10,396.44,237.40,616.32,0.8786,-1,-1,-1
398,65,1249.40,445.56,35.07,89.53,0.4699,-1,-1,-1
398,66,720.44,471.26,52.24,130.38,0.7732,-1,-1,-1
398,69,971.14,420.35,126.08,516.31,0.7232,-1,-1,-1
398,88,606.29,404.27,112.08,343.45,0.7657,-1,-1,-1
398,97,321.67,440.51,165.51,359.62,0.8702,-1,-1,-1
398,99,533.85,457.38,23.58,66.76,0.4274,-1,-1,-1
398,100,914.54,443.57,50.48,169.51,0.7296,-1,-1,-1
398,102,437.75,442.40,118.83,288.69,0.7607,-1,-1,-1
398,103,133.50,426.58,146.65,376.69,0.8701,-1,-1,-1
398,106,1084.57,430.67,65.19,123.70,0.6942,-1,-1,-1
399,42,1067.02,396.56,235.81,616.88,0.8626,-1,-1,-1
399,65,1248.05,446.26,35.41,90.56,0.5357,-1,-1,-1
399,66,719.47,469.49,52.36,130.45,0.7499,-1,-1,-1
399,69,972.17,419.97,125.40,516.64,0.7476,-1,-1,-1
399,88,610.36,404.59,114.15,342.90,0.8097,-1,-1,-1
399,97,322.13,439.52,167.96,357.87,0.8765,-1,-1,-1
399,100,912.64,443.49,50.79,169.92,0.7491,-1,-1,-1
399,102,450.13,441.12,109.33,287.99,0.7765,-1,-1,-1
399,103,144.89,427.45,158.46,375.88,0.8705,-1,-1,-1
399,106,1085.92,429.51,62.02,120.03,0.5455,-1,-1,-1
400,42,1068.17,394.74,233.26,618.38,0.8742,-1,-1,-1
400,65,1246.70,446.69,35.78,91.91,0.7077,-1,-1,-1
400,66,718.33,467.62,52.26,130.47,0.5761,-1,-1,-1
400,69,974.85,419.62,123.70,516.87,0.7602,-1,-1,-1
400,79,562.22,454.79,20.69,56.33,0.3541,-1,-1,-1
400,88,615.43,405.28,120.96,342.67,0.8387,-1,-1,-1
400,97,321.45,440.91,169.35,355.94,0.8637,-1,-1,-1
400,99,535.44,454.87,23.52,68.30,0.5064,-1,-1,-1
400,100,911.58,443.55,51.51,170.04,0.7415,-1,-1,-1
400,102,460.99,439.04,101.08,287.85,0.7810,-1,-1,-1
400,103,148.17,428.53,169.40,374.84,0.8718,-1,-1,-1
401,42,1068.03,393.78,230.61,619.92,0.8765,-1,-1,-1
401,65,1245.88,446.74,35.94,92.50,0.7117,-1,-1,-1
401,66,717.75,468.20,51.91,132.18,0.7061,-1,-1,-1
401,67,583.90,458.45,21.62,54.13,0.4094,-1,-1,-1
401,69,978.11,419.69,121.55,516.75,0.7763,-1,-1,-1
401,79,562.59,455.21,21.98,56.00,0.4126,-1,-1,-1
401,88,620.05,407.35,129.00,341.41,0.8203,-1,-1,-1
401,97,327.88,437.91,167.68,353.94,0.8754,-1,-1,-1
401,100,909.38,443.32,52.20,169.19,0.7415,-1,-1,-1
401,102,469.13,447.37,96.00,281.96,0.7969,-1,-1,-1
401,103,148.00,429.79,175.24,373.21,0.8763,-1,-1,-1
402,42,1069.58,394.23,227.56,620.16,0.8631,-1,-1,-1
402,65,1245.48,447.00,35.98,92.82,0.6719,-1,-1,-1
402,66,717.32,468.43,51.28,134.71,0.6503,-1,-1,-1
402,67,583.69,458.40,21.44,54.16,0.3612,-1,-1,-1
402,69,979.94,421.43,120.40,515.64,0.7783,-1,-1,-1
402,88,623.80,407.37,136.20,340.64,0.8390,-1,-1,-1
402,97,337.64,438.83,161.87,352.78,0.8705,-1,-1,-1
402,100,904.60,444.72,54.93,168.55,0.6502,-1,-1,-1
402,102,477.72,446.42,91.43,280.63,0.5986,-1,-1,-1
402,103,150.20,431.31,182.17,371.49,0.8773,-1,-1,-1
403,42,1069.45,394.64,223.12,620.22,0.8591,-1,-1,-1
403,65,1244.77,446.93,35.81,92.99,0.6861,-1,-1,-1
403,66,716.16,467.48,51.14,135.83,0.5915,-1,-1,-1
403,69,979.74,422.62,120.63,514.78,0.7797,-1,-1,-1
403,88,627.29,407.48,143.56,340.20,0.8520,-1,-1,-1
403,97,344.13,435.98,156.79,350.72,0.8524,-1,-1,-1
403,100,901.08,448.25,57.12,166.18,0.4758,-1,-1,-1
403,102,488.39,445.68,91.87,279.84,0.5283,-1,-1,-1
403,103,151.04,432.69,189.83,370.08,0.8875,-1,-1,-1
404,42,1073.30,395.85,222.36,622.84,0.8595,-1,-1,-1
404,65,1243.55,447.47,35.51,92.56,0.6614,-1,-1,-1
404,66,714.47,467.88,50.77,138.24,0.7248,-1,-1,-1
404,69,980.53,422.71,119.66,513.30,0.8000,-1,-1,-1
404,88,630.84,408.16,149.57,339.58,0.8476,-1,-1,-1
404,90,1667.78,434.54,47.21,136.63,0.3741,-1,-1,-1
404,97,354.03,434.60,149.07,349.12,0.8123,-1,-1,-1
404,100,895.69,450.92,55.77,163.94,0.6540,-1,-1,-1
404,102,498.71,446.02,97.89,280.37,0.5878,-1,-1,-1
404,103,152.14,432.25,194.90,369.36,0.8831,-1,-1,-1
405,42,1071.93,395.75,216.65,624.30,0.8608,-1,-1,-1
405,65,1242.46,447.79,35.01,92.46,0.6574,-1,-1,-1
405,66,715.01,468.79,49.51,139.44,0.4710,-1,-1,-1
405,69,979.05,423.07,119.29,512.23,0.7839,-1,-1,-1
405,88,634.01,408.51,153.64,339.64,0.8609,-1,-1,-1
405,97,366.95,435.42,138.49,346.04,0.8002,-1,-1,-1
405,100,892.79,449.12,54.87,163.78,0.6926,-1,-1,-1
405,102,506.14,448.49,106.51,279.40,0.7799,-1,-1,-1
405,103,153.23,430.93,197.19,368.75,0.8793,-1,-1,-1
406,42,1070.98,394.83,210.54,622.46,0.8492,-1,-1,-1
406,65,1241.96,448.01,34.74,92.63,0.6589,-1,-1,-1
406,66,716.37,467.50,47.61,139.51,0.6850,-1,-1,-1
406,69,979.79,423.93,119.54,512.35,0.7807,-1,-1,-1
406,88,637.04,409.17,155.84,339.37,0.8582,-1,-1,-1
406,95,1848.13,473.67,65.57,181.71,0.3557,-1,-1,-1
406,97,382.05,432.70,126.65,343.67,0.8139,-1,-1,-1
406,100,891.25,451.05,53.74,161.98,0.6731,-1,-1,-1
406,102,510.75,445.54,116.27,281.85,0.8526,-1,-1,-1
406,103,159.22,429.75,195.14,367.79,0.8756,-1,-1,-1
407,42,1070.65,394.72,206.15,621.21,0.8492,-1,-1,-1
407,65,1241.50,448.65,33.91,93.51,0.6155,-1,-1,-1
407,66,718.78,465.71,45.01,139.87,0.4996,-1,-1,-1
407,69,978.77,423.30,119.94,511.15,0.7672,-1,-1,-1
407,75,379.19,455.92,48.73,71.49,0.3877,-1,-1,-1
407,88,639.90,409.20,155.57,339.29,0.8836,-1,-1,-1
407,97,397.96,431.92,116.32,342.19,0.7346,-1,-1,-1
407,100,887.19,446.31,54.65,164.00,0.7698,-1,-1,-1
407,102,511.21,444.18,124.77,284.13,0.8577,-1,-1,-1
407,103,169.42,428.09,189.45,366.06,0.8686,-1,-1,-1
408,42,1070.89,394.87,202.42,619.98,0.8463,-1,-1,-1
408,65,1241.46,448.38,33.41,94.00,0.6851,-1,-1,-1
408,67,582.66,458.26,22.41,52.78,0.4008,-1,-1,-1
408,69,978.05,423.02,120.69,510.34,0.7662,-1,-1,-1
408,75,379.23,458.36,44.40,65.66,0.4033,-1,-1,-1
408,88,643.93,410.00,154.23,338.76,0.9029,-1,-1,-1
408,96,619.52,460.40,25.89,71.72,0.5116,-1,-1,-1
408,97,409.94,433.11,108.19,340.46,0.7954,-1,-1,-1
408,100,882.56,445.68,56.71,164.99,0.8114,-1,-1,-1
408,102,510.44,444.10,130.54,285.39,0.8653,-1,-1,-1
408,103,180.56,426.35,181.47,362.63,0.8554,-1,-1,-1
409,42,1067.89,396.33,199.70,619.64,0.8572,-1,-1,-1
409,65,1241.32,447.90,32.70,94.24,0.6589,-1,-1,-1
409,69,976.63,422.52,122.31,509.60,0.7521,-1,-1,-1
409,75,379.90,459.51,43.28,63.38,0.4587,-1,-1,-1
409,88,645.60,410.68,153.58,337.78,0.9058,-1,-1,-1
409,90,1668.91,434.22,49.32,136.89,0.3714,-1,-1,-1
409,96,618.85,459.89,26.14,72.83,0.6157,-1,-1,-1
409,97,420.10,436.31,104.55,336.91,0.7858,-1,-1,-1
409,100,879.85,446.14,58.64,164.86,0.7908,-1,-1,-1
409,102,507.64,444.78,136.81,285.40,0.8350,-1,-1,-1
409,103,194.11,424.56,170.58,359.01,0.8299,-1,-1,-1
410,42,1067.03,397.20,196.63,619.12,0.8646,-1,-1,-1
410,65,1241.41,447.46,32.44,93.03,0.6496,-1,-1,-1
410,69,975.48,422.31,123.23,509.42,0.7418,-1,-1,-1
410,75,380.22,460.50,41.86,61.46,0.5312,-1,-1,-1
410,88,646.61,410.94,153.03,336.63,0.9042,-1,-1,-1
410,95,1843.36,476.05,64.77,179.76,0.3859,-1,-1,-1
410,96,618.78,459.87,26.07,73.15,0.5381,-1,-1,-1
410,97,428.88,434.85,107.21,336.79,0.7882,-1,-1,-1
410,100,878.50,443.90,60.01,166.10,0.7975,-1,-1,-1
410,102,512.59,441.57,136.09,285.34,0.8288,-1,-1,-1
410,103,219.24,424.15,152.36,357.16,0.7763,-1,-1,-1
411,42,1065.66,398.25,194.36,618.37,0.8786,-1,-1,-1
411,65,1241.53,447.42,32.05,92.10,0.6432,-1,-1,-1
411,69,977.94,422.78,122.02,510.74,0.7174,-1,-1,-1
411,75,380.42,461.69,40.59,60.27,0.5128,-1,-1,-1
411,88,647.24,411.23,152.51,334.51,0.9056,-1,-1,-1
411,90,1669.55,433.74,49.79,137.00,0.3685,-1,-1,-1
411,96,619.08,459.71,26.12,73.30,0.4750,-1,-1,-1
411,97,438.40,435.54,112.15,336.10,0.8680,-1,-1,-1
411,100,877.63,442.92,61.08,167.17,0.8269,-1,-1,-1
411,102,517.31,437.16,134.44,284.10,0.8181,-1,-1,-1
411,103,238.54,423.94,136.67,355.08,0.7853,-1,-1,-1
412,42,1065.57,399.91,194.18,616.32,0.8638,-1,-1,-1
412,65,1240.52,447.48,31.52,91.78,0.6034,-1,-1,-1
412,69,979.05,422.52,121.40,511.95,0.7311,-1,-1,-1
412,75,380.69,462.25,40.24,60.31,0.4515,-1,-1,-1
412,88,647.92,410.92,152.06,332.79,0.9043,-1,-1,-1
412,97,444.84,437.35,120.53,334.11,0.8672,-1,-1,-1
412,100,875.95,441.96,61.98,167.76,0.7725,-1,-1,-1
412,102,525.17,436.98,129.26,281.88,0.8063,-1,-1,-1
412,103,253.61,424.71,125.49,353.28,0.8077,-1,-1,-1
413,42,1063.26,400.53,195.30,614.88,0.8630,-1,-1,-1
413,65,1239.60,447.23,31.21,91.50,0.6463,-1,-1,-1
413,69,975.99,421.52,122.77,513.44,0.7472,-1,-1,-1
413,75,380.81,464.25,40.03,62.53,0.4078,-1,-1,-1
413,85,411.58,458.14,39.63,81.62,0.3751,-1,-1,-1
413,88,649.49,410.27,151.31,332.51,0.9047,-1,-1,-1
413,95,1847.57,501.37,59.76,160.46,0.4188,-1,-1,-1
413,97,448.09,437.36,130.72,333.10,0.8715,-1,-1,-1
413,100,873.50,441.16,62.62,168.31,0.7191,-1,-1,-1
413,102,532.52,438.13,124.97,280.04,0.7644,-1,-1,-1
413,103,263.96,425.67,118.88,351.93,0.7858,-1,-1,-1
413,109,954.52,448.75,24.04,72.31,0.4903,-1,-1,-1
414,42,1062.12,400.91,196.61,613.93,0.8513,-1,-1,-1
414,65,1238.76,446.34,30.75,91.39,0.6638,-1,-1,-1
414,69,977.59,420.51,121.11,514.82,0.7126,-1,-1,-1
414,88,651.38,410.27,150.02,331.91,0.9004,-1,-1,-1
414,97,448.50,435.44,138.74,334.05,0.8868,-1,-1,-1
414,100,871.11,440.55,60.54,167.89,0.7543,-1,-1,-1
414,102,543.00,437.77,116.91,278.19,0.7660,-1,-1,-1
414,103,274.37,426.66,115.17,350.45,0.8148,-1,-1,-1
415,42,1060.39,400.52,198.99,613.69,0.8377,-1,-1,-1
415,65,1237.36,446.48,30.44,91.06,0.6392,-1,-1,-1
415,69,975.07,419.28,121.98,516.21,0.7027,-1,-1,-1
415,75,378.82,474.03,42.99,76.64,0.4756,-1,-1,-1
415,88,655.39,409.94,147.12,331.36,0.8981,-1,-1,-1
415,97,446.38,438.53,145.38,331.75,0.8739,-1,-1,-1
415,100,869.33,439.46,57.35,167.09,0.8290,-1,-1,-1
415,102,548.30,437.87,111.18,277.12,0.7574,-1,-1,-1
415,103,282.39,427.34,117.35,349.35,0.8043,-1,-1,-1
416,42,1057.60,399.83,201.05,614.22,0.8276,-1,-1,-1
416,65,1235.99,445.69,30.22,90.25,0.5635,-1,-1,-1
416,69,969.86,418.55,124.10,515.75,0.7322,-1,-1,-1
416,75,379.62,472.78,43.91,86.46,0.4629,-1,-1,-1
416,88,663.45,408.01,141.72,330.96,0.8920,-1,-1,-1
416,97,444.11,441.27,151.00,329.28,0.8695,-1,-1,-1
416,100,868.47,438.64,55.60,166.88,0.7456,-1,-1,-1
416,102,559.83,436.14,102.83,277.21,0.7574,-1,-1,-1
416,103,288.59,426.23,117.93,348.82,0.8192,-1,-1,-1
417,32,455.88,437.10,44.16,86.39,0.3938,-1,-1,-1
417,42,1055.45,400.13,200.85,614.75,0.8402,-1,-1,-1
417,65,1236.87,445.02,28.77,86.65,0.3507,-1,-1,-1
417,69,970.54,418.19,123.05,515.44,0.7173,-1,-1,-1
417,75,380.10,470.84,44.90,93.80,0.6356,-1,-1,-1
417,88,671.42,405.91,136.21,329.77,0.8862,-1,-1,-1
417,95,1849.17,503.53,57.30,153.94,0.3515,-1,-1,-1
417,97,441.67,443.49,155.51,327.21,0.8540,-1,-1,-1
417,100,865.04,437.90,54.13,166.61,0.7238,-1,-1,-1
417,102,567.10,437.06,98.96,278.26,0.6587,-1,-1,-1
417,103,293.78,427.75,122.97,346.93,0.8508,-1,-1,-1
418,32,455.21,442.37,47.98,88.96,0.4175,-1,-1,-1
418,42,1049.05,400.69,195.98,616.76,0.8357,-1,-1,-1
418,69,969.61,417.75,123.00,515.56,0.6998,-1,-1,-1
418,75,381.09,468.88,45.53,99.78,0.6390,-1,-1,-1
418,88,679.02,405.94,131.21,328.14,0.8896,-1,-1,-1
418,95,1849.43,499.59,57.00,155.25,0.3581,-1,-1,-1
418,97,441.17,446.89,158.54,323.75,0.8739,-1,-1,-1
418,100,862.34,437.35,52.26,166.27,0.7400,-1,-1,-1
418,102,579.57,439.20,93.80,275.72,0.7205,-1,-1,-1
418,103,298.89,429.50,132.46,345.42,0.8601,-1,-1,-1
418,109,961.19,446.71,24.88,75.32,0.4054,-1,-1,-1
418,110,1190.70,431.26,113.97,482.37,0.4026,-1,-1,-1
418,111,1002.22,449.11,22.05,68.76,0.4510,-1,-1,-1
419,32,454.20,445.66,49.47,91.44,0.4078,-1,-1,-1
419,42,1046.92,400.33,193.57,618.63,0.8413,-1,-1,-1
419,69,973.41,418.79,119.98,515.07,0.6334,-1,-1,-1
419,75,381.64,467.43,45.60,103.86,0.5531,-1,-1,-1
419,88,687.31,405.34,126.84,327.42,0.8728,-1,-1,-1
419,95,1849.46,496.66,56.73,157.03,0.3839,-1,-1,-1
419,97,441.84,445.23,160.04,323.36,0.8853,-1,-1,-1
419,100,859.54,436.91,51.92,166.47,0.8125,-1,-1,-1
419,102,590.00,442.36,89.63,272.67,0.8099,-1,-1,-1
419,103,300.58,430.48,142.26,344.59,0.8471,-1,-1,-1
419,109,964.81,448.27,23.08,73.15,0.4795,-1,-1,-1
419,110,1176.08,433.23,112.21,470.45,0.5686,-1,-1,-1
419,111,1001.49,449.03,22.55,70.96,0.3970,-1,-1,-1
420,42,1049.72,400.05,196.95,618.45,0.8351,-1,-1,-1
420,69,971.19,418.89,120.79,515.45,0.6771,-1,-1,-1
420,85,410.77,461.45,40.66,101.14,0.4849,-1,-1,-1
420,88,693.28,404.92,123.98,327.19,0.8543,-1,-1,-1
420,95,1847.49,485.00,59.46,165.61,0.3912,-1,-1,-1
420,97,446.82,443.31,157.76,323.32,0.8681,-1,-1,-1
420,100,859.93,437.37,50.38,166.31,0.7892,-1,-1,-1
420,102,599.31,442.98,88.44,271.13,0.7933,-1,-1,-1
420,103,300.11,430.94,150.89,343.95,0.8489,-1,-1,-1
420,109,966.54,448.92,21.91,71.97,0.3932,-1,-1,-1
420,110,1173.55,431.31,114.18,478.54,0.4843,-1,-1,-1
421,42,1050.55,401.69,200.29,618.04,0.8073,-1,-1,-1
421,69,971.84,418.71,119.96,515.30,0.6543,-1,-1,-1
421,85,411.99,459.51,40.47,107.50,0.4999,-1,-1,-1
421,88,699.11,404.73,121.33,325.71,0.8515,-1,-1,-1
421,95,1846.64,480.54,61.15,170.12,0.4060,-1,-1,-1
421,97,454.54,440.97,152.95,323.67,0.8589,-1,-1,-1
421,100,859.17,437.96,49.42,166.01,0.8002,-1,-1,-1
421,102,609.66,440.30,91.92,273.16,0.7995,-1,-1,-1
421,103,299.15,432.86,158.42,341.85,0.8785,-1,-1,-1
421,109,967.16,449.27,21.31,71.80,0.3535,-1,-1,-1
421,110,1167.50,429.05,113.93,478.74,0.3965,-1,-1,-1
421,112,452.94,454.89,35.06,91.98,0.4460,-1,-1,-1
422,42,1049.33,402.20,204.11,618.16,0.6863,-1,-1,-1
422,69,970.76,420.14,120.12,515.51,0.6477,-1,-1,-1
422,85,411.45,458.39,41.15,109.96,0.3705,-1,-1,-1
422,88,703.30,406.42,119.68,324.02,0.8688,-1,-1,-1
422,95,1846.10,478.55,61.86,172.87,0.3968,-1,-1,-1
422,97,463.53,439.36,146.42,322.62,0.8323,-1,-1,-1
422,100,856.01,438.45,49.50,165.18,0.7236,-1,-1,-1
422,102,616.31,440.95,99.12,273.53,0.8397,-1,-1,-1
422,103,303.50,434.08,166.28,338.13,0.8762,-1,-1,-1
422,109,967.79,449.39,21.04,71.41,0.3667,-1,-1,-1
422,110,1159.24,425.57,116.34,486.64,0.3775,-1,-1,-1
422,112,451.33,456.52,35.31,96.81,0.4358,-1,-1,-1
423,42,1047.39,402.34,206.17,618.22,0.6532,-1,-1,-1
423,69,968.14,423.24,121.29,515.16,0.6224,-1,-1,-1
423,88,706.94,408.57,118.91,322.41,0.8460,-1,-1,-1
423,95,1845.17,477.74,62.56,174.59,0.3932,-1,-1,-1
423,97,470.38,438.80,140.25,321.11,0.8344,-1,-1,-1
423,100,854.21,439.17,49.56,164.00,0.7593,-1,-1,-1
423,102,619.32,442.20,107.57,273.32,0.8595,-1,-1,-1
423,103,305.07,434.25,172.62,336.89,0.8828,-1,-1,-1
423,110,1157.68,417.79,125.04,493.72,0.3718,-1,-1,-1
423,112,450.38,455.85,36.86,103.44,0.4679,-1,-1,-1
424,32,470.99,451.17,41.06,85.54,0.3980,-1,-1,-1
424,42,1041.58,401.76,197.06,620.77,0.6873,-1,-1,-1
424,69,966.38,426.25,122.08,513.65,0.5914,-1,-1,-1
424,88,710.86,409.71,118.78,321.71,0.8446,-1,-1,-1
424,95,1847.07,483.97,61.06,171.30,0.3635,-1,-1,-1
424,97,480.87,438.10,131.92,320.84,0.8449,-1,-1,-1
424,100,851.44,439.49,49.84,163.46,0.7922,-1,-1,-1
424,102,620.09,442.51,115.74,272.86,0.8699,-1,-1,-1
424,103,306.95,433.64,176.25,336.28,0.8855,-1,-1,-1
424,110,1157.47,415.62,130.06,497.84,0.5081,-1,-1,-1
424,112,450.15,455.59,36.66,104.37,0.4898,-1,-1,-1
425,32,471.81,452.75,38.58,82.00,0.4939,-1,-1,-1
425,42,1040.23,400.72,189.00,622.23,0.6090,-1,-1,-1
425,69,966.74,438.12,121.92,506.37,0.5502,-1,-1,-1
425,88,713.63,411.36,119.47,319.95,0.8588,-1,-1,-1
425,95,1846.47,482.99,61.10,171.02,0.3596,-1,-1,-1
425,97,494.37,437.63,121.54,320.33,0.7548,-1,-1,-1
425,100,848.36,439.88,50.29,162.81,0.8024,-1,-1,-1
425,102,619.92,445.12,122.34,270.88,0.8574,-1,-1,-1
425,103,310.11,432.42,177.51,335.35,0.8751,-1,-1,-1
425,110,1160.03,415.01,140.41,514.05,0.6653,-1,-1,-1
426,32,472.88,454.25,36.96,78.76,0.4506,-1,-1,-1
426,42,1042.26,399.73,183.11,623.56,0.6702,-1,-1,-1
426,69,967.37,434.31,121.87,506.90,0.6062,-1,-1,-1
426,88,716.29,412.16,119.56,318.82,0.8473,-1,-1,-1
426,97,502.75,438.00,114.79,319.51,0.7075,-1,-1,-1
426,100,845.19,440.59,51.38,162.66,0.7647,-1,-1,-1
426,102,619.45,443.63,127.18,271.24,0.8697,-1,-1,-1
426,103,317.86,431.69,174.53,334.28,0.8578,-1,-1,-1
426,110,1154.37,425.58,157.02,566.33,0.5654,-1,-1,-1
427,32,474.26,456.00,35.50,75.17,0.3913,-1,-1,-1
427,42,1046.22,399.59,179.40,625.26,0.7222,-1,-1,-1
427,69,968.79,429.56,121.84,509.05,0.6297,-1,-1,-1
427,88,719.87,412.15,119.37,318.47,0.8473,-1,-1,-1
427,97,520.14,438.00,105.32,318.74,0.7672,-1,-1,-1
427,100,842.52,441.06,51.37,162.12,0.7562,-1,-1,-1
427,102,618.08,442.03,130.80,273.15,0.8805,-1,-1,-1
427,103,328.28,428.44,168.08,332.67,0.8349,-1,-1,-1
427,110,1149.23,423.09,167.96,597.79,0.4698,-1,-1,-1
428,32,473.56,456.03,34.81,73.23,0.3761,-1,-1,-1
428,42,1049.90,399.66,177.03,627.16,0.7245,-1,-1,-1
428,69,969.31,427.54,122.11,511.00,0.7566,-1,-1,-1
428,88,722.22,412.17,119.06,318.09,0.8654,-1,-1,-1
428,90,1667.48,437.25,48.00,134.87,0.4339,-1,-1,-1
428,97,529.03,438.80,100.28,318.72,0.8021,-1,-1,-1
428,100,840.49,441.52,50.37,161.14,0.7654,-1,-1,-1
428,102,616.60,444.31,132.74,271.87,0.8495,-1,-1,-1
428,103,340.00,428.18,159.20,329.22,0.8249,-1,-1,-1
428,110,1151.94,418.37,172.01,615.02,0.5968,-1,-1,-1
429,32,472.62,456.57,34.64,73.01,0.3979,-1,-1,-1
429,42,1052.75,400.32,176.11,629.73,0.7736,-1,-1,-1
429,69,970.27,426.02,122.71,512.69,0.7358,-1,-1,-1
429,88,724.24,411.98,118.68,318.02,0.8708,-1,-1,-1
429,97,536.36,439.13,99.39,318.20,0.8260,-1,-1,-1
429,100,839.69,440.53,48.12,159.58,0.7887,-1,-1,-1
429,102,620.32,444.04,131.28,271.88,0.8586,-1,-1,-1
429,103,356.08,428.12,145.68,326.91,0.7429,-1,-1,-1
429,110,1154.92,412.06,173.24,621.30,0.5961,-1,-1,-1
430,32,471.52,462.03,35.73,82.19,0.4025,-1,-1,-1
430,42,1056.68,400.43,174.66,630.89,0.7810,-1,-1,-1
430,69,972.42,425.13,123.87,514.18,0.6758,-1,-1,-1
430,88,728.46,412.87,118.26,318.09,0.8571,-1,-1,-1
430,97,543.71,439.47,101.58,318.32,0.8266,-1,-1,-1
430,99,543.31,443.07,29.78,56.68,0.3948,-1,-1,-1
430,100,839.08,440.34,46.39,158.38,0.7542,-1,-1,-1
430,102,628.04,443.21,126.48,270.59,0.8390,-1,-1,-1
430,103,371.23,428.96,130.05,325.57,0.6877,-1,-1,-1
430,110,1160.49,408.58,170.99,615.44,0.4898,-1,-1,-1
430,113,1245.79,438.32,101.56,278.81,0.3924,-1,-1,-1
431,42,1060.03,402.09,173.68,633.71,0.7756,-1,-1,-1
431,69,974.23,424.08,125.88,515.58,0.6872,-1,-1,-1
431,88,729.76,412.63,117.81,318.21,0.8286,-1,-1,-1
431,97,548.78,438.65,105.68,318.79,0.8340,-1,-1,-1
431,100,838.02,440.48,45.61,157.22,0.7845,-1,-1,-1
431,102,636.26,443.20,119.95,269.94,0.5299,-1,-1,-1
431,103,374.42,433.68,124.00,326.23,0.7073,-1,-1,-1
431,110,1164.26,362.10,164.42,521.20,0.5671,-1,-1,-1
431,113,1247.04,431.62,101.48,291.67,0.4702,-1,-1,-1
432,42,1064.18,399.80,171.20,632.79,0.7816,-1,-1,-1
432,69,976.02,421.86,127.77,518.07,0.6882,-1,-1,-1
432,88,733.45,412.43,119.53,318.44,0.8204,-1,-1,-1
432,95,1845.32,466.61,64.74,181.70,0.5224,-1,-1,-1
432,97,555.31,438.38,113.21,319.42,0.8697,-1,-1,-1
432,100,836.92,439.73,45.89,157.29,0.7550,-1,-1,-1
432,102,646.10,445.15,115.11,271.31,0.5453,-1,-1,-1
432,103,380.36,435.18,118.87,326.00,0.6705,-1,-1,-1
432,110,1170.07,360.75,156.61,464.49,0.5994,-1,-1,-1
432,113,1254.16,428.59,97.79,296.68,0.4726,-1,-1,-1
433,42,1070.82,397.13,172.38,628.84,0.8018,-1,-1,-1
433,69,980.07,420.61,128.89,520.90,0.7410,-1,-1,-1
433,88,735.38,412.14,117.73,318.32,0.8039,-1,-1,-1
433,97,557.70,440.31,120.23,318.54,0.8595,-1,-1,-1
433,100,835.03,438.56,45.92,156.32,0.6601,-1,-1,-1
433,102,661.05,441.98,102.23,269.05,0.4889,-1,-1,-1
433,103,382.40,435.56,117.08,325.29,0.6672,-1,-1,-1
433,110,1176.39,370.72,149.70,425.47,0.5993,-1,-1,-1
433,111,997.66,447.42,27.08,78.41,0.3747,-1,-1,-1
433,113,1263.11,425.57,97.01,300.69,0.4983,-1,-1,-1
433,114,1480.97,292.54,414.74,761.88,0.6392,-1,-1,-1
433,115,521.75,456.68,24.83,66.69,0.4575,-1,-1,-1
434,42,1072.78,383.50,171.00,602.81,0.7473,-1,-1,-1
434,68,645.79,459.25,56.45,149.40,0.4088,-1,-1,-1
434,69,982.57,420.76,129.69,520.64,0.7573,-1,-1,-1
434,88,740.29,412.06,116.46,317.94,0.8260,-1,-1,-1
434,95,1846.52,465.36,65.04,185.80,0.4023,-1,-1,-1
434,97,557.54,441.02,125.78,317.54,0.8694,-1,-1,-1
434,100,834.00,438.21,44.30,156.21,0.5754,-1,-1,-1
434,102,671.83,438.83,94.07,269.88,0.5017,-1,-1,-1
434,103,388.69,436.09,115.60,324.64,0.5214,-1,-1,-1
434,110,1182.97,389.53,144.39,412.39,0.5725,-1,-1,-1
434,111,1000.40,447.27,26.99,77.47,0.4484,-1,-1,-1
434,113,1269.88,425.74,96.36,307.38,0.6356,-1,-1,-1
434,115,522.32,459.52,24.61,67.53,0.5964,-1,-1,-1
435,42,1076.83,358.64,171.88,536.44,0.7478,-1,-1,-1
435,69,985.41,413.40,133.33,509.08,0.7247,-1,-1,-1
435,88,743.19,411.13,113.82,317.39,0.8080,-1,-1,-1
435,95,1845.01,466.27,65.72,187.35,0.4037,-1,-1,-1
435,97,556.93,441.77,129.88,316.87,0.8766,-1,-1,-1
435,100,830.98,439.18,46.10,155.57,0.5858,-1,-1,-1
435,102,682.46,440.78,86.59,267.31,0.6035,-1,-1,-1
435,103,400.37,433.18,117.29,322.37,0.6619,-1,-1,-1
435,110,1187.20,391.46,139.22,389.97,0.6443,-1,-1,-1
435,111,1001.40,446.90,26.82,77.22,0.4843,-1,-1,-1
435,113,1274.91,425.61,97.30,314.09,0.7764,-1,-1,-1
435,115,522.09,460.65,24.17,67.17,0.5886,-1,-1,-1
436,42,1082.99,363.98,169.07,504.12,0.8105,-1,-1,-1
436,69,992.25,396.68,133.17,471.46,0.7089,-1,-1,-1
436,88,745.78,411.56,110.87,316.90,0.7977,-1,-1,-1
436,97,555.76,442.70,134.00,316.09,0.8814,-1,-1,-1
436,100,827.46,440.20,45.91,154.47,0.6497,-1,-1,-1
436,102,692.85,439.67,80.93,267.46,0.5958,-1,-1,-1
436,103,415.13,434.80,111.95,319.45,0.7626,-1,-1,-1
436,110,1192.06,404.64,135.72,387.29,0.7302,-1,-1,-1
436,113,1278.97,425.84,96.76,320.01,0.6458,-1,-1,-1
436,115,521.94,459.64,24.08,67.79,0.6241,-1,-1,-1
437,42,1089.96,375.26,168.17,486.07,0.8571,-1,-1,-1
437,69,994.71,399.05,135.60,450.69,0.7400,-1,-1,-1
437,88,746.52,411.99,110.02,315.23,0.7651,-1,-1,-1
437,97,555.05,443.44,137.21,314.85,0.8717,-1,-1,-1
437,99,547.90,455.74,28.86,65.99,0.4256,-1,-1,-1
437,100,827.22,440.80,45.02,153.42,0.6605,-1,-1,-1
437,102,700.31,438.02,77.63,267.04,0.6200,-1,-1,-1
437,103,417.27,434.93,117.71,318.94,0.7175,-1,-1,-1
437,110,1196.53,393.98,133.79,360.45,0.5797,-1,-1,-1
437,115,521.80,460.32,24.11,68.30,0.6762,-1,-1,-1
438,42,1096.16,382.88,164.61,476.57,0.8633,-1,-1,-1
438,69,999.98,405.60,136.29,440.95,0.7448,-1,-1,-1
438,88,750.80,411.44,109.35,313.89,0.7897,-1,-1,-1
438,97,554.10,442.21,140.90,314.83,0.8622,-1,-1,-1
438,99,548.67,456.80,28.03,68.62,0.5034,-1,-1,-1
438,100,827.66,441.15,44.18,153.02,0.3611,-1,-1,-1
438,102,707.28,437.43,77.02,266.34,0.6559,-1,-1,-1
438,103,423.49,435.50,120.69,317.32,0.7773,-1,-1,-1
438,114,1197.54,299.80,426.25,742.00,0.5107,-1,-1,-1
438,115,522.11,461.65,23.78,67.17,0.5921,-1,-1,-1
439,42,1098.93,392.02,159.45,472.87,0.7785,-1,-1,-1
439,69,1002.38,412.43,137.42,438.86,0.7715,-1,-1,-1
439,75,366.82,481.01,74.51,141.95,0.4278,-1,-1,-1
439,88,761.30,410.98,107.18,312.05,0.7602,-1,-1,-1
439,97,554.36,440.22,142.91,315.56,0.8600,-1,-1,-1
439,99,549.56,455.97,28.20,70.85,0.3571,-1,-1,-1
439,102,712.25,438.41,76.93,265.41,0.6878,-1,-1,-1
439,103,427.86,434.57,123.33,317.01,0.7557,-1,-1,-1
439,114,1150.34,344.05,406.38,696.59,0.4873,-1,-1,-1
439,115,522.65,462.06,23.60,66.59,0.4995,-1,-1,-1
440,42,1094.07,391.12,145.47,443.44,0.5277,-1,-1,-1
440,69,1003.48,418.35,140.83,440.71,0.7561,-1,-1,-1
440,75,359.44,495.15,75.82,132.55,0.6410,-1,-1,-1
440,88,769.46,412.92,102.73,309.65,0.6887,-1,-1,-1
440,97,554.69,439.74,144.17,316.09,0.8703,-1,-1,-1
440,99,548.11,455.49,30.38,75.73,0.3729,-1,-1,-1
440,102,713.80,439.96,79.60,265.10,0.6197,-1,-1,-1
440,103,431.17,434.99,124.96,316.12,0.8411,-1,-1,-1
440,114,1102.58,347.76,392.69,691.66,0.5121,-1,-1,-1
440,115,523.25,461.45,23.67,66.34,0.3632,-1,-1,-1
441,67,587.98,456.16,18.59,49.81,0.3910,-1,-1,-1
441,69,1001.18,417.17,135.44,437.81,0.5640,-1,-1,-1
441,75,351.59,502.82,77.20,130.77,0.7013,-1,-1,-1
441,88,775.95,411.21,98.31,306.15,0.7674,-1,-1,-1
441,97,555.46,438.66,144.53,316.76,0.8872,-1,-1,-1
441,102,715.75,440.56,84.72,266.27,0.7092,-1,-1,-1
441,103,436.15,436.51,126.52,313.87,0.8136,-1,-1,-1
441,113,1318.68,419.92,122.00,343.65,0.8148,-1,-1,-1
441,115,523.04,461.32,23.70,66.26,0.4630,-1,-1,-1
442,75,343.71,508.16,79.27,132.01,0.7121,-1,-1,-1
442,88,782.57,409.61,93.05,302.46,0.7126,-1,-1,-1
442,95,1848.39,476.12,61.35,180.30,0.3511,-1,-1,-1
442,97,561.03,437.79,141.33,315.91,0.8773,-1,-1,-1
442,102,725.92,437.63,97.20,270.92,0.8107,-1,-1,-1
442,103,440.44,437.47,124.59,312.66,0.8240,-1,-1,-1
442,113,1314.67,420.87,134.33,342.73,0.7860,-1,-1,-1
442,114,996.66,349.02,380.12,688.84,0.6809,-1,-1,-1
442,121,381.51,463.35,44.01,82.42,0.4504,-1,-1,-1
443,67,588.25,455.90,18.21,51.81,0.4148,-1,-1,-1
443,75,336.83,509.82,79.41,133.21,0.7123,-1,-1,-1
443,85,416.18,457.26,39.13,112.52,0.3547,-1,-1,-1
443,88,788.83,410.15,87.82,301.27,0.7125,-1,-1,-1
443,95,1849.15,478.25,59.59,177.60,0.4142,-1,-1,-1
443,97,567.44,436.45,136.22,314.57,0.8816,-1,-1,-1
443,102,724.01,439.90,104.01,269.63,0.7044,-1,-1,-1
443,103,446.38,437.46,120.58,311.20,0.8145,-1,-1,-1
443,110,1226.53,431.60,126.91,378.48,0.7251,-1,-1,-1
443,113,1315.81,422.08,138.63,341.98,0.7731,-1,-1,-1
443,114,950.70,351.15,374.33,679.99,0.8046,-1,-1,-1
443,121,380.70,465.77,48.68,99.06,0.5788,-1,-1,-1
444,42,1153.30,382.14,129.92,408.05,0.3761,-1,-1,-1
444,67,588.05,455.37,18.26,53.33,0.4982,-1,-1,-1
444,75,327.63,509.84,81.16,132.77,0.7690,-1,-1,-1
444,85,417.78,456.66,39.42,114.14,0.4644,-1,-1,-1
444,88,793.75,411.09,83.67,302.22,0.7009,-1,-1,-1
444,95,1850.99,480.58,57.88,175.27,0.3564,-1,-1,-1
444,97,574.84,437.13,130.14,311.24,0.8754,-1,-1,-1
444,102,726.13,435.01,113.01,274.06,0.7267,-1,-1,-1
444,103,454.59,434.32,116.35,309.16,0.7135,-1,-1,-1
444,110,1235.13,440.70,119.44,384.85,0.4486,-1,-1,-1
444,113,1318.99,423.82,139.58,343.94,0.7704,-1,-1,-1
444,114,902.83,352.58,362.76,674.44,0.7751,-1,-1,-1
444,121,380.28,464.95,50.25,108.22,0.6054,-1,-1,-1
445,42,1157.47,410.55,155.21,447.77,0.5819,-1,-1,-1
445,67,588.04,455.29,18.34,53.93,0.4998,-1,-1,-1
445,75,320.78,510.35,82.68,133.92,0.7410,-1,-1,-1
445,85,419.86,455.05,39.55,115.82,0.5400,-1,-1,-1
445,88,799.39,410.09,80.16,302.85,0.7120,-1,-1,-1
445,95,1849.56,477.81,59.92,177.05,0.4021,-1,-1,-1
445,97,583.59,435.99,122.99,309.22,0.8518,-1,-1,-1
445,99,549.85,449.12,29.50,68.94,0.3653,-1,-1,-1
445,102,717.15,438.31,110.86,271.47,0.7601,-1,-1,-1
445,103,459.80,431.39,115.08,305.70,0.6993,-1,-1,-1
445,110,1241.12,423.53,115.04,363.40,0.4263,-1,-1,-1
445,113,1323.43,424.07,137.95,344.79,0.8261,-1,-1,-1
445,121,379.95,463.05,51.09,113.50,0.6419,-1,-1,-1
446,42,1150.39,444.30,172.12,517.85,0.6479,-1,-1,-1
446,66,720.96,450.10,30.82,109.92,0.3649,-1,-1,-1
446,67,587.82,455.20,18.63,54.20,0.5212,-1,-1,-1
446,75,312.18,513.38,83.71,135.94,0.6624,-1,-1,-1
446,85,418.30,455.15,39.60,116.70,0.5713,-1,-1,-1
446,88,801.91,409.76,75.70,302.02,0.6552,-1,-1,-1
446,95,1849.66,482.38,59.14,173.83,0.3635,-1,-1,-1
446,97,595.46,436.27,115.72,306.48,0.7819,-1,-1,-1
446,102,718.12,439.23,109.26,270.60,0.7362,-1,-1,-1
446,103,471.73,429.10,109.96,303.35,0.7568,-1,-1,-1
446,113,1329.26,423.93,133.97,345.99,0.8070,-1,-1,-1
446,114,832.14,335.64,351.09,670.87,0.4729,-1,-1,-1
446,121,380.00,461.67,51.27,116.69,0.6826,-1,-1,-1
447,42,1150.41,449.52,182.28,560.20,0.7094,-1,-1,-1
447,67,587.72,455.88,18.82,54.12,0.5165,-1,-1,-1
447,75,304.85,514.58,84.26,137.83,0.7890,-1,-1,-1
447,85,418.14,454.20,39.52,117.70,0.5362,-1,-1,-1
447,88,806.26,405.63,76.21,295.27,0.4225,-1,-1,-1
447,95,1850.08,493.21,57.33,166.35,0.4688,-1,-1,-1
447,97,610.64,435.46,108.38,304.57,0.8072,-1,-1,-1
447,102,722.33,436.32,110.64,271.73,0.7439,-1,-1,-1
447,103,476.52,428.79,107.79,301.60,0.7562,-1,-1,-1
447,110,1249.92,423.99,109.95,345.60,0.4409,-1,-1,-1
447,113,1334.73,422.92,129.82,347.19,0.8488,-1,-1,-1
447,114,804.17,328.40,341.69,666.02,0.3949,-1,-1,-1
447,121,380.05,461.02,50.94,118.13,0.6737,-1,-1,-1
448,42,1149.16,445.92,191.44,588.94,0.6959,-1,-1,-1
448,66,723.07,449.47,30.68,103.35,0.4937,-1,-1,-1
448,67,588.12,455.63,18.66,54.48,0.6303,-1,-1,-1
448,75,297.52,513.41,85.45,139.75,0.7601,-1,-1,-1
448,85,418.95,455.42,39.65,116.91,0.4231,-1,-1,-1
448,95,1846.76,486.44,58.64,167.94,0.3628,-1,-1,-1
448,97,623.25,436.38,99.19,302.91,0.8257,-1,-1,-1
448,102,728.17,436.82,113.54,269.54,0.7082,-1,-1,-1
448,103,476.90,429.59,109.05,297.74,0.7433,-1,-1,-1
448,110,1256.66,425.71,108.09,332.89,0.4747,-1,-1,-1
448,113,1339.50,421.42,127.04,348.17,0.8157,-1,-1,-1
448,114,775.46,325.63,334.29,658.51,0.4463,-1,-1,-1
448,116,1061.28,426.97,117.43,480.99,0.6963,-1,-1,-1
448,121,380.52,460.23,50.66,118.96,0.6569,-1,-1,-1
449,42,1148.35,439.65,193.56,606.97,0.7225,-1,-1,-1
449,66,723.36,447.97,29.82,96.57,0.5032,-1,-1,-1
449,67,588.26,455.29,18.55,54.34,0.5573,-1,-1,-1
449,75,289.51,515.92,86.25,140.74,0.6478,-1,-1,-1
449,85,418.07,455.09,39.24,116.56,0.4345,-1,-1,-1
449,97,632.00,437.29,91.42,301.62,0.7910,-1,-1,-1
449,103,479.41,430.30,109.01,296.81,0.8083,-1,-1,-1
449,110,1264.04,439.31,104.50,317.73,0.5644,-1,-1,-1
449,111,1001.23,446.88,27.23,78.39,0.4310,-1,-1,-1
449,113,1342.53,420.62,124.21,348.93,0.8145,-1,-1,-1
449,114,729.84,325.42,327.08,654.43,0.7390,-1,-1,-1
449,116,1047.45,429.96,130.01,501.87,0.7957,-1,-1,-1
449,121,380.55,459.45,50.44,119.78,0.6548,-1,-1,-1
450,42,1152.07,428.83,201.73,624.60,0.6397,-1,-1,-1
450,66,722.61,447.00,29.55,92.00,0.5915,-1,-1,-1
450,67,588.21,455.34,18.65,54.08,0.4477,-1,-1,-1
450,75,283.00,514.90,85.61,142.93,0.7838,-1,-1,-1
450,85,417.98,454.93,38.97,116.32,0.4890,-1,-1,-1
450,97,636.57,436.87,86.44,300.09,0.8194,-1,-1,-1
450,103,484.38,429.90,108.37,296.70,0.7516,-1,-1,-1
450,110,1260.24,449.52,106.96,345.66,0.4657,-1,-1,-1
450,111,999.49,447.33,28.45,77.92,0.4611,-1,-1,-1
450,113,1345.98,419.54,120.66,349.44,0.7431,-1,-1,-1
450,114,700.15,329.51,328.11,659.66,0.6209,-1,-1,-1
450,116,1043.85,430.14,136.64,511.03,0.8429,-1,-1,-1
450,121,380.62,458.95,50.04,120.03,0.7048,-1,-1,-1
451,42,1150.52,422.60,221.44,635.15,0.7711,-1,-1,-1
451,67,588.57,455.24,18.60,53.38,0.3598,-1,-1,-1
451,75,274.71,512.23,86.73,143.45,0.8230,-1,-1,-1
451,85,417.91,454.88,38.84,116.12,0.5215,-1,-1,-1
451,95,1843.85,482.40,61.70,170.18,0.4033,-1,-1,-1
451,97,643.74,437.69,85.51,298.48,0.7458,-1,-1,-1
451,103,495.65,428.74,110.78,297.19,0.6502,-1,-1,-1
451,110,1257.84,442.83,110.86,371.62,0.4021,-1,-1,-1
451,111,998.85,447.07,28.95,77.78,0.3776,-1,-1,-1
451,113,1345.46,418.58,119.10,350.13,0.8169,-1,-1,-1
451,114,667.57,332.68,330.51,657.39,0.7295,-1,-1,-1
451,116,1042.91,429.13,141.13,516.31,0.8231,-1,-1,-1
451,121,380.65,458.70,49.68,120.06,0.6753,-1,-1,-1
452,42,1159.33,414.51,236.47,640.81,0.7930,-1,-1,-1
452,75,265.90,512.14,87.62,144.44,0.7957,-1,-1,-1
452,85,418.83,453.82,38.81,116.77,0.5201,-1,-1,-1
452,95,1842.33,479.87,62.69,171.81,0.4259,-1,-1,-1
452,103,495.57,430.87,118.34,295.50,0.6771,-1,-1,-1
452,113,1356.72,418.05,121.57,351.17,0.8707,-1,-1,-1
452,114,642.84,352.65,327.71,666.90,0.6835,-1,-1,-1
452,116,1044.23,428.17,144.10,519.19,0.8191,-1,-1,-1
452,120,1881.20,392.04,38.49,240.38,0.3779,-1,-1,-1
452,121,380.39,458.61,49.74,120.32,0.6642,-1,-1,-1
453,42,1164.82,415.36,252.21,649.08,0.7979,-1,-1,-1
453,75,258.26,511.16,88.32,144.09,0.7716,-1,-1,-1
453,85,419.46,453.18,39.14,117.36,0.5298,-1,-1,-1
453,88,824.69,375.57,65.34,216.02,0.3617,-1,-1,-1
453,103,499.76,432.28,122.25,294.98,0.7761,-1,-1,-1
453,113,1365.76,417.31,123.06,351.28,0.8713,-1,-1,-1
453,114,611.00,354.85,326.61,658.12,0.6263,-1,-1,-1
453,116,1045.64,427.11,146.45,521.05,0.8325,-1,-1,-1
453,121,380.53,458.48,49.93,120.51,0.6208,-1,-1,-1
454,42,1165.44,415.24,267.03,653.42,0.7058,-1,-1,-1
454,75,250.37,511.05,89.34,143.41,0.7812,-1,-1,-1
454,85,419.45,453.38,39.12,117.78,0.5571,-1,-1,-1
454,88,825.62,410.85,68.23,241.83,0.6346,-1,-1,-1
454,103,500.67,433.27,120.86,294.42,0.7863,-1,-1,-1
454,113,1371.74,417.23,124.10,353.17,0.8484,-1,-1,-1
454,114,590.94,366.73,318.71,656.14,0.6671,-1,-1,-1
454,116,1047.54,425.79,149.27,522.72,0.8125,-1,-1,-1
454,121,380.70,457.96,50.20,120.59,0.6090,-1,-1,-1
455,42,1149.94,413.68,259.04,657.16,0.6753,-1,-1,-1
455,75,243.31,512.57,90.22,141.15,0.8094,-1,-1,-1
455,85,420.09,451.78,38.87,118.84,0.5680,-1,-1,-1
455,88,827.60,419.77,72.52,260.32,0.6479,-1,-1,-1
455,100,794.44,442.46,51.65,196.62,0.3787,-1,-1,-1
455,103,502.43,433.79,111.99,289.86,0.6842,-1,-1,-1
455,111,998.95,447.04,28.85,77.48,0.4083,-1,-1,-1
455,113,1376.99,416.72,124.73,354.81,0.8565,-1,-1,-1
455,114,554.85,372.84,314.81,645.20,0.6920,-1,-1,-1
455,116,1050.79,424.33,152.47,524.81,0.7995,-1,-1,-1
455,121,381.07,457.86,50.04,120.52,0.6756,-1,-1,-1
456,42,1161.02,412.94,275.37,659.50,0.6844,-1,-1,-1
456,66,728.75,450.79,27.02,82.88,0.6672,-1,-1,-1
456,75,237.51,512.10,90.01,139.55,0.7560,-1,-1,-1
456,85,420.05,453.08,38.54,118.64,0.6058,-1,-1,-1
456,88,821.13,419.16,80.98,274.40,0.7707,-1,-1,-1
456,95,1844.16,480.78,65.29,172.24,0.3853,-1,-1,-1
456,111,1001.64,446.93,27.08,76.73,0.3682,-1,-1,-1
456,113,1381.40,417.59,125.34,356.61,0.8662,-1,-1,-1
456,114,514.22,385.26,318.73,646.56,0.6735,-1,-1,-1
456,116,1054.94,422.78,152.45,526.24,0.7809,-1,-1,-1
456,121,381.68,458.15,49.47,120.09,0.6538,-1,-1,-1
456,126,1063.63,438.11,34.79,121.48,0.4747,-1,-1,-1
457,42,1163.65,409.50,287.41,661.86,0.5315,-1,-1,-1
457,75,228.76,514.03,91.09,137.91,0.8383,-1,-1,-1
457,85,419.56,449.50,38.53,120.88,0.5698,-1,-1,-1
457,88,822.90,420.14,80.76,279.33,0.6583,-1,-1,-1
457,95,1842.61,481.07,65.81,172.40,0.4547,-1,-1,-1
457,97,684.29,417.79,76.68,232.71,0.5111,-1,-1,-1
457,100,797.05,445.34,55.26,231.19,0.3722,-1,-1,-1
457,110,1209.87,422.92,149.11,423.25,0.3983,-1,-1,-1
457,113,1384.13,419.64,125.80,359.24,0.8617,-1,-1,-1
457,114,470.42,391.29,324.16,648.32,0.6803,-1,-1,-1
457,116,1060.57,422.70,154.32,527.66,0.8086,-1,-1,-1
457,120,1883.58,394.78,36.64,238.33,0.3780,-1,-1,-1
457,121,382.34,458.07,49.22,119.97,0.6273,-1,-1,-1
457,126,1063.45,437.20,34.42,121.80,0.4661,-1,-1,-1
458,42,1162.78,410.85,297.29,661.15,0.7128,-1,-1,-1
458,75,220.29,513.98,92.15,136.81,0.8224,-1,-1,-1
458,85,418.60,448.81,38.66,122.19,0.5635,-1,-1,-1
458,88,817.08,416.63,85.18,284.58,0.6955,-1,-1,-1
458,95,1842.36,475.72,67.61,176.19,0.4707,-1,-1,-1
458,97,691.78,443.07,88.10,258.45,0.7464,-1,-1,-1
458,113,1389.57,420.75,128.89,362.23,0.8652,-1,-1,-1
458,114,411.47,394.20,338.17,656.75,0.6306,-1,-1,-1
458,116,1067.11,421.65,154.94,529.18,0.8262,-1,-1,-1
458,121,382.81,458.41,49.15,119.64,0.6224,-1,-1,-1
459,42,1161.78,408.80,303.22,662.24,0.7647,-1,-1,-1
459,75,211.54,516.85,93.41,137.09,0.7946,-1,-1,-1
459,88,822.89,416.76,82.32,285.92,0.7464,-1,-1,-1
459,95,1838.47,476.96,69.41,175.37,0.5259,-1,-1,-1
459,96,619.57,453.90,28.96,82.39,0.6082,-1,-1,-1
459,97,693.41,447.82,94.86,269.77,0.8392,-1,-1,-1
459,100,791.26,445.55,60.21,240.71,0.4743,-1,-1,-1
459,113,1396.39,421.61,135.22,365.69,0.8737,-1,-1,-1
459,114,367.11,389.35,351.11,665.14,0.6881,-1,-1,-1
459,116,1075.98,422.76,153.27,530.35,0.8459,-1,-1,-1
459,119,1698.37,428.97,91.15,155.74,0.3904,-1,-1,-1
459,121,382.74,458.49,49.54,119.43,0.7434,-1,-1,-1
460,42,1158.19,408.43,307.69,661.31,0.7534,-1,-1,-1
460,75,202.41,517.28,94.54,135.71,0.7567,-1,-1,-1
460,88,826.39,415.46,81.19,288.02,0.7448,-1,-1,-1
460,96,620.39,451.55,27.52,84.13,0.4701,-1,-1,-1
460,97,682.32,445.99,105.58,278.83,0.8915,-1,-1,-1
460,113,1405.03,422.11,144.98,368.65,0.8929,-1,-1,-1
460,114,333.93,385.94,359.33,673.84,0.7069,-1,-1,-1
460,116,1083.80,423.96,152.67,533.55,0.8285,-1,-1,-1
460,119,1698.94,429.54,89.06,155.00,0.4342,-1,-1,-1
460,120,1878.52,392.39,40.09,243.71,0.3778,-1,-1,-1
460,126,1058.06,439.86,35.16,111.31,0.4998,-1,-1,-1
461,42,1192.28,407.02,290.66,660.24,0.7570,-1,-1,-1
461,75,193.42,517.92,95.45,135.57,0.7500,-1,-1,-1
461,88,824.02,412.60,85.63,290.09,0.6831,-1,-1,-1
461,97,676.16,443.93,112.93,284.80,0.8957,-1,-1,-1
461,113,1408.87,423.68,151.55,371.01,0.9058,-1,-1,-1
461,114,291.77,375.78,359.95,671.44,0.5580,-1,-1,-1
461,116,1091.74,423.88,152.02,535.58,0.7962,-1,-1,-1
461,126,1056.46,441.68,35.22,107.58,0.4899,-1,-1,-1
462,42,1178.17,405.26,295.88,660.55,0.8110,-1,-1,-1
462,75,183.88,517.15,97.29,134.06,0.7449,-1,-1,-1
462,88,817.34,411.49,93.38,292.57,0.7759,-1,-1,-1
462,97,675.91,442.85,116.50,288.06,0.8839,-1,-1,-1
462,113,1411.09,424.05,156.28,373.74,0.8803,-1,-1,-1
462,116,1103.66,425.34,148.79,538.16,0.7868,-1,-1,-1
462,126,1054.55,443.46,37.24,115.50,0.5484,-1,-1,-1
462,127,589.91,434.20,51.45,129.93,0.4863,-1,-1,-1
462,128,777.25,442.66,45.85,143.97,0.6189,-1,-1,-1
463,42,1174.03,403.87,298.29,662.46,0.7945,-1,-1,-1
463,75,174.82,515.78,98.38,131.18,0.6259,-1,-1,-1
463,88,815.89,410.14,96.12,293.68,0.7382,-1,-1,-1
463,95,1841.60,480.24,67.22,173.91,0.3737,-1,-1,-1
463,97,677.91,442.01,117.55,289.53,0.8608,-1,-1,-1
463,103,574.06,428.95,95.08,283.76,0.4732,-1,-1,-1
463,113,1413.75,424.40,159.31,376.16,0.8932,-1,-1,-1
463,114,241.21,369.46,367.80,682.40,0.6850,-1,-1,-1
463,116,1109.00,424.12,146.49,540.84,0.7490,-1,-1,-1
463,120,1869.97,389.45,47.09,259.10,0.3845,-1,-1,-1
463,123,561.16,433.61,115.32,274.65,0.6728,-1,-1,-1
463,126,1051.85,441.07,40.74,125.47,0.4884,-1,-1,-1
463,128,777.79,441.94,43.04,142.76,0.6807,-1,-1,-1
464,42,1178.04,402.92,297.53,664.55,0.8563,-1,-1,-1
464,75,165.30,513.48,98.63,126.22,0.5999,-1,-1,-1
464,88,814.62,409.91,100.70,294.48,0.7593,-1,-1,-1
464,95,1842.78,480.23,64.94,172.68,0.3591,-1,-1,-1
464,97,683.84,440.30,114.99,291.07,0.8503,-1,-1,-1
464,113,1417.51,423.77,160.17,378.56,0.8842,-1,-1,-1
464,114,214.34,363.77,375.45,688.45,0.6127,-1,-1,-1
464,116,1116.19,423.45,147.86,543.70,0.7958,-1,-1,-1
464,120,1868.71,389.41,49.32,262.28,0.3736,-1,-1,-1
464,123,561.16,431.57,115.29,278.82,0.5419,-1,-1,-1
464,126,1051.37,439.77,41.44,128.41,0.5404,-1,-1,-1
464,128,777.20,441.11,42.69,144.12,0.7831,-1,-1,-1
464,130,1106.95,431.96,43.60,136.40,0.5060,-1,-1,-1
465,42,1183.73,402.84,294.06,666.45,0.8400,-1,-1,-1
465,88,816.50,409.29,102.94,295.14,0.7474,-1,-1,-1
465,97,695.03,439.38,108.30,291.80,0.8353,-1,-1,-1
465,113,1423.41,422.75,158.00,380.17,0.8696,-1,-1,-1
465,114,172.14,364.55,380.61,691.64,0.7001,-1,-1,-1
465,116,1121.61,420.69,146.75,544.52,0.8343,-1,-1,-1
465,123,556.55,430.98,117.92,281.87,0.8502,-1,-1,-1
465,126,1049.78,437.73,39.70,123.04,0.4188,-1,-1,-1
465,128,776.74,441.05,42.49,145.11,0.7399,-1,-1,-1
465,130,1107.69,433.45,43.32,140.06,0.5942,-1,-1,-1
465,131,511.99,445.26,84.31,187.95,0.5284,-1,-1,-1
466,42,1192.41,401.34,287.36,665.92,0.8112,-1,-1,-1
466,88,820.83,409.43,102.16,295.96,0.7420,-1,-1,-1
466,97,707.38,438.06,100.14,292.32,0.7744,-1,-1,-1
466,113,1429.84,421.29,154.43,381.81,0.8498,-1,-1,-1
466,114,153.68,366.20,399.31,693.54,0.5991,-1,-1,-1
466,116,1123.21,421.35,145.82,543.79,0.8497,-1,-1,-1
466,123,558.91,429.30,116.16,283.37,0.7978,-1,-1,-1
466,126,1047.75,439.24,41.58,125.37,0.4439,-1,-1,-1
466,128,776.54,443.20,41.48,143.92,0.5766,-1,-1,-1
466,130,1104.82,434.04,45.84,149.11,0.5916,-1,-1,-1
466,131,503.48,451.91,85.01,200.47,0.7037,-1,-1,-1
467,42,1206.98,398.71,277.60,666.24,0.7843,-1,-1,-1
467,88,826.18,409.27,99.49,296.04,0.7833,-1,-1,-1
467,97,721.12,437.63,95.28,292.91,0.8009,-1,-1,-1
467,111,1000.27,447.65,24.35,74.56,0.4763,-1,-1,-1
467,113,1442.01,419.54,146.19,382.79,0.8742,-1,-1,-1
467,114,111.66,368.09,411.79,692.14,0.5742,-1,-1,-1
467,116,1126.33,423.60,147.34,548.95,0.8215,-1,-1,-1
467,123,564.04,427.66,112.66,284.65,0.7773,-1,-1,-1
467,126,1045.84,439.74,43.09,125.93,0.5366,-1,-1,-1
467,130,1101.96,432.99,47.91,154.65,0.5257,-1,-1,-1
467,131,497.93,461.45,83.02,196.46,0.7148,-1,-1,-1
468,42,1226.00,399.38,268.02,665.83,0.7850,-1,-1,-1
468,88,828.13,408.98,97.84,296.12,0.7789,-1,-1,-1
468,97,728.78,434.39,91.83,295.03,0.8220,-1,-1,-1
468,111,1000.25,447.94,23.22,73.57,0.4306,-1,-1,-1
468,113,1453.04,418.35,138.30,384.10,0.8502,-1,-1,-1
468,114,92.77,372.45,406.26,688.93,0.6780,-1,-1,-1
468,116,1126.32,426.13,150.97,554.31,0.8403,-1,-1,-1
468,123,567.29,427.38,109.81,285.17,0.7998,-1,-1,-1
468,126,1044.42,440.53,45.27,127.65,0.5585,-1,-1,-1
468,130,1101.89,432.95,48.24,157.64,0.6625,-1,-1,-1
468,131,492.30,462.59,81.75,191.69,0.7236,-1,-1,-1
469,42,1244.11,403.70,259.21,664.86,0.7591,-1,-1,-1
469,88,830.88,408.31,96.82,295.86,0.7857,-1,-1,-1
469,97,734.87,435.29,89.59,295.07,0.8220,-1,-1,-1
469,99,562.34,451.56,28.45,73.92,0.3566,-1,-1,-1
469,111,999.67,448.20,23.37,73.12,0.4316,-1,-1,-1
469,112,423.94,503.79,58.90,113.55,0.3735,-1,-1,-1
469,113,1461.36,416.23,129.47,385.24,0.8251,-1,-1,-1
469,114,57.14,377.88,407.50,686.71,0.8080,-1,-1,-1
469,116,1124.68,427.49,155.34,560.22,0.8804,-1,-1,-1
469,121,373.28,456.29,52.27,120.00,0.4127,-1,-1,-1
469,123,571.33,428.26,106.85,284.82,0.7868,-1,-1,-1
469,126,1042.23,440.49,47.04,127.84,0.4367,-1,-1,-1
469,130,1101.86,432.30,48.38,159.77,0.6834,-1,-1,-1
469,131,490.14,465.01,79.32,188.22,0.7104,-1,-1,-1
469,133,464.13,456.74,31.14,64.22,0.3734,-1,-1,-1
470,42,1261.11,401.64,254.67,666.07,0.7256,-1,-1,-1
470,88,831.66,407.48,95.40,295.48,0.7901,-1,-1,-1
470,97,740.30,435.50,90.39,295.42,0.7965,-1,-1,-1
470,99,562.53,451.73,29.48,76.32,0.5101,-1,-1,-1
470,113,1475.11,413.75,126.89,387.53,0.8569,-1,-1,-1
470,114,36.87,382.72,405.24,681.02,0.7019,-1,-1,-1
470,116,1128.38,428.83,157.63,567.63,0.8489,-1,-1,-1
470,121,377.47,458.49,48.42,116.41,0.4085,-1,-1,-1
470,123,575.91,427.38,103.68,285.44,0.6976,-1,-1,-1
470,126,1043.43,440.82,46.98,128.45,0.5212,-1,-1,-1
470,130,1102.03,431.86,47.98,160.70,0.6267,-1,-1,-1
470,131,485.35,469.85,77.97,186.52,0.5753,-1,-1,-1
470,133,464.25,455.54,31.52,62.20,0.3967,-1,-1,-1
471,42,1278.51,400.31,249.08,667.67,0.7964,-1,-1,-1
471,88,832.65,408.85,94.62,295.68,0.8010,-1,-1,-1
471,97,745.87,435.39,93.68,295.94,0.8244,-1,-1,-1
471,99,562.71,452.36,29.32,77.68,0.4952,-1,-1,-1
471,112,413.18,479.30,61.97,139.46,0.5361,-1,-1,-1
471,113,1483.20,411.88,122.38,389.01,0.8531,-1,-1,-1
471,114,11.29,388.00,403.77,675.91,0.7646,-1,-1,-1
471,116,1134.05,428.47,159.92,573.14,0.8517,-1,-1,-1
471,123,579.64,426.77,100.57,285.82,0.7108,-1,-1,-1
471,126,1044.85,441.50,47.14,129.91,0.4384,-1,-1,-1
471,130,1101.34,431.16,48.26,161.74,0.6834,-1,-1,-1
471,131,475.70,466.82,80.19,189.34,0.6928,-1,-1,-1
472,42,1295.36,397.76,243.09,667.50,0.7177,-1,-1,-1
472,88,833.22,408.71,94.71,295.97,0.7879,-1,-1,-1
472,97,749.55,436.39,97.09,295.02,0.8238,-1,-1,-1
472,99,562.90,452.18,28.93,77.56,0.5743,-1,-1,-1
472,113,1490.55,411.21,119.70,390.52,0.8472,-1,-1,-1
472,114,-9.55,393.52,401.58,669.76,0.7409,-1,-1,-1
472,115,529.05,460.30,25.78,65.44,0.4911,-1,-1,-1
472,116,1138.09,426.71,160.64,576.90,0.8498,-1,-1,-1
472,120,1865.43,383.39,53.51,271.71,0.4025,-1,-1,-1
472,123,584.61,427.29,98.97,285.36,0.7184,-1,-1,-1
472,126,1042.15,439.38,45.76,126.14,0.3683,-1,-1,-1
472,130,1099.78,429.71,48.64,163.31,0.6319,-1,-1,-1
472,131,471.01,465.46,80.79,191.92,0.4430,-1,-1,-1
473,42,1307.83,399.15,238.13,668.99,0.7868,-1,-1,-1
473,88,834.05,408.50,95.40,296.57,0.7931,-1,-1,-1
473,95,1845.53,477.96,63.00,174.37,0.3952,-1,-1,-1
473,97,751.51,436.42,101.34,293.58,0.8451,-1,-1,-1
473,99,563.05,452.04,28.44,77.45,0.6077,-1,-1,-1
473,113,1496.52,411.56,118.17,391.43,0.8431,-1,-1,-1
473,114,-21.67,396.51,392.06,666.33,0.6052,-1,-1,-1
473,115,528.76,460.81,26.45,68.12,0.5361,-1,-1,-1
473,116,1138.92,425.24,162.09,580.28,0.8611,-1,-1,-1
473,123,592.40,427.82,98.36,285.18,0.7701,-1,-1,-1
473,130,1101.25,429.57,47.43,163.11,0.6231,-1,-1,-1
473,131,463.77,465.55,81.57,189.52,0.5714,-1,-1,-1
474,42,1319.50,398.25,232.36,669.64,0.8570,-1,-1,-1
474,88,832.48,407.05,92.25,295.93,0.7710,-1,-1,-1
474,95,1846.26,477.15,62.36,175.71,0.3532,-1,-1,-1
474,97,751.23,437.50,102.81,293.22,0.8249,-1,-1,-1
474,99,564.32,451.97,27.68,77.56,0.6049,-1,-1,-1
474,110,1276.40,443.18,110.74,483.09,0.3716,-1,-1,-1
474,113,1503.57,411.09,119.62,391.65,0.8445,-1,-1,-1
474,114,-28.23,397.87,377.83,661.80,0.5723,-1,-1,-1
474,115,529.33,460.82,25.78,68.41,0.5398,-1,-1,-1
474,116,1142.45,424.09,161.92,583.06,0.8644,-1,-1,-1
474,120,1864.72,383.34,54.64,270.97,0.3802,-1,-1,-1
474,123,598.62,428.23,95.99,284.49,0.7520,-1,-1,-1
474,130,1099.42,429.46,47.99,164.05,0.5531,-1,-1,-1
474,131,454.88,467.27,83.23,191.24,0.6169,-1,-1,-1
475,42,1328.91,398.42,227.54,670.80,0.8751,-1,-1,-1
475,66,731.66,451.51,23.82,74.97,0.3767,-1,-1,-1
475,88,833.82,407.61,89.52,295.72,0.7878,-1,-1,-1
475,97,750.39,438.09,103.72,292.91,0.8239,-1,-1,-1
475,99,565.49,452.03,27.13,77.56,0.5933,-1,-1,-1
475,102,888.91,432.82,76.78,240.07,0.3888,-1,-1,-1
475,113,1510.68,411.04,122.46,392.00,0.8649,-1,-1,-1
475,114,-26.64,391.92,368.78,652.60,0.5420,-1,-1,-1
475,115,529.40,461.01,25.52,69.31,0.6556,-1,-1,-1
475,116,1147.27,421.57,162.65,585.24,0.8534,-1,-1,-1
475,123,609.32,429.17,90.61,283.23,0.7699,-1,-1,-1
475,126,1036.61,435.21,43.67,118.16,0.3981,-1,-1,-1
475,130,1092.30,427.55,52.56,166.07,0.6365,-1,-1,-1
475,131,448.28,470.18,84.18,191.67,0.5496,-1,-1,-1
476,42,1334.75,397.55,223.40,671.79,0.8832,-1,-1,-1
476,66,731.66,451.94,24.11,74.84,0.4090,-1,-1,-1
476,88,835.70,407.31,88.71,296.01,0.7783,-1,-1,-1
476,97,749.62,437.12,104.98,293.79,0.8146,-1,-1,-1
476,99,565.99,452.34,26.51,77.64,0.5960,-1,-1,-1
476,113,1519.43,411.06,130.69,393.59,0.8883,-1,-1,-1
476,114,-25.01,395.95,360.03,658.37,0.6318,-1,-1,-1
476,115,529.39,460.90,25.49,69.66,0.6661,-1,-1,-1
476,116,1152.20,419.53,164.62,587.30,0.8657,-1,-1,-1
476,123,607.37,431.20,92.28,281.09,0.7775,-1,-1,-1
476,130,1090.95,427.45,54.65,166.82,0.5943,-1,-1,-1
476,131,441.47,471.15,84.85,188.74,0.5226,-1,-1,-1
477,42,1339.85,396.55,220.33,673.27,0.8618,-1,-1,-1
477,88,835.88,406.67,87.86,296.30,0.7779,-1,-1,-1
477,95,1845.76,474.59,62.27,177.86,0.4437,-1,-1,-1
477,97,749.78,436.12,106.71,293.56,0.8407,-1,-1,-1
477,99,566.67,453.11,25.97,77.62,0.5669,-1,-1,-1
477,102,899.56,432.76,85.57,241.01,0.4727,-1,-1,-1
477,113,1528.12,411.39,142.95,397.36,0.8958,-1,-1,-1
477,114,-33.60,396.02,336.12,662.81,0.7126,-1,-1,-1
477,115,529.24,461.23,25.56,69.91,0.6230,-1,-1,-1
477,116,1155.41,418.55,165.85,588.44,0.8660,-1,-1,-1
477,123,612.04,431.59,91.41,279.24,0.7238,-1,-1,-1
477,130,1090.87,427.11,56.37,168.08,0.6608,-1,-1,-1
477,131,435.44,472.64,84.32,189.85,0.6360,-1,-1,-1
478,42,1342.18,393.54,219.49,673.16,0.8520,-1,-1,-1
478,66,730.51,452.32,24.93,77.07,0.4003,-1,-1,-1
478,88,836.91,406.63,86.70,296.26,0.7752,-1,-1,-1
478,97,750.60,434.40,107.27,293.83,0.8451,-1,-1,-1
478,99,566.31,453.54,25.76,77.78,0.6019,-1,-1,-1
478,102,900.08,430.44,91.53,243.26,0.3585,-1,-1,-1
478,113,1535.60,412.09,156.76,399.99,0.8981,-1,-1,-1
478,114,-49.17,395.36,293.05,664.88,0.4606,-1,-1,-1
478,115,529.20,461.66,25.43,69.78,0.6491,-1,-1,-1
478,116,1158.23,418.67,166.27,588.99,0.8675,-1,-1,-1
478,123,619.01,433.11,89.78,276.52,0.6893,-1,-1,-1
478,130,1089.71,427.12,57.60,168.81,0.6814,-1,-1,-1
478,131,426.87,475.22,85.34,190.45,0.7400,-1,-1,-1
479,42,1345.21,392.96,220.31,673.37,0.8604,-1,-1,-1
479,66,730.12,451.85,25.36,78.59,0.4760,-1,-1,-1
479,88,839.65,406.69,86.84,296.49,0.7909,-1,-1,-1
479,95,1838.71,475.09,65.77,177.52,0.3893,-1,-1,-1
479,97,755.49,431.51,108.03,295.64,0.8086,-1,-1,-1
479,99,566.46,453.94,25.49,77.70,0.5947,-1,-1,-1
479,102,903.62,428.41,94.63,245.09,0.4353,-1,-1,-1
479,113,1542.37,412.13,169.78,403.42,0.8925,-1,-1,-1
479,114,-31.87,384.50,283.45,658.00,0.5285,-1,-1,-1
479,115,529.61,461.73,25.22,69.47,0.6758,-1,-1,-1
479,116,1163.51,418.68,167.57,589.19,0.8879,-1,-1,-1
479,123,626.25,430.49,88.52,275.89,0.6979,-1,-1,-1
479,130,1088.92,426.91,58.99,169.53,0.6051,-1,-1,-1
479,131,418.50,477.90,86.55,192.70,0.4951,-1,-1,-1
480,42,1351.05,393.44,224.43,674.70,0.8789,-1,-1,-1
480,66,729.98,451.65,25.42,79.29,0.5302,-1,-1,-1
480,88,839.66,406.99,85.57,296.49,0.7750,-1,-1,-1
480,95,1833.41,475.44,68.81,176.71,0.4031,-1,-1,-1
480,97,762.32,430.43,107.24,295.92,0.7868,-1,-1,-1
480,99,565.99,454.63,25.61,77.55,0.5999,-1,-1,-1
480,102,906.38,431.34,98.01,245.46,0.7057,-1,-1,-1
480,110,1319.84,422.96,101.75,506.10,0.3582,-1,-1,-1
480,113,1547.27,413.64,181.07,406.57,0.8935,-1,-1,-1
480,114,-35.64,395.31,257.75,660.28,0.3728,-1,-1,-1
480,115,530.49,461.47,24.61,69.19,0.6189,-1,-1,-1
480,116,1168.99,418.05,167.12,589.45,0.8716,-1,-1,-1
480,123,630.24,435.44,88.12,272.62,0.6634,-1,-1,-1
480,130,1091.73,425.83,58.51,168.41,0.6748,-1,-1,-1
480,131,413.25,478.02,86.56,190.50,0.4836,-1,-1,-1
481,42,1358.39,394.00,230.56,675.91,0.8576,-1,-1,-1
481,66,729.45,451.38,25.65,79.83,0.5302,-1,-1,-1
481,88,841.47,407.65,85.63,296.09,0.8045,-1,-1,-1
481,97,768.79,430.58,105.33,292.74,0.7889,-1,-1,-1
481,99,566.42,454.09,25.46,77.41,0.6125,-1,-1,-1
481,102,906.57,433.31,100.19,245.25,0.8285,-1,-1,-1
481,110,1325.70,416.16,100.16,516.89,0.5606,-1,-1,-1
481,113,1551.55,414.72,188.96,408.76,0.8993,-1,-1,-1
481,114,-27.76,404.34,245.26,658.10,0.5313,-1,-1,-1
481,115,531.29,461.58,24.19,68.99,0.6603,-1,-1,-1
481,116,1173.45,416.20,165.35,590.06,0.8528,-1,-1,-1
481,123,632.72,432.27,86.38,267.78,0.6894,-1,-1,-1
481,130,1092.64,426.26,58.42,168.44,0.6784,-1,-1,-1
481,131,405.98,478.49,86.81,191.39,0.6524,-1,-1,-1
481,134,750.26,446.85,35.01,81.39,0.3798,-1,-1,-1
482,42,1363.07,395.24,236.55,675.27,0.8019,-1,-1,-1
482,66,729.54,451.34,25.43,80.17,0.5742,-1,-1,-1
482,88,843.13,406.96,84.20,294.49,0.8196,-1,-1,-1
482,97,777.41,429.47,101.88,292.80,0.7389,-1,-1,-1
482,99,566.87,455.41,25.21,76.74,0.5976,-1,-1,-1
482,102,907.41,434.72,101.14,245.04,0.8090,-1,-1,-1
482,110,1330.60,418.69,99.48,531.12,0.5965,-1,-1,-1
482,113,1555.11,414.63,193.27,410.87,0.8835,-1,-1,-1
482,114,-34.18,425.03,217.91,649.67,0.4062,-1,-1,-1
482,115,531.91,461.42,23.91,68.77,0.6668,-1,-1,-1
482,116,1177.46,415.07,162.83,589.87,0.8230,-1,-1,-1
482,123,635.19,431.62,86.16,269.00,0.7862,-1,-1,-1
482,130,1094.23,427.44,58.07,167.35,0.6041,-1,-1,-1
482,131,397.46,480.10,89.07,194.53,0.6778,-1,-1,-1
482,134,749.40,448.65,34.82,83.58,0.4533,-1,-1,-1
483,42,1367.09,395.83,243.78,676.12,0.8417,-1,-1,-1
483,66,729.36,451.37,25.10,80.18,0.4635,-1,-1,-1
483,88,845.17,406.77,81.40,292.71,0.8074,-1,-1,-1
483,97,788.08,428.61,96.24,293.82,0.7471,-1,-1,-1
483,99,567.60,455.73,24.91,76.69,0.6133,-1,-1,-1
483,102,908.45,431.82,100.95,246.55,0.7027,-1,-1,-1
483,110,1334.53,412.28,97.27,532.18,0.6744,-1,-1,-1
483,113,1557.96,416.11,191.28,412.82,0.8545,-1,-1,-1
483,115,532.07,461.00,23.80,68.75,0.6629,-1,-1,-1
483,116,1182.35,414.90,160.84,589.32,0.8337,-1,-1,-1
483,123,639.56,430.97,86.72,269.05,0.8321,-1,-1,-1
483,130,1095.74,427.79,57.33,166.69,0.6397,-1,-1,-1
483,131,390.57,478.41,90.69,197.00,0.5176,-1,-1,-1
483,134,747.76,448.88,35.71,88.32,0.4909,-1,-1,-1
483,136,709.54,477.27,26.37,59.98,0.3799,-1,-1,-1
483,137,1162.75,438.92,27.11,90.11,0.4382,-1,-1,-1
484,42,1371.66,395.34,250.15,677.28,0.8419,-1,-1,-1
484,88,850.30,406.99,78.25,291.64,0.7544,-1,-1,-1
484,95,1827.54,472.27,60.26,170.45,0.3671,-1,-1,-1
484,97,794.97,430.04,92.12,292.38,0.7444,-1,-1,-1
484,99,567.88,454.43,25.66,77.26,0.6791,-1,-1,-1
484,102,907.17,444.25,100.70,239.28,0.6972,-1,-1,-1
484,110,1338.59,411.90,95.41,533.47,0.6796,-1,-1,-1
484,113,1564.68,416.88,189.42,416.78,0.8456,-1,-1,-1
484,115,532.23,460.70,23.65,68.43,0.6048,-1,-1,-1
484,116,1187.52,414.94,159.36,587.10,0.8495,-1,-1,-1
484,123,642.85,430.19,88.41,268.76,0.8075,-1,-1,-1
484,126,1035.00,441.92,37.00,97.73,0.3916,-1,-1,-1
484,130,1094.24,427.80,58.27,166.42,0.3539,-1,-1,-1
484,131,382.94,476.90,91.67,197.61,0.6474,-1,-1,-1
484,134,743.75,453.04,40.80,108.52,0.5805,-1,-1,-1
484,137,1162.64,438.61,27.75,90.71,0.4625,-1,-1,-1
485,42,1373.46,394.41,255.33,678.57,0.8352,-1,-1,-1
485,88,854.90,407.08,75.53,289.53,0.6913,-1,-1,-1
485,97,800.04,431.21,88.15,292.73,0.7439,-1,-1,-1
485,99,567.91,453.87,26.22,77.51,0.6651,-1,-1,-1
485,102,903.00,442.00,102.93,240.06,0.7645,-1,-1,-1
485,110,1342.69,411.53,94.63,532.91,0.6940,-1,-1,-1
485,113,1573.12,416.24,185.18,420.48,0.8617,-1,-1,-1
485,115,532.36,460.88,23.58,68.30,0.5768,-1,-1,-1
485,116,1192.69,417.75,158.87,587.11,0.8701,-1,-1,-1
485,123,647.30,429.17,91.94,269.23,0.7955,-1,-1,-1
485,130,1092.42,427.97,59.84,166.16,0.3666,-1,-1,-1
485,131,374.51,478.28,90.58,197.29,0.6624,-1,-1,-1
485,134,741.93,452.72,42.74,119.73,0.4513,-1,-1,-1
485,137,1162.33,438.70,27.78,90.20,0.4316,-1,-1,-1
486,42,1375.03,394.01,260.74,679.01,0.8423,-1,-1,-1
486,88,858.29,407.49,70.93,288.89,0.6344,-1,-1,-1
486,95,1839.39,477.37,61.63,172.38,0.3795,-1,-1,-1
486,97,806.12,432.02,89.66,292.34,0.8035,-1,-1,-1
486,99,568.06,452.46,26.69,78.45,0.7157,-1,-1,-1
486,102,901.33,438.83,105.09,244.14,0.8494,-1,-1,-1
486,110,1346.28,412.17,95.25,532.51,0.6669,-1,-1,-1
486,111,995.96,447.47,25.48,74.10,0.4324,-1,-1,-1
486,113,1579.10,414.78,182.05,423.98,0.8736,-1,-1,-1
486,115,532.49,459.41,23.59,69.75,0.5908,-1,-1,-1
486,116,1199.96,418.89,161.11,587.12,0.8540,-1,-1,-1
486,123,651.03,428.16,96.30,270.27,0.8583,-1,-1,-1
486,126,1034.59,443.96,30.50,89.35,0.3596,-1,-1,-1
486,130,1094.24,427.22,60.06,165.93,0.5537,-1,-1,-1
486,131,364.87,478.47,92.11,197.85,0.6864,-1,-1,-1
486,134,740.71,450.17,43.42,127.39,0.5786,-1,-1,-1
486,137,1161.44,438.80,28.15,90.11,0.4036,-1,-1,-1
487,42,1371.39,392.56,261.18,678.39,0.7253,-1,-1,-1
487,88,863.45,407.72,65.71,287.85,0.5415,-1,-1,-1
487,97,811.97,433.12,95.01,291.42,0.7185,-1,-1,-1
487,99,567.68,452.31,28.10,78.58,0.6811,-1,-1,-1
487,102,901.68,436.86,107.22,245.81,0.7214,-1,-1,-1
487,110,1349.73,412.02,95.86,528.10,0.6389,-1,-1,-1
487,111,995.72,448.07,25.57,73.51,0.4090,-1,-1,-1
487,113,1586.30,413.83,176.92,426.40,0.8665,-1,-1,-1
487,115,532.77,460.36,23.36,69.95,0.6093,-1,-1,-1
487,116,1204.95,419.57,165.55,587.10,0.8818,-1,-1,-1
487,123,653.24,427.69,100.28,270.80,0.8620,-1,-1,-1
487,126,1035.26,445.87,28.47,85.32,0.3576,-1,-1,-1
487,130,1094.36,426.70,60.43,165.96,0.6626,-1,-1,-1
487,131,352.92,476.73,95.01,195.88,0.5865,-1,-1,-1
487,134,739.64,448.13,43.09,131.34,0.5072,-1,-1,-1
487,137,1161.60,438.87,27.85,89.35,0.4779,-1,-1,-1
487,140,1.81,535.52,98.19,314.29,0.4309,-1,-1,-1
488,42,1377.01,396.48,271.78,677.01,0.7057,-1,-1,-1
488,85,418.52,459.16,41.25,114.46,0.3677,-1,-1,-1
488,88,867.86,400.61,61.50,278.21,0.4866,-1,-1,-1
488,97,816.07,432.14,102.62,292.87,0.7862,-1,-1,-1
488,99,567.18,451.74,29.14,78.67,0.6547,-1,-1,-1
488,102,908.82,439.72,103.27,242.84,0.7774,-1,-1,-1
488,110,1351.98,411.55,97.32,526.03,0.6995,-1,-1,-1
488,111,995.84,448.11,25.36,73.46,0.3584,-1,-1,-1
488,113,1594.51,412.36,172.23,428.79,0.8729,-1,-1,-1
488,115,532.92,461.22,23.31,69.90,0.5740,-1,-1,-1
488,116,1206.36,419.24,167.75,586.90,0.8641,-1,-1,-1
488,123,654.11,428.24,104.09,270.38,0.8659,-1,-1,-1
488,131,342.92,478.69,97.74,198.03,0.6171,-1,-1,-1
488,134,738.30,444.37,42.11,130.51,0.4755,-1,-1,-1
488,137,1162.15,439.26,27.71,89.12,0.4984,-1,-1,-1
488,139,1110.64,428.98,44.87,160.23,0.5404,-1,-1,-1
489,42,1376.12,396.94,279.13,676.41,0.6568,-1,-1,-1
489,75,-5.22,533.04,71.49,136.25,0.6136,-1,-1,-1
489,85,419.55,460.18,41.02,111.08,0.4906,-1,-1,-1
489,95,1842.32,479.72,63.19,172.42,0.3548,-1,-1,-1
489,97,817.94,430.20,110.89,294.66,0.8057,-1,-1,-1
489,99,567.69,451.68,29.31,78.56,0.6707,-1,-1,-1
489,110,1354.63,410.44,101.29,525.60,0.6906,-1,-1,-1
489,111,996.21,447.34,24.86,74.09,0.3768,-1,-1,-1
489,113,1601.63,410.29,165.37,431.36,0.8428,-1,-1,-1
489,115,533.41,461.68,23.47,69.71,0.5790,-1,-1,-1
489,116,1208.67,418.26,170.83,588.88,0.8652,-1,-1,-1
489,119,1695.53,432.75,90.66,198.84,0.4760,-1,-1,-1
489,123,653.68,430.02,107.95,269.74,0.8620,-1,-1,-1
489,126,1034.58,447.15,28.69,84.35,0.4299,-1,-1,-1
489,131,329.82,480.11,102.55,201.23,0.7310,-1,-1,-1
489,137,1162.59,439.46,27.31,88.44,0.4625,-1,-1,-1
489,139,1112.34,429.31,44.04,159.37,0.6161,-1,-1,-1
490,42,1363.36,396.79,264.29,674.35,0.5397,-1,-1,-1
490,75,-6.39,532.90,61.04,130.95,0.4129,-1,-1,-1
490,85,417.36,459.76,41.67,111.96,0.4406,-1,-1,-1
490,97,816.98,433.63,117.41,292.27,0.8408,-1,-1,-1
490,99,568.22,451.23,28.80,78.84,0.6772,-1,-1,-1
490,110,1356.80,412.31,106.06,527.63,0.6891,-1,-1,-1
490,111,996.32,447.43,24.64,74.15,0.3782,-1,-1,-1
490,113,1606.64,408.71,159.98,433.83,0.8540,-1,-1,-1
490,115,533.94,461.86,23.55,69.20,0.5825,-1,-1,-1
490,116,1211.19,418.87,175.09,590.05,0.8698,-1,-1,-1
490,119,1698.67,429.72,86.85,200.53,0.3960,-1,-1,-1
490,123,654.18,431.19,111.08,269.98,0.8577,-1,-1,-1
490,126,1034.21,448.17,28.85,82.89,0.5102,-1,-1,-1
490,131,320.22,480.33,105.69,201.92,0.6832,-1,-1,-1
490,134,735.46,442.48,41.13,131.29,0.5389,-1,-1,-1
490,137,1162.79,439.65,27.10,88.19,0.4543,-1,-1,-1
490,139,1113.22,428.73,44.14,158.23,0.4800,-1,-1,-1
490,141,932.64,440.96,78.59,236.87,0.7679,-1,-1,-1
491,42,1361.89,396.31,252.65,672.91,0.4588,-1,-1,-1
491,85,416.97,461.07,41.70,111.53,0.4684,-1,-1,-1
491,97,816.81,437.21,122.99,289.70,0.8222,-1,-1,-1
491,99,569.22,451.43,28.71,78.50,0.6966,-1,-1,-1
491,110,1361.48,412.26,109.91,528.06,0.6869,-1,-1,-1
491,113,1613.78,406.37,154.09,435.93,0.8379,-1,-1,-1
491,115,534.95,462.12,23.61,68.79,0.5603,-1,-1,-1
491,116,1212.31,418.22,179.46,591.21,0.8916,-1,-1,-1
491,123,653.63,433.08,113.69,269.93,0.8597,-1,-1,-1
491,126,1033.48,448.70,28.78,81.06,0.4348,-1,-1,-1
491,131,314.88,480.74,106.26,204.35,0.7701,-1,-1,-1
491,134,733.37,442.93,40.83,132.25,0.6634,-1,-1,-1
491,137,1163.02,439.87,26.79,87.66,0.4820,-1,-1,-1
491,139,1113.45,428.77,44.07,159.42,0.5969,-1,-1,-1
491,141,946.85,436.65,74.85,238.47,0.8001,-1,-1,-1
492,42,1366.77,394.54,251.27,672.53,0.4648,-1,-1,-1
492,75,-10.14,554.97,49.21,130.84,0.5964,-1,-1,-1
492,85,416.39,461.10,41.76,111.05,0.4687,-1,-1,-1
492,97,815.20,432.11,128.14,292.58,0.8109,-1,-1,-1
492,99,569.54,452.78,27.97,78.18,0.6738,-1,-1,-1
492,110,1366.14,412.39,112.55,528.75,0.6171,-1,-1,-1
492,113,1620.17,405.09,148.62,438.72,0.8280,-1,-1,-1
492,115,535.03,462.08,23.72,68.15,0.6635,-1,-1,-1
492,116,1212.11,415.78,184.23,592.55,0.8891,-1,-1,-1
492,119,1708.98,428.72,83.79,198.65,0.3836,-1,-1,-1
492,123,654.58,432.88,115.16,269.59,0.8362,-1,-1,-1
492,126,1033.38,448.08,29.37,81.29,0.5282,-1,-1,-1
492,130,1091.09,426.53,65.60,169.34,0.4278,-1,-1,-1
492,131,307.91,480.70,106.28,206.43,0.6634,-1,-1,-1
492,134,731.25,443.13,40.05,133.19,0.6573,-1,-1,-1
492,137,1163.16,439.84,26.62,87.41,0.4098,-1,-1,-1
492,139,1113.51,429.03,44.60,160.50,0.5735,-1,-1,-1
492,141,955.76,433.36,75.78,242.89,0.8083,-1,-1,-1
493,42,1406.88,392.19,232.26,673.46,0.4020,-1,-1,-1
493,85,416.40,460.39,41.19,111.11,0.5435,-1,-1,-1
493,97,814.07,424.23,132.02,298.26,0.6798,-1,-1,-1
493,99,570.40,452.98,27.52,78.13,0.7034,-1,-1,-1
493,110,1403.30,411.90,154.95,597.69,0.5960,-1,-1,-1
493,113,1628.55,406.34,148.69,442.33,0.8430,-1,-1,-1
493,115,534.91,462.17,23.92,67.68,0.6934,-1,-1,-1
493,116,1212.07,415.59,188.47,592.71,0.8837,-1,-1,-1
493,123,655.48,435.80,116.27,268.08,0.8217,-1,-1,-1
493,126,1033.48,447.82,29.53,81.61,0.5501,-1,-1,-1
493,131,302.37,479.46,105.43,205.64,0.6566,-1,-1,-1
493,134,728.93,442.81,39.63,134.12,0.6525,-1,-1,-1
493,135,1372.30,404.91,117.48,563.24,0.7326,-1,-1,-1
493,137,1163.25,439.82,26.33,87.06,0.3704,-1,-1,-1
493,139,1112.82,428.78,45.14,161.08,0.6258,-1,-1,-1
493,141,958.44,434.60,72.82,240.94,0.7415,-1,-1,-1
494,42,1397.09,389.77,244.04,675.91,0.5327,-1,-1,-1
494,85,416.52,460.73,40.90,110.69,0.5045,-1,-1,-1
494,97,822.94,430.71,128.81,295.43,0.6364,-1,-1,-1
494,99,570.87,453.07,27.09,78.44,0.7005,-1,-1,-1
494,113,1632.65,404.98,147.79,440.58,0.7560,-1,-1,-1
494,115,534.78,462.28,24.25,67.30,0.7023,-1,-1,-1
494,116,1212.45,414.53,193.93,593.09,0.8755,-1,-1,-1
494,121,382.15,460.87,48.78,114.74,0.4485,-1,-1,-1
494,123,657.77,435.79,115.65,267.75,0.8375,-1,-1,-1
494,126,1033.41,446.39,29.19,82.03,0.4212,-1,-1,-1
494,130,1089.01,426.07,68.32,167.90,0.3957,-1,-1,-1
494,131,293.77,479.23,102.91,207.03,0.7386,-1,-1,-1
494,134,729.54,442.14,38.94,133.43,0.5899,-1,-1,-1
494,135,1377.07,406.83,118.96,557.42,0.6693,-1,-1,-1
494,137,1163.26,440.03,26.14,86.84,0.4617,-1,-1,-1
494,139,1110.77,427.91,46.78,161.49,0.5530,-1,-1,-1
494,141,963.01,438.13,76.44,240.90,0.6644,-1,-1,-1
494,144,1184.67,451.18,31.65,80.51,0.3686,-1,-1,-1
495,42,1393.76,386.84,252.84,679.75,0.6812,-1,-1,-1
495,85,418.94,462.12,39.59,109.48,0.5113,-1,-1,-1
495,96,630.67,453.68,28.21,87.74,0.5215,-1,-1,-1
495,97,839.02,431.91,119.45,294.75,0.7005,-1,-1,-1
495,99,570.74,452.82,27.45,79.14,0.7163,-1,-1,-1
495,113,1639.46,396.77,147.83,429.70,0.7632,-1,-1,-1
495,115,534.91,462.38,24.54,67.61,0.6586,-1,-1,-1
495,116,1213.87,414.52,198.93,593.50,0.8532,-1,-1,-1
495,121,382.11,463.64,48.78,112.86,0.5268,-1,-1,-1
495,123,657.25,433.71,115.24,268.53,0.8321,-1,-1,-1
495,126,1032.38,445.99,29.09,82.35,0.3644,-1,-1,-1
495,131,285.23,479.79,104.00,208.42,0.6137,-1,-1,-1
495,134,729.25,443.88,38.02,132.47,0.3502,-1,-1,-1
495,135,1379.73,401.63,122.53,545.93,0.6184,-1,-1,-1
495,137,1163.08,439.94,25.93,86.61,0.4446,-1,-1,-1
495,139,1107.25,426.37,49.39,162.75,0.5993,-1,-1,-1
495,141,969.52,434.32,82.68,246.14,0.7542,-1,-1,-1
495,144,1183.13,451.88,29.34,78.78,0.4690,-1,-1,-1
496,42,1400.92,384.99,257.94,683.45,0.6351,-1,-1,-1
496,85,419.82,463.09,38.93,108.27,0.5378,-1,-1,-1
496,96,631.26,454.64,27.69,87.42,0.5854,-1,-1,-1
496,97,832.03,435.15,121.51,292.63,0.7814,-1,-1,-1
496,99,569.71,452.05,27.75,79.78,0.7154,-1,-1,-1
496,110,1487.13,412.24,165.54,635.58,0.3934,-1,-1,-1
496,113,1643.87,395.14,146.96,422.26,0.8103,-1,-1,-1
496,115,534.89,462.41,24.44,67.43,0.6998,-1,-1,-1
496,116,1212.96,416.14,200.74,593.39,0.8729,-1,-1,-1
496,121,381.96,464.38,48.83,111.64,0.5099,-1,-1,-1
496,123,657.13,433.06,114.38,268.42,0.8232,-1,-1,-1
496,131,274.69,480.30,103.43,210.09,0.7304,-1,-1,-1
496,135,1372.09,404.71,134.40,558.94,0.6586,-1,-1,-1
496,137,1162.72,439.90,26.17,86.77,0.4064,-1,-1,-1
496,139,1103.09,425.32,52.82,164.53,0.6062,-1,-1,-1
496,141,971.66,433.13,88.02,249.36,0.8259,-1,-1,-1
496,143,1067.90,441.45,26.32,91.96,0.3545,-1,-1,-1
496,144,1182.55,451.03,28.91,79.16,0.4785,-1,-1,-1
497,42,1410.06,385.47,260.41,684.76,0.7077,-1,-1,-1
497,85,419.06,462.19,38.51,108.29,0.4822,-1,-1,-1
497,96,632.51,455.80,27.46,87.66,0.6034,-1,-1,-1
497,97,834.00,429.77,120.05,296.20,0.7408,-1,-1,-1
497,99,570.34,452.50,27.67,79.86,0.7325,-1,-1,-1
497,110,1502.00,406.11,168.84,653.17,0.4319,-1,-1,-1
497,113,1649.01,405.02,146.66,429.03,0.8218,-1,-1,-1
497,115,535.20,462.46,24.61,67.66,0.6824,-1,-1,-1
497,116,1215.61,417.04,202.97,592.86,0.8385,-1,-1,-1
497,121,382.30,464.85,49.05,110.84,0.5672,-1,-1,-1
497,123,661.03,432.64,112.34,269.34,0.8411,-1,-1,-1
497,131,263.95,479.99,106.29,213.61,0.6497,-1,-1,-1
497,135,1370.19,403.97,141.73,565.81,0.6725,-1,-1,-1
497,137,1162.54,439.76,26.26,86.70,0.3952,-1,-1,-1
497,139,1101.42,424.97,54.39,165.15,0.6426,-1,-1,-1
497,141,973.52,433.19,94.46,250.28,0.8558,-1,-1,-1
497,144,1182.67,451.10,28.86,79.41,0.4808,-1,-1,-1
498,42,1425.03,383.67,266.85,687.02,0.6529,-1,-1,-1
498,85,419.21,460.91,38.02,109.16,0.5061,-1,-1,-1
498,96,633.12,455.25,27.22,88.08,0.4915,-1,-1,-1
498,97,840.12,420.27,115.87,301.49,0.7967,-1,-1,-1
498,99,570.78,452.61,27.60,79.93,0.7437,-1,-1,-1
498,113,1665.28,412.72,158.61,446.58,0.8219,-1,-1,-1
498,115,535.95,462.68,24.89,68.30,0.7044,-1,-1,-1
498,116,1220.22,416.38,205.22,594.42,0.8638,-1,-1,-1
498,121,382.41,465.90,48.89,109.93,0.6287,-1,-1,-1
498,123,665.97,431.24,109.22,271.11,0.8258,-1,-1,-1
498,131,253.03,480.23,106.52,216.12,0.6971,-1,-1,-1
498,135,1376.94,402.74,144.83,566.42,0.7209,-1,-1,-1
498,137,1162.71,439.95,25.92,86.56,0.3766,-1,-1,-1
498,139,1099.74,424.64,56.14,166.11,0.6344,-1,-1,-1
498,141,973.51,436.09,101.41,249.17,0.8391,-1,-1,-1
498,144,1183.01,451.19,28.48,79.52,0.5080,-1,-1,-1
499,42,1436.73,381.86,263.80,688.64,0.5485,-1,-1,-1
499,85,420.89,463.26,37.33,107.83,0.4946,-1,-1,-1
499,96,633.36,454.66,27.25,88.15,0.4479,-1,-1,-1
499,97,849.21,432.37,109.07,295.76,0.6914,-1,-1,-1
499,99,571.00,452.67,27.45,80.09,0.7399,-1,-1,-1
499,113,1672.88,416.69,168.70,453.38,0.8376,-1,-1,-1
499,115,536.67,462.30,25.21,69.32,0.6645,-1,-1,-1
499,116,1224.74,415.59,206.28,595.91,0.8643,-1,-1,-1
499,121,381.98,466.33,48.79,109.34,0.6403,-1,-1,-1
499,123,670.43,430.36,105.71,272.18,0.8153,-1,-1,-1
499,131,245.28,479.53,106.26,218.03,0.7592,-1,-1,-1
499,135,1382.80,400.25,147.33,567.41,0.7511,-1,-1,-1
499,137,1162.94,439.96,25.66,86.55,0.3692,-1,-1,-1
499,139,1099.65,425.21,56.28,165.48,0.5039,-1,-1,-1
499,141,973.28,434.93,107.43,250.12,0.8383,-1,-1,-1
499,144,1182.93,450.92,28.98,79.99,0.4661,-1,-1,-1
500,42,1444.63,385.50,262.74,687.09,0.6101,-1,-1,-1
500,85,419.64,462.16,37.11,108.26,0.5340,-1,-1,-1
500,96,634.01,454.20,27.01,87.93,0.5234,-1,-1,-1
500,97,856.55,426.20,103.79,298.26,0.6836,-1,-1,-1
500,99,571.08,452.88,27.14,79.81,0.7267,-1,-1,-1
500,110,1503.90,366.16,184.46,611.05,0.4673,-1,-1,-1
500,113,1680.70,417.38,181.21,460.22,0.8408,-1,-1,-1
500,115,537.22,462.01,25.30,70.24,0.6860,-1,-1,-1
500,116,1229.95,414.63,205.45,596.44,0.8322,-1,-1,-1
500,121,382.09,466.04,48.60,109.20,0.6144,-1,-1,-1
500,123,679.17,430.93,98.75,271.11,0.8148,-1,-1,-1
500,131,236.18,479.92,104.24,219.48,0.7710,-1,-1,-1
500,135,1386.58,400.33,150.59,569.69,0.7476,-1,-1,-1
500,139,1099.69,425.03,56.05,165.04,0.6703,-1,-1,-1
500,141,972.49,450.17,111.89,239.06,0.7991,-1,-1,-1
500,143,1078.24,442.18,31.37,102.38,0.4334,-1,-1,-1
500,144,1182.24,451.35,28.20,79.45,0.5252,-1,-1,-1
501,85,419.34,461.77,37.00,108.42,0.5710,-1,-1,-1
501,96,633.96,454.64,27.24,87.40,0.5857,-1,-1,-1
501,97,860.58,432.09,101.80,294.72,0.7242,-1,-1,-1
501,99,571.39,453.27,27.15,79.33,0.7136,-1,-1,-1
501,110,1498.58,364.15,197.35,595.65,0.5783,-1,-1,-1
501,113,1685.95,416.31,186.16,464.50,0.8463,-1,-1,-1
501,115,537.57,461.78,25.35,70.87,0.6816,-1,-1,-1
501,116,1238.91,413.86,203.59,596.84,0.8382,-1,-1,-1
501,121,381.90,466.34,48.36,109.22,0.6329,-1,-1,-1
501,123,688.28,430.28,91.52,271.42,0.7885,-1,-1,-1
501,131,224.02,481.15,104.85,222.14,0.7705,-1,-1,-1
501,135,1386.64,400.23,154.23,572.39,0.7397,-1,-1,-1
501,137,1162.64,440.20,25.65,87.03,0.4110,-1,-1,-1
501,139,1100.99,426.08,54.98,164.61,0.5778,-1,-1,-1
501,141,972.24,445.95,115.08,239.65,0.8037,-1,-1,-1
501,143,1077.95,439.08,33.32,107.91,0.4226,-1,-1,-1
501,144,1182.58,451.72,27.28,78.83,0.4744,-1,-1,-1
502,42,1470.91,380.21,248.53,690.11,0.5381,-1,-1,-1
502,85,419.25,462.12,37.03,108.15,0.5573,-1,-1,-1
502,96,634.36,454.69,27.23,87.18,0.6180,-1,-1,-1
502,97,871.05,433.27,102.58,293.77,0.7224,-1,-1,-1
502,99,570.18,452.79,27.79,79.73,0.6667,-1,-1,-1
502,113,1695.94,415.53,192.71,469.72,0.8673,-1,-1,-1
502,115,537.96,461.89,25.43,71.27,0.6784,-1,-1,-1
502,116,1249.72,413.24,199.13,597.03,0.8690,-1,-1,-1
502,121,381.82,466.16,48.29,109.54,0.6577,-1,-1,-1
502,123,694.14,430.39,86.31,271.35,0.7621,-1,-1,-1
502,127,856.77,410.35,66.20,155.48,0.3756,-1,-1,-1
502,131,217.23,482.42,106.03,226.37,0.8319,-1,-1,-1
502,135,1388.94,401.67,158.15,573.09,0.7493,-1,-1,-1
502,137,1163.01,440.60,25.18,87.04,0.3774,-1,-1,-1
502,139,1099.43,427.83,55.51,163.19,0.6092,-1,-1,-1
502,141,976.65,440.88,121.62,243.11,0.8137,-1,-1,-1
502,143,1076.19,438.78,34.21,111.16,0.4629,-1,-1,-1
502,144,1182.35,451.86,27.52,78.92,0.4841,-1,-1,-1
503,42,1487.46,378.38,236.29,691.92,0.7042,-1,-1,-1
503,85,417.86,461.80,38.06,108.28,0.5342,-1,-1,-1
503,96,634.98,455.09,26.98,86.81,0.6023,-1,-1,-1
503,97,880.60,434.81,98.89,292.75,0.7573,-1,-1,-1
503,99,570.02,452.29,28.66,80.29,0.6658,-1,-1,-1
503,103,857.34,408.76,71.62,279.96,0.4270,-1,-1,-1
503,113,1703.65,413.82,199.58,476.17,0.8706,-1,-1,-1
503,115,537.80,462.08,25.99,71.66,0.6484,-1,-1,-1
503,116,1267.02,415.37,192.67,599.00,0.8416,-1,-1,-1
503,121,381.87,466.40,47.94,109.66,0.5902,-1,-1,-1
503,123,701.11,430.57,81.64,270.46,0.8039,-1,-1,-1
503,130,1087.97,429.60,68.03,166.07,0.5514,-1,-1,-1
503,131,205.62,481.70,106.32,227.36,0.6650,-1,-1,-1
503,135,1394.38,400.22,164.56,575.53,0.7492,-1,-1,-1
503,139,1104.71,427.73,54.75,161.98,0.3640,-1,-1,-1
503,141,974.26,445.61,118.59,239.33,0.7475,-1,-1,-1
503,142,-0.83,657.52,112.08,420.04,0.5535,-1,-1,-1
503,144,1182.22,452.02,27.19,78.67,0.4267,-1,-1,-1
504,42,1500.12,378.41,226.71,693.52,0.6715,-1,-1,-1
504,85,419.25,463.41,38.18,107.10,0.5073,-1,-1,-1
504,96,635.07,455.15,27.44,86.47,0.5682,-1,-1,-1
504,97,879.00,435.70,101.96,291.57,0.7605,-1,-1,-1
504,99,571.42,453.22,28.67,79.86,0.6742,-1,-1,-1
504,103,862.34,408.21,67.34,277.41,0.6326,-1,-1,-1
504,113,1709.72,411.44,202.58,481.10,0.8751,-1,-1,-1
504,115,537.64,462.19,26.45,71.68,0.6471,-1,-1,-1
504,116,1281.41,416.93,184.88,599.17,0.8334,-1,-1,-1
504,121,381.78,465.95,47.84,110.06,0.5975,-1,-1,-1
504,123,705.70,431.37,78.65,270.20,0.7835,-1,-1,-1
504,131,194.04,481.47,107.70,229.50,0.8190,-1,-1,-1
504,135,1401.18,398.87,165.25,573.78,0.7628,-1,-1,-1
504,139,1105.46,431.11,52.82,160.21,0.4820,-1,-1,-1
504,141,980.56,445.15,113.39,237.73,0.7633,-1,-1,-1
504,143,1075.84,439.36,36.20,116.15,0.4410,-1,-1,-1
504,144,1180.82,452.39,27.12,78.40,0.5088,-1,-1,-1
505,42,1511.84,375.08,223.31,691.14,0.6780,-1,-1,-1
505,85,418.18,462.84,38.21,107.19,0.4911,-1,-1,-1
505,96,634.97,454.43,27.38,86.73,0.5317,-1,-1,-1
505,97,889.90,438.14,103.95,289.22,0.7774,-1,-1,-1
505,99,572.43,454.30,28.80,79.19,0.6494,-1,-1,-1
505,103,866.91,409.68,65.38,280.14,0.7025,-1,-1,-1
505,113,1714.45,409.92,204.00,487.49,0.8749,-1,-1,-1
505,115,537.82,461.99,26.83,71.78,0.6137,-1,-1,-1
505,116,1294.55,416.75,179.50,600.11,0.8240,-1,-1,-1
505,121,381.74,465.85,47.67,110.22,0.5915,-1,-1,-1
505,123,702.01,429.76,80.92,270.73,0.7522,-1,-1,-1
505,131,181.35,481.84,110.08,232.14,0.8077,-1,-1,-1
505,135,1409.48,402.97,163.56,570.82,0.7975,-1,-1,-1
505,139,1103.12,436.64,52.64,157.06,0.5229,-1,-1,-1
505,141,989.13,452.69,106.29,232.06,0.7778,-1,-1,-1
505,143,1075.89,438.59,38.28,118.46,0.4899,-1,-1,-1
505,144,1179.86,452.44,27.27,78.34,0.5028,-1,-1,-1
506,42,1519.66,373.03,221.29,690.74,0.7308,-1,-1,-1
506,85,417.65,462.31,38.51,107.62,0.5600,-1,-1,-1
506,96,635.29,453.88,26.73,86.91,0.5461,-1,-1,-1
506,97,901.58,439.00,107.52,288.29,0.8210,-1,-1,-1
506,99,573.11,454.21,28.93,78.68,0.6725,-1,-1,-1
506,103,869.66,410.84,64.02,282.67,0.7120,-1,-1,-1
506,113,1722.21,407.77,201.76,494.31,0.8958,-1,-1,-1
506,115,537.74,461.73,27.14,71.84,0.6289,-1,-1,-1
506,116,1302.96,419.33,175.09,607.09,0.8531,-1,-1,-1
506,121,381.72,466.13,47.61,110.16,0.5945,-1,-1,-1
506,123,710.84,430.74,78.93,270.37,0.7169,-1,-1,-1
506,131,167.31,481.18,111.45,234.72,0.8294,-1,-1,-1
506,135,1421.86,403.34,157.66,569.96,0.8126,-1,-1,-1
506,137,1162.21,440.40,25.71,88.17,0.4250,-1,-1,-1
506,139,1101.01,438.67,53.00,155.49,0.3773,-1,-1,-1
506,141,998.15,451.97,98.03,230.51,0.5552,-1,-1,-1
506,143,1074.39,440.61,39.06,120.43,0.3646,-1,-1,-1
506,144,1179.64,452.63,27.23,78.06,0.4946,-1,-1,-1
506,145,667.80,459.52,24.30,77.48,0.4170,-1,-1,-1
507,42,1525.35,373.95,218.99,690.63,0.7385,-1,-1,-1
507,85,416.69,462.30,38.69,107.50,0.4937,-1,-1,-1
507,96,635.72,453.37,26.45,87.30,0.5098,-1,-1,-1
507,97,905.08,442.27,110.43,285.98,0.8087,-1,-1,-1
507,99,573.43,454.18,28.87,78.28,0.6535,-1,-1,-1
507,103,871.69,411.13,64.07,285.53,0.6934,-1,-1,-1
507,113,1730.39,405.53,197.43,500.22,0.8771,-1,-1,-1
507,115,537.28,462.03,27.23,72.10,0.6102,-1,-1,-1
507,116,1310.96,420.34,171.73,613.44,0.8660,-1,-1,-1
507,121,381.79,465.85,47.77,110.39,0.5855,-1,-1,-1
507,123,709.27,428.77,85.52,271.56,0.7820,-1,-1,-1
507,131,157.53,481.66,112.38,237.53,0.7400,-1,-1,-1
507,135,1435.18,406.71,150.13,567.84,0.7819,-1,-1,-1
507,137,1161.72,439.60,26.11,88.21,0.4116,-1,-1,-1
507,139,1103.37,435.61,52.42,156.61,0.4681,-1,-1,-1
507,141,1007.60,446.55,90.65,232.08,0.6824,-1,-1,-1
507,144,1179.75,452.16,26.83,77.94,0.4006,-1,-1,-1
507,145,668.05,458.96,24.66,78.10,0.4711,-1,-1,-1
508,42,1530.41,376.15,218.54,692.82,0.7873,-1,-1,-1
508,85,416.91,462.72,38.81,107.13,0.5248,-1,-1,-1
508,96,635.96,454.26,26.23,87.39,0.5039,-1,-1,-1
508,97,910.14,443.76,117.34,283.62,0.8388,-1,-1,-1
508,99,573.27,453.95,29.02,78.23,0.6256,-1,-1,-1
508,103,872.55,411.47,64.93,287.75,0.7751,-1,-1,-1
508,113,1739.77,402.33,190.50,502.46,0.8618,-1,-1,-1
508,115,538.29,461.44,27.20,73.11,0.6509,-1,-1,-1
508,116,1319.07,418.45,173.15,618.98,0.8731,-1,-1,-1
508,121,381.64,466.84,47.74,110.00,0.6064,-1,-1,-1
508,123,716.26,429.14,91.69,272.00,0.8307,-1,-1,-1
508,131,143.59,481.34,114.70,239.95,0.7956,-1,-1,-1
508,135,1444.73,407.91,140.81,566.89,0.7945,-1,-1,-1
508,137,1162.08,439.74,26.09,88.53,0.3980,-1,-1,-1
508,139,1102.02,439.08,53.05,155.07,0.5171,-1,-1,-1
508,141,1017.27,443.55,83.57,233.23,0.6060,-1,-1,-1
508,144,1180.32,452.58,26.75,77.54,0.5187,-1,-1,-1
508,145,668.59,458.68,25.23,78.31,0.4295,-1,-1,-1
509,42,1535.05,373.68,218.16,692.54,0.5812,-1,-1,-1
509,85,416.24,462.29,39.44,107.47,0.5152,-1,-1,-1
509,96,636.51,454.61,25.71,87.53,0.4964,-1,-1,-1
509,97,911.64,444.30,124.09,282.37,0.8563,-1,-1,-1
509,99,573.08,454.43,29.04,77.76,0.5853,-1,-1,-1
509,103,873.57,410.83,65.73,287.68,0.7490,-1,-1,-1
509,113,1745.55,397.30,184.10,501.91,0.8561,-1,-1,-1
509,115,538.33,461.45,26.78,73.57,0.6256,-1,-1,-1
509,116,1328.45,419.22,183.39,624.80,0.8297,-1,-1,-1
509,121,381.75,466.18,47.86,110.30,0.5762,-1,-1,-1
509,123,720.97,428.80,96.26,272.74,0.7947,-1,-1,-1
509,131,126.01,480.43,119.63,242.96,0.7810,-1,-1,-1
509,133,424.30,462.98,35.08,101.76,0.3887,-1,-1,-1
509,135,1452.69,408.31,134.28,566.65,0.7412,-1,-1,-1
509,137,1162.26,439.80,26.00,88.88,0.3701,-1,-1,-1
509,139,1101.84,435.99,53.71,156.95,0.5274,-1,-1,-1
509,141,1025.53,454.81,78.00,226.76,0.5528,-1,-1,-1
509,144,1180.50,452.94,26.89,77.54,0.5602,-1,-1,-1
509,145,668.75,458.20,25.80,78.54,0.4559,-1,-1,-1
510,42,1541.18,374.11,220.42,695.05,0.6835,-1,-1,-1
510,85,417.80,463.98,39.22,106.87,0.4895,-1,-1,-1
510,96,637.59,454.95,25.33,87.77,0.4490,-1,-1,-1
510,97,911.30,444.83,128.56,281.00,0.8497,-1,-1,-1
510,99,572.85,454.28,29.34,78.21,0.6648,-1,-1,-1
510,103,875.63,410.73,66.19,288.63,0.7213,-1,-1,-1
510,113,1757.86,395.10,174.75,502.23,0.8793,-1,-1,-1
510,115,539.52,461.65,25.91,73.56,0.5397,-1,-1,-1
510,116,1334.07,416.61,195.67,630.10,0.8439,-1,-1,-1
510,121,381.93,466.80,47.54,109.84,0.4464,-1,-1,-1
510,123,722.51,426.81,100.53,274.82,0.8098,-1,-1,-1
510,131,109.62,479.86,122.41,245.82,0.7860,-1,-1,-1
510,135,1460.10,411.53,129.37,568.41,0.7234,-1,-1,-1
510,137,1162.45,439.99,26.06,88.94,0.4153,-1,-1,-1
510,139,1100.53,436.13,55.08,158.55,0.5361,-1,-1,-1
510,141,1033.64,460.91,75.13,221.60,0.7264,-1,-1,-1
510,144,1180.04,452.28,27.12,77.76,0.5452,-1,-1,-1
510,145,668.63,458.45,25.84,78.32,0.4285,-1,-1,-1
511,42,1549.28,373.83,233.60,698.15,0.6835,-1,-1,-1
511,85,417.26,463.49,39.46,107.09,0.5056,-1,-1,-1
511,96,637.88,454.94,25.65,88.24,0.5054,-1,-1,-1
511,97,911.81,445.69,133.96,279.88,0.8642,-1,-1,-1
511,99,572.79,454.33,29.36,78.64,0.6900,-1,-1,-1
511,103,877.79,410.54,66.53,289.15,0.7269,-1,-1,-1
511,113,1767.85,393.47,165.64,503.54,0.8637,-1,-1,-1
511,115,540.44,461.86,25.54,73.24,0.5693,-1,-1,-1
511,116,1336.50,417.16,209.16,633.94,0.8376,-1,-1,-1
511,121,382.12,465.70,47.87,110.30,0.3785,-1,-1,-1
511,123,722.04,427.04,103.98,275.65,0.8045,-1,-1,-1
511,131,98.46,480.26,126.17,249.68,0.7683,-1,-1,-1
511,135,1466.13,405.81,126.99,561.29,0.7546,-1,-1,-1
511,139,1100.53,434.38,56.20,159.92,0.6518,-1,-1,-1
511,141,1038.56,452.92,76.00,225.26,0.7041,-1,-1,-1
511,144,1180.17,451.78,26.99,77.90,0.4610,-1,-1,-1
511,145,668.33,458.81,25.72,77.25,0.4535,-1,-1,-1
512,42,1545.21,373.03,228.15,698.93,0.6092,-1,-1,-1
512,85,415.88,462.12,39.42,108.09,0.4806,-1,-1,-1
512,96,638.85,454.87,26.67,88.70,0.5584,-1,-1,-1
512,97,910.10,446.75,137.71,278.73,0.8531,-1,-1,-1
512,99,572.01,454.86,28.91,78.59,0.6807,-1,-1,-1
512,103,879.59,410.31,67.08,288.88,0.7288,-1,-1,-1
512,113,1777.69,390.42,156.41,504.65,0.8363,-1,-1,-1
512,115,540.41,462.05,25.10,72.42,0.5659,-1,-1,-1
512,116,1334.44,411.33,217.10,639.95,0.8355,-1,-1,-1
512,121,381.00,465.06,48.01,110.87,0.5004,-1,-1,-1
512,123,724.51,428.48,105.89,275.06,0.8390,-1,-1,-1
512,131,80.33,479.81,131.31,250.74,0.7667,-1,-1,-1
512,134,697.69,448.25,36.59,130.11,0.4671,-1,-1,-1
512,135,1470.93,405.91,122.76,555.61,0.7312,-1,-1,-1
512,139,1099.77,433.09,57.27,160.84,0.7294,-1,-1,-1
512,141,1041.28,447.76,80.03,229.25,0.7457,-1,-1,-1
512,144,1179.54,451.52,27.27,78.26,0.5046,-1,-1,-1
513,42,1547.37,370.45,226.10,697.47,0.6359,-1,-1,-1
513,85,415.54,461.39,39.30,108.80,0.4804,-1,-1,-1
513,96,639.44,455.18,27.17,88.97,0.5293,-1,-1,-1
513,97,909.43,447.08,141.34,278.15,0.8480,-1,-1,-1
513,99,571.93,455.50,28.45,78.26,0.6669,-1,-1,-1
513,103,882.08,410.32,68.91,288.55,0.7455,-1,-1,-1
513,113,1789.42,386.83,145.55,503.18,0.8294,-1,-1,-1
513,115,540.55,462.53,24.76,71.78,0.5722,-1,-1,-1
513,116,1334.00,416.71,225.45,643.57,0.8477,-1,-1,-1
513,121,380.73,465.11,47.85,110.69,0.4616,-1,-1,-1
513,123,726.95,428.04,108.52,275.53,0.8225,-1,-1,-1
513,131,63.14,479.27,134.67,253.35,0.7872,-1,-1,-1
513,134,696.53,449.73,34.63,128.10,0.5835,-1,-1,-1
513,135,1477.38,405.60,120.44,550.86,0.7332,-1,-1,-1
513,139,1099.10,434.24,57.66,160.73,0.7052,-1,-1,-1
513,141,1045.86,443.78,84.40,233.49,0.8235,-1,-1,-1
513,144,1179.28,451.33,27.42,78.53,0.5023,-1,-1,-1
513,145,668.04,459.83,25.42,75.99,0.3670,-1,-1,-1
514,42,1551.04,374.14,222.68,697.05,0.4895,-1,-1,-1
514,96,640.23,454.91,27.98,89.26,0.6180,-1,-1,-1
514,97,907.17,457.09,144.18,270.58,0.7942,-1,-1,-1
514,99,572.45,455.36,28.17,78.18,0.6896,-1,-1,-1
514,103,882.78,410.98,70.15,288.38,0.7733,-1,-1,-1
514,113,1797.71,387.99,136.53,504.56,0.8450,-1,-1,-1
514,115,541.07,462.48,24.78,70.92,0.5402,-1,-1,-1
514,116,1330.94,418.39,231.21,644.18,0.8423,-1,-1,-1
514,121,380.60,465.19,47.67,110.50,0.4464,-1,-1,-1
514,123,727.77,428.45,110.78,275.28,0.8277,-1,-1,-1
514,131,48.11,478.62,137.99,256.13,0.8352,-1,-1,-1
514,133,417.65,463.98,37.85,106.68,0.5359,-1,-1,-1
514,134,694.57,450.34,35.56,127.06,0.6802,-1,-1,-1
514,135,1482.99,407.97,120.80,549.02,0.6819,-1,-1,-1
514,139,1099.59,434.04,58.91,161.00,0.7104,-1,-1,-1
514,141,1047.24,441.67,89.65,236.47,0.8117,-1,-1,-1
514,144,1179.08,450.81,27.53,78.93,0.5382,-1,-1,-1
514,145,667.70,458.93,26.15,77.72,0.3723,-1,-1,-1
515,42,1558.69,376.71,221.05,693.47,0.5878,-1,-1,-1
515,96,641.29,454.21,28.51,89.55,0.6274,-1,-1,-1
515,97,907.11,453.75,146.17,271.71,0.8546,-1,-1,-1
515,99,572.85,455.44,28.07,78.16,0.6712,-1,-1,-1
515,103,882.40,410.76,71.80,289.34,0.7860,-1,-1,-1
515,113,1807.92,388.61,126.56,507.18,0.8468,-1,-1,-1
515,115,540.92,462.06,24.94,71.06,0.6207,-1,-1,-1
515,116,1326.21,417.61,230.68,644.19,0.8493,-1,-1,-1
515,121,380.64,465.11,48.17,110.80,0.4022,-1,-1,-1
515,123,728.62,428.60,111.74,275.41,0.8394,-1,-1,-1
515,131,41.50,479.64,140.59,259.55,0.8260,-1,-1,-1
515,133,417.13,462.24,38.67,108.38,0.5488,-1,-1,-1
515,134,691.17,450.50,36.90,126.75,0.7425,-1,-1,-1
515,135,1488.84,408.05,121.49,548.43,0.7246,-1,-1,-1
515,137,1162.94,440.25,25.94,89.57,0.4305,-1,-1,-1
515,139,1099.26,436.04,58.50,159.47,0.5893,-1,-1,-1
515,141,1050.23,441.55,93.01,237.44,0.8281,-1,-1,-1
515,144,1179.74,449.03,27.43,80.17,0.4996,-1,-1,-1
515,145,667.54,458.48,26.27,78.84,0.3687,-1,-1,-1
516,42,1569.93,378.33,223.00,690.66,0.5933,-1,-1,-1
516,96,641.88,453.82,28.65,89.75,0.6130,-1,-1,-1
516,97,907.39,452.04,147.29,272.41,0.8720,-1,-1,-1
516,99,573.10,456.00,27.83,78.29,0.6826,-1,-1,-1
516,103,883.46,409.51,73.65,289.92,0.7958,-1,-1,-1
516,113,1815.08,386.36,118.04,505.31,0.8301,-1,-1,-1
516,115,541.13,461.89,25.18,70.99,0.6166,-1,-1,-1
516,116,1326.28,417.52,231.47,645.34,0.8097,-1,-1,-1
516,123,729.81,428.34,111.70,275.54,0.8440,-1,-1,-1
516,131,27.55,478.09,145.71,262.35,0.7992,-1,-1,-1
516,133,416.34,462.00,39.04,108.90,0.4903,-1,-1,-1
516,134,689.18,450.07,36.83,125.85,0.7597,-1,-1,-1
516,135,1493.38,409.65,121.95,545.23,0.7389,-1,-1,-1
516,137,1163.00,440.21,26.21,90.17,0.5126,-1,-1,-1
516,139,1099.59,432.65,59.27,160.14,0.6839,-1,-1,-1
516,141,1051.70,439.18,96.41,239.35,0.8473,-1,-1,-1
516,144,1180.52,446.91,27.15,81.69,0.5006,-1,-1,-1
516,145,667.38,458.29,26.38,79.24,0.3882,-1,-1,-1
517,42,1577.37,363.92,219.57,664.92,0.4897,-1,-1,-1
517,96,642.31,454.68,29.07,89.66,0.6489,-1,-1,-1
517,97,907.58,451.24,148.97,274.11,0.8814,-1,-1,-1
517,99,573.28,456.00,28.03,78.81,0.6796,-1,-1,-1
517,103,885.26,412.03,75.01,291.15,0.8365,-1,-1,-1
517,113,1824.91,385.16,108.54,503.55,0.8070,-1,-1,-1
517,115,541.34,461.19,25.52,71.16,0.5847,-1,-1,-1
517,116,1326.96,417.58,231.22,645.94,0.8466,-1,-1,-1
517,123,732.72,426.60,110.96,276.45,0.8488,-1,-1,-1
517,131,15.13,476.93,149.62,263.78,0.8029,-1,-1,-1
517,133,415.93,461.84,39.70,109.44,0.4781,-1,-1,-1
517,134,687.13,450.17,37.28,125.59,0.7014,-1,-1,-1
517,135,1500.87,409.97,122.44,542.17,0.6878,-1,-1,-1
517,137,1163.61,440.26,26.01,90.27,0.4251,-1,-1,-1
517,139,1102.74,433.20,56.99,159.58,0.6015,-1,-1,-1
517,141,1051.85,438.17,98.55,240.46,0.8784,-1,-1,-1
517,144,1180.64,447.54,26.75,81.64,0.4711,-1,-1,-1
517,145,667.55,458.00,26.00,79.70,0.3592,-1,-1,-1
518,42,1583.03,380.14,217.94,670.59,0.5475,-1,-1,-1
518,66,720.54,452.22,28.61,90.52,0.6050,-1,-1,-1
518,96,643.15,455.31,29.02,89.38,0.6577,-1,-1,-1
518,97,909.08,449.95,149.15,275.33,0.8903,-1,-1,-1
518,99,573.50,455.10,28.37,79.36,0.6579,-1,-1,-1
518,103,885.42,409.92,77.68,291.49,0.8579,-1,-1,-1
518,110,1597.16,391.55,294.02,679.32,0.3871,-1,-1,-1
518,113,1833.89,384.36,99.36,500.56,0.8035,-1,-1,-1
518,115,541.79,460.46,25.43,71.86,0.5954,-1,-1,-1
518,116,1330.19,417.14,233.59,647.09,0.8299,-1,-1,-1
518,121,381.30,465.82,48.22,110.34,0.4148,-1,-1,-1
518,123,736.81,427.50,108.68,274.52,0.8217,-1,-1,-1
518,131,3.08,480.22,152.25,263.12,0.7135,-1,-1,-1
518,133,417.13,462.10,39.55,109.48,0.4815,-1,-1,-1
518,134,685.30,449.39,38.19,125.46,0.6514,-1,-1,-1
518,135,1508.44,411.20,124.00,541.02,0.6450,-1,-1,-1
518,137,1164.13,440.18,25.47,90.02,0.3608,-1,-1,-1
518,139,1105.23,432.58,55.03,158.26,0.5325,-1,-1,-1
518,141,1051.40,439.50,100.21,240.43,0.8120,-1,-1,-1
518,144,1180.21,448.35,26.80,81.35,0.5524,-1,-1,-1
518,145,668.04,457.77,25.48,80.16,0.3599,-1,-1,-1
519,42,1592.54,382.99,216.22,673.01,0.5942,-1,-1,-1
519,66,720.37,451.29,29.67,91.73,0.6145,-1,-1,-1
519,96,643.05,456.14,29.33,88.79,0.7188,-1,-1,-1
519,97,914.68,448.82,146.38,275.66,0.8341,-1,-1,-1
519,99,573.75,454.94,28.36,79.64,0.6457,-1,-1,-1
519,103,883.70,408.66,80.15,293.15,0.8006,-1,-1,-1
519,113,1841.15,391.64,91.22,495.13,0.7120,-1,-1,-1
519,115,542.01,459.89,25.38,72.48,0.5744,-1,-1,-1
519,116,1332.65,415.63,234.68,647.84,0.8087,-1,-1,-1
519,121,381.42,466.19,48.11,110.06,0.4729,-1,-1,-1
519,123,739.92,426.92,107.11,272.19,0.8262,-1,-1,-1
519,131,-4.23,494.95,151.05,256.16,0.6995,-1,-1,-1
519,133,415.81,460.34,39.72,110.81,0.5073,-1,-1,-1
519,134,684.74,449.14,38.61,125.23,0.6947,-1,-1,-1
519,135,1514.34,410.96,125.04,539.49,0.5400,-1,-1,-1
519,137,1164.32,440.06,25.14,89.81,0.3513,-1,-1,-1
519,139,1106.72,432.90,52.77,157.38,0.5205,-1,-1,-1
519,141,1050.02,439.85,100.25,240.44,0.8061,-1,-1,-1
519,144,1180.00,448.95,27.01,81.00,0.5120,-1,-1,-1
520,42,1599.48,387.25,222.42,677.68,0.5438,-1,-1,-1
520,66,719.82,450.79,30.29,91.08,0.7055,-1,-1,-1
520,96,643.39,456.69,29.39,88.57,0.6585,-1,-1,-1
520,97,918.40,447.65,144.60,275.84,0.8430,-1,-1,-1
520,99,573.95,454.46,28.44,79.97,0.6627,-1,-1,-1
520,103,883.56,407.73,81.91,294.15,0.7733,-1,-1,-1
520,113,1851.98,403.62,81.24,488.44,0.6738,-1,-1,-1
520,115,541.78,460.08,25.10,72.66,0.5965,-1,-1,-1
520,116,1337.26,413.87,236.89,650.43,0.8607,-1,-1,-1
520,121,381.46,466.72,48.14,109.77,0.4984,-1,-1,-1
520,123,745.37,425.06,104.62,269.51,0.8196,-1,-1,-1
520,131,-8.36,486.09,147.77,261.54,0.7857,-1,-1,-1
520,133,416.96,461.61,39.55,110.43,0.5173,-1,-1,-1
520,134,683.53,448.95,39.18,125.56,0.7225,-1,-1,-1
520,135,1521.19,412.14,126.39,538.30,0.6196,-1,-1,-1
520,141,1050.69,447.37,101.25,234.65,0.8230,-1,-1,-1
520,144,1179.74,449.33,27.33,80.66,0.6303,-1,-1,-1
521,42,1602.03,388.11,227.93,680.63,0.5757,-1,-1,-1
521,66,719.53,450.04,30.89,91.11,0.7115,-1,-1,-1
521,96,643.23,457.17,29.69,87.94,0.6245,-1,-1,-1
521,97,926.16,446.50,141.48,276.35,0.8389,-1,-1,-1
521,99,573.80,454.28,28.64,79.98,0.6725,-1,-1,-1
521,103,883.96,406.89,84.15,294.59,0.7512,-1,-1,-1
521,115,541.77,461.03,24.82,72.68,0.6272,-1,-1,-1
521,116,1341.47,411.64,239.39,652.92,0.8624,-1,-1,-1
521,121,381.66,466.63,48.16,109.65,0.4604,-1,-1,-1
521,123,749.23,423.64,101.58,267.68,0.7932,-1,-1,-1
521,131,-10.89,483.33,142.54,265.41,0.6220,-1,-1,-1
521,133,417.61,461.59,39.38,110.37,0.5380,-1,-1,-1
521,134,682.89,448.86,39.09,125.22,0.7058,-1,-1,-1
521,135,1528.60,412.13,129.44,539.44,0.6394,-1,-1,-1
521,137,1164.03,440.12,25.25,89.94,0.3991,-1,-1,-1
521,141,1050.76,444.75,102.78,235.13,0.8454,-1,-1,-1
521,144,1179.77,448.93,27.47,80.73,0.5606,-1,-1,-1
522,42,1608.77,384.71,231.31,681.33,0.4968,-1,-1,-1
522,66,718.72,450.51,31.29,90.15,0.7467,-1,-1,-1
522,96,643.96,455.80,29.79,87.95,0.3826,-1,-1,-1
522,97,940.77,444.39,134.45,275.78,0.8495,-1,-1,-1
522,99,573.77,454.30,28.93,80.00,0.6560,-1,-1,-1
522,103,882.71,407.95,86.59,295.93,0.7894,-1,-1,-1
522,115,541.82,461.77,24.50,72.40,0.6277,-1,-1,-1
522,116,1347.74,411.54,241.26,654.05,0.8628,-1,-1,-1
522,121,381.57,466.52,47.90,109.45,0.4122,-1,-1,-1
522,123,759.77,423.62,94.02,266.09,0.7728,-1,-1,-1
522,131,-12.28,487.35,136.06,263.57,0.5886,-1,-1,-1
522,133,416.14,459.55,39.41,111.68,0.5073,-1,-1,-1
522,134,681.78,448.73,39.67,125.48,0.6842,-1,-1,-1
522,135,1534.63,415.07,130.11,542.67,0.6350,-1,-1,-1
522,137,1164.03,440.28,25.42,90.37,0.3855,-1,-1,-1
522,141,1050.67,440.68,104.08,236.61,0.8369,-1,-1,-1
522,144,1179.72,448.56,27.60,81.05,0.5681,-1,-1,-1
523,42,1624.27,363.22,228.44,657.44,0.5777,-1,-1,-1
523,66,718.55,450.80,30.88,90.56,0.6986,-1,-1,-1
523,96,644.58,455.08,30.31,88.91,0.4501,-1,-1,-1
523,97,949.61,444.06,126.80,275.90,0.8191,-1,-1,-1
523,99,574.04,454.37,29.27,80.12,0.6923,-1,-1,-1
523,103,882.97,407.93,88.35,296.92,0.7682,-1,-1,-1
523,110,1586.35,385.80,292.69,684.22,0.4785,-1,-1,-1
523,115,542.43,461.79,24.48,72.47,0.6846,-1,-1,-1
523,116,1353.38,410.73,238.72,655.28,0.8597,-1,-1,-1
523,121,381.76,466.20,47.89,109.93,0.5334,-1,-1,-1
523,123,770.70,423.41,87.14,264.50,0.7125,-1,-1,-1
523,131,-14.99,502.35,126.15,257.95,0.5421,-1,-1,-1
523,133,416.30,459.35,39.08,112.10,0.5744,-1,-1,-1
523,134,679.28,449.34,40.99,125.37,0.7353,-1,-1,-1
523,135,1542.29,414.92,134.56,546.20,0.7179,-1,-1,-1
523,137,1164.91,440.45,24.84,90.50,0.3818,-1,-1,-1
523,141,1051.59,440.55,103.73,236.71,0.8347,-1,-1,-1
523,144,1179.44,448.24,27.40,81.21,0.5763,-1,-1,-1
524,42,1640.16,355.64,225.97,633.29,0.4835,-1,-1,-1
524,66,718.32,450.44,31.28,90.30,0.6472,-1,-1,-1
524,96,645.59,454.74,30.60,90.28,0.4768,-1,-1,-1
524,97,962.50,441.64,123.93,277.71,0.8098,-1,-1,-1
524,99,574.34,454.85,29.40,79.87,0.7336,-1,-1,-1
524,103,884.02,407.56,88.73,298.16,0.7865,-1,-1,-1
524,110,1592.88,380.19,308.29,691.65,0.4310,-1,-1,-1
524,115,542.54,462.04,24.32,72.06,0.7000,-1,-1,-1
524,116,1363.38,409.88,238.45,655.22,0.8461,-1,-1,-1
524,121,381.70,463.11,48.24,111.56,0.4234,-1,-1,-1
524,123,776.14,426.16,83.29,264.81,0.7167,-1,-1,-1
524,131,-16.84,513.89,114.64,251.94,0.3669,-1,-1,-1
524,133,416.73,460.07,38.93,111.46,0.5797,-1,-1,-1
524,134,676.63,449.01,42.44,125.43,0.7845,-1,-1,-1
524,135,1550.79,414.37,136.99,550.65,0.6924,-1,-1,-1
524,137,1164.37,440.50,24.97,90.65,0.4188,-1,-1,-1
524,141,1053.35,438.95,102.74,237.44,0.7820,-1,-1,-1
524,144,1180.40,448.51,26.73,80.91,0.6009,-1,-1,-1
525,42,1649.60,369.35,226.82,636.15,0.4097,-1,-1,-1
525,66,718.18,450.62,31.06,90.57,0.6974,-1,-1,-1
525,96,645.95,454.85,31.08,91.07,0.5954,-1,-1,-1
525,97,970.85,442.36,117.10,277.95,0.7378,-1,-1,-1
525,99,575.31,454.72,29.17,79.82,0.6442,-1,-1,-1
525,103,888.60,407.00,88.19,299.16,0.8018,-1,-1,-1
525,110,1594.69,376.08,315.60,696.30,0.5557,-1,-1,-1
525,115,543.16,463.05,24.32,71.97,0.6911,-1,-1,-1
525,116,1374.29,410.22,233.56,656.14,0.8329,-1,-1,-1
525,121,381.93,464.14,48.42,111.25,0.4196,-1,-1,-1
525,123,771.55,427.68,86.87,264.62,0.7218,-1,-1,-1
525,131,-15.77,526.12,105.66,241.40,0.3721,-1,-1,-1
525,133,417.09,459.67,39.12,112.09,0.6098,-1,-1,-1
525,134,674.51,449.19,43.58,125.26,0.7707,-1,-1,-1
525,135,1554.71,415.38,142.90,558.89,0.6572,-1,-1,-1
525,141,1056.71,437.87,100.93,238.11,0.8037,-1,-1,-1
525,144,1180.98,447.37,26.38,81.30,0.5869,-1,-1,-1
526,42,1660.35,351.75,228.53,590.94,0.4270,-1,-1,-1
526,66,717.99,450.45,30.84,91.16,0.7417,-1,-1,-1
526,96,647.56,456.15,30.42,90.82,0.5605,-1,-1,-1
526,97,978.95,444.94,106.24,277.22,0.8093,-1,-1,-1
526,99,575.84,454.37,28.82,79.65,0.6784,-1,-1,-1
526,103,892.62,406.81,86.65,300.04,0.8025,-1,-1,-1
526,110,1597.01,382.32,318.31,693.85,0.4635,-1,-1,-1
526,115,543.50,463.47,24.26,71.63,0.6766,-1,-1,-1
526,116,1391.59,410.14,225.87,656.22,0.8464,-1,-1,-1
526,121,382.00,464.56,48.55,110.92,0.3967,-1,-1,-1
526,123,782.74,429.22,83.45,263.23,0.7158,-1,-1,-1
526,126,1011.13,446.67,27.88,40.63,0.3759,-1,-1,-1
526,133,417.24,459.37,39.27,112.50,0.6037,-1,-1,-1
526,134,672.38,449.20,45.28,125.14,0.7642,-1,-1,-1
526,135,1555.34,415.55,152.06,567.66,0.7021,-1,-1,-1
526,141,1061.09,437.16,98.59,238.46,0.8294,-1,-1,-1
526,144,1180.87,447.96,26.22,80.97,0.5531,-1,-1,-1
527,42,1669.62,360.73,229.37,582.63,0.3540,-1,-1,-1
527,66,717.99,450.02,30.47,91.62,0.7678,-1,-1,-1
527,96,649.30,456.71,29.49,90.50,0.6576,-1,-1,-1
527,97,987.96,446.40,99.96,276.77,0.7425,-1,-1,-1
527,99,575.73,453.68,28.86,79.81,0.6879,-1,-1,-1
527,103,896.36,406.17,85.07,300.73,0.7876,-1,-1,-1
527,110,1598.64,383.38,320.27,692.91,0.4270,-1,-1,-1
527,115,543.75,463.69,24.09,71.46,0.6802,-1,-1,-1
527,116,1409.37,409.23,216.91,656.81,0.8790,-1,-1,-1
527,121,382.02,464.93,48.57,110.62,0.4071,-1,-1,-1
527,123,783.48,429.30,89.94,262.70,0.7048,-1,-1,-1
527,126,1010.74,447.35,29.63,38.97,0.4426,-1,-1,-1
527,133,417.33,459.03,39.35,112.87,0.6023,-1,-1,-1
527,134,670.38,449.83,46.53,124.54,0.7644,-1,-1,-1
527,135,1563.63,415.69,154.13,575.48,0.7765,-1,-1,-1
527,141,1066.84,441.29,96.77,235.26,0.7274,-1,-1,-1
527,144,1180.45,448.92,26.42,80.33,0.5447,-1,-1,-1
528,66,718.50,450.47,29.77,91.55,0.6884,-1,-1,-1
528,96,648.47,457.23,29.91,90.30,0.6052,-1,-1,-1
528,97,998.03,445.03,98.83,278.57,0.7901,-1,-1,-1
528,99,576.52,453.43,29.06,80.17,0.7334,-1,-1,-1
528,103,901.96,406.07,83.30,302.18,0.8175,-1,-1,-1
528,110,1599.52,387.33,320.85,687.86,0.6781,-1,-1,-1
528,115,543.89,461.82,23.84,72.31,0.5950,-1,-1,-1
528,116,1426.07,408.37,206.88,657.02,0.8673,-1,-1,-1
528,121,381.74,466.01,47.96,109.96,0.5539,-1,-1,-1
528,123,792.13,430.20,91.39,260.78,0.7461,-1,-1,-1
528,133,417.10,457.21,39.90,113.75,0.5764,-1,-1,-1
528,134,669.78,449.97,47.41,124.10,0.7677,-1,-1,-1
528,135,1572.63,413.78,156.84,580.64,0.8408,-1,-1,-1
528,141,1075.38,444.97,99.46,232.40,0.7050,-1,-1,-1
528,144,1181.13,449.50,25.68,79.36,0.3936,-1,-1,-1
529,42,1691.98,367.14,227.94,572.09,0.6108,-1,-1,-1
529,66,718.46,450.08,29.56,91.53,0.7345,-1,-1,-1
529,96,648.28,457.00,29.70,91.06,0.5876,-1,-1,-1
529,97,1003.21,444.00,96.42,278.54,0.8136,-1,-1,-1
529,99,576.94,453.03,29.22,80.76,0.7202,-1,-1,-1
529,103,909.90,405.33,79.55,303.31,0.8028,-1,-1,-1
529,115,543.83,460.67,23.69,73.05,0.5986,-1,-1,-1
529,116,1435.06,407.39,201.25,655.94,0.8806,-1,-1,-1
529,121,381.88,467.23,47.63,109.14,0.6126,-1,-1,-1
529,123,787.42,431.10,95.75,259.63,0.8205,-1,-1,-1
529,126,1010.28,448.81,29.42,38.22,0.3967,-1,-1,-1
529,133,417.00,456.10,39.98,114.33,0.5926,-1,-1,-1
529,134,668.99,450.06,47.33,123.57,0.7250,-1,-1,-1
529,135,1581.24,415.20,160.76,589.02,0.8272,-1,-1,-1
529,141,1082.27,445.39,98.93,231.07,0.6952,-1,-1,-1
529,144,1180.63,451.25,25.70,78.05,0.4175,-1,-1,-1
530,42,1697.86,358.47,224.84,540.85,0.5204,-1,-1,-1
530,66,718.67,449.71,29.73,91.74,0.7555,-1,-1,-1
530,96,647.96,456.42,29.82,92.42,0.4647,-1,-1,-1
530,97,1007.38,444.04,96.39,277.93,0.7990,-1,-1,-1
530,99,576.74,452.63,29.26,81.31,0.6868,-1,-1,-1
530,103,914.08,405.34,77.24,303.39,0.7436,-1,-1,-1
530,115,543.26,460.85,23.85,73.41,0.6398,-1,-1,-1
530,116,1441.89,407.15,195.44,656.55,0.8780,-1,-1,-1
530,121,381.77,466.85,47.37,109.13,0.6300,-1,-1,-1
530,123,799.18,431.71,99.76,258.58,0.7203,-1,-1,-1
530,126,1010.09,449.55,30.29,38.66,0.4982,-1,-1,-1
530,133,417.69,455.95,40.00,114.44,0.6246,-1,-1,-1
530,134,667.55,449.99,46.71,122.67,0.7125,-1,-1,-1
530,135,1586.17,413.75,162.75,592.97,0.8000,-1,-1,-1
530,141,1083.17,444.51,90.55,229.97,0.7311,-1,-1,-1
530,144,1179.72,451.48,26.39,77.71,0.4922,-1,-1,-1
530,149,-2.12,570.73,33.13,103.12,0.4529,-1,-1,-1
531,66,718.38,449.82,29.50,91.75,0.7734,-1,-1,-1
531,96,647.33,456.52,29.49,92.90,0.4774,-1,-1,-1
531,97,1011.30,444.61,99.20,277.42,0.8419,-1,-1,-1
531,99,576.35,452.29,29.26,81.80,0.6878,-1,-1,-1
531,103,919.38,404.60,75.92,302.47,0.7838,-1,-1,-1
531,110,1608.61,388.08,318.00,689.10,0.5642,-1,-1,-1
531,115,542.61,461.47,24.02,73.39,0.6243,-1,-1,-1
531,116,1450.32,407.62,194.84,657.95,0.8844,-1,-1,-1
531,121,381.26,466.51,47.49,109.36,0.6460,-1,-1,-1
531,123,804.40,432.25,107.07,257.78,0.8231,-1,-1,-1
531,126,1010.02,450.39,30.52,39.21,0.4392,-1,-1,-1
531,133,417.20,456.09,39.93,114.50,0.5899,-1,-1,-1
531,134,666.81,449.75,44.80,121.29,0.6959,-1,-1,-1
531,135,1593.81,412.78,167.92,599.75,0.7956,-1,-1,-1
531,141,1086.74,442.04,83.27,230.62,0.7603,-1,-1,-1
531,144,1179.85,450.18,26.42,77.88,0.3942,-1,-1,-1
532,42,1712.23,371.69,216.98,551.88,0.7037,-1,-1,-1
532,66,717.51,450.76,29.46,91.64,0.8046,-1,-1,-1
532,96,647.31,456.31,29.03,94.10,0.3636,-1,-1,-1
532,97,1013.54,445.08,103.28,277.12,0.8560,-1,-1,-1
532,99,576.84,452.65,29.75,81.95,0.7141,-1,-1,-1
532,103,922.09,405.29,75.30,301.14,0.7471,-1,-1,-1
532,115,542.64,462.43,24.15,72.72,0.6828,-1,-1,-1
532,116,1456.18,407.59,196.10,657.91,0.8388,-1,-1,-1
532,121,381.32,466.72,47.49,109.32,0.6294,-1,-1,-1
532,123,802.06,432.88,112.33,257.30,0.7787,-1,-1,-1
532,126,1010.25,451.16,31.54,41.03,0.5138,-1,-1,-1
532,133,417.27,456.43,40.29,114.37,0.5997,-1,-1,-1
532,134,665.91,449.83,43.26,120.61,0.7588,-1,-1,-1
532,135,1598.99,412.87,172.32,605.99,0.8151,-1,-1,-1
532,141,1092.49,446.75,75.08,228.02,0.6365,-1,-1,-1
532,144,1179.47,450.58,26.47,77.63,0.4540,-1,-1,-1
533,42,1719.30,376.79,210.21,564.94,0.6106,-1,-1,-1
533,66,717.16,451.00,29.74,91.71,0.7904,-1,-1,-1
533,97,1014.40,446.10,108.27,275.58,0.8433,-1,-1,-1
533,99,577.00,452.26,30.54,82.54,0.7093,-1,-1,-1
533,103,923.80,406.50,78.91,301.19,0.7426,-1,-1,-1
533,115,543.03,463.20,24.43,72.18,0.7020,-1,-1,-1
533,116,1460.00,407.11,201.42,658.66,0.8170,-1,-1,-1
533,121,381.60,467.12,47.45,108.75,0.6726,-1,-1,-1
533,123,799.40,434.37,112.69,256.17,0.8000,-1,-1,-1
533,133,417.48,456.10,40.39,114.52,0.5981,-1,-1,-1
533,134,665.02,449.33,41.49,119.93,0.7820,-1,-1,-1
533,135,1601.94,413.06,174.59,610.16,0.7581,-1,-1,-1
533,141,1099.22,447.48,69.05,227.39,0.5020,-1,-1,-1
534,42,1727.55,377.86,202.80,578.40,0.6493,-1,-1,-1
534,66,717.05,451.11,29.83,91.65,0.7723,-1,-1,-1
534,97,1015.53,444.88,112.51,275.62,0.8683,-1,-1,-1
534,99,577.98,452.82,30.72,82.87,0.7484,-1,-1,-1
534,103,925.27,406.89,82.94,301.59,0.7742,-1,-1,-1
534,110,1649.30,365.59,290.38,702.70,0.3908,-1,-1,-1
534,115,543.16,463.12,24.59,72.26,0.6917,-1,-1,-1
534,116,1461.25,406.56,206.92,659.68,0.8505,-1,-1,-1
534,121,381.59,467.29,47.39,108.28,0.6891,-1,-1,-1
534,123,800.39,435.25,114.96,254.88,0.8114,-1,-1,-1
534,126,1010.74,452.30,33.11,44.96,0.4062,-1,-1,-1
534,133,418.36,455.81,40.09,114.63,0.5995,-1,-1,-1
534,134,664.44,449.52,39.52,119.54,0.7983,-1,-1,-1
534,135,1606.35,412.17,177.45,614.16,0.7640,-1,-1,-1
534,141,1105.38,447.80,67.10,227.82,0.6681,-1,-1,-1
535,42,1735.76,386.37,195.17,594.64,0.6690,-1,-1,-1
535,66,717.25,450.32,29.30,91.86,0.7817,-1,-1,-1
535,97,1015.56,442.92,116.11,276.81,0.8699,-1,-1,-1
535,99,578.36,452.10,31.07,83.53,0.7550,-1,-1,-1
535,103,925.21,407.49,87.01,301.56,0.7960,-1,-1,-1
535,115,543.71,462.34,24.67,73.26,0.7344,-1,-1,-1
535,116,1461.93,406.82,210.54,660.25,0.8366,-1,-1,-1
535,121,382.03,467.83,46.98,108.11,0.6396,-1,-1,-1
535,123,803.26,433.77,118.05,255.32,0.8421,-1,-1,-1
535,126,1010.36,452.45,35.37,50.11,0.4217,-1,-1,-1
535,133,418.50,455.55,39.78,115.13,0.6257,-1,-1,-1
535,134,663.79,449.65,38.23,119.89,0.7665,-1,-1,-1
535,135,1609.09,415.06,181.90,624.72,0.7859,-1,-1,-1
535,141,1108.07,444.97,67.19,229.29,0.7237,-1,-1,-1
536,42,1742.21,389.54,188.24,608.62,0.6767,-1,-1,-1
536,66,717.19,449.53,28.78,92.04,0.7894,-1,-1,-1
536,97,1015.02,443.75,118.81,276.65,0.8516,-1,-1,-1
536,99,578.75,452.08,31.26,83.69,0.7550,-1,-1,-1
536,103,925.25,408.77,90.92,300.82,0.8061,-1,-1,-1
536,115,544.08,462.66,24.46,73.40,0.7173,-1,-1,-1
536,116,1462.41,407.20,214.45,660.71,0.8355,-1,-1,-1
536,121,382.09,467.60,46.66,108.31,0.6500,-1,-1,-1
536,123,805.37,432.44,120.01,255.73,0.8587,-1,-1,-1
536,126,1009.74,452.07,36.23,53.65,0.4678,-1,-1,-1
536,133,418.83,456.34,39.54,114.93,0.6219,-1,-1,-1
536,134,661.59,449.24,37.60,119.93,0.7132,-1,-1,-1
536,135,1613.10,411.88,183.89,627.90,0.7591,-1,-1,-1
536,141,1110.61,443.68,68.67,230.61,0.7132,-1,-1,-1
537,42,1749.79,405.56,180.91,624.85,0.8342,-1,-1,-1
537,66,717.34,448.91,28.18,92.05,0.7789,-1,-1,-1
537,97,1014.60,445.37,121.52,275.50,0.8445,-1,-1,-1
537,99,579.49,453.54,31.06,82.88,0.7726,-1,-1,-1
537,103,924.52,409.48,93.97,300.33,0.8050,-1,-1,-1
537,115,544.20,463.57,24.23,73.25,0.7149,-1,-1,-1
537,116,1462.79,406.92,218.04,661.29,0.8273,-1,-1,-1
537,121,382.23,467.38,46.56,108.49,0.6573,-1,-1,-1
537,123,806.68,431.66,121.40,256.38,0.8518,-1,-1,-1
537,126,1009.17,452.36,36.99,57.36,0.4520,-1,-1,-1
537,133,418.87,456.94,39.44,114.67,0.6296,-1,-1,-1
537,134,661.09,448.85,37.06,120.06,0.6970,-1,-1,-1
537,135,1616.29,409.90,184.82,630.94,0.7683,-1,-1,-1
537,137,1167.20,442.41,29.95,103.08,0.3959,-1,-1,-1
537,141,1111.28,445.35,69.74,229.99,0.6777,-1,-1,-1
538,42,1757.01,408.28,173.57,637.34,0.8877,-1,-1,-1
538,66,717.49,448.80,28.38,92.16,0.7608,-1,-1,-1
538,97,1013.60,443.76,122.64,275.67,0.8541,-1,-1,-1
538,99,580.11,453.67,30.75,82.72,0.7722,-1,-1,-1
538,103,924.34,409.81,97.15,299.99,0.8129,-1,-1,-1
538,115,544.30,463.16,24.20,73.30,0.7058,-1,-1,-1
538,116,1463.10,406.23,220.88,662.06,0.8239,-1,-1,-1
538,121,381.94,466.74,46.77,108.99,0.6421,-1,-1,-1
538,123,805.39,431.39,123.03,256.42,0.8582,-1,-1,-1
538,126,1009.28,453.33,36.17,60.26,0.4190,-1,-1,-1
538,133,418.90,456.18,39.36,114.84,0.6191,-1,-1,-1
538,134,658.99,449.25,37.50,119.39,0.6380,-1,-1,-1
538,135,1618.46,412.06,181.66,630.11,0.6101,-1,-1,-1
538,141,1113.57,442.07,69.34,232.56,0.7376,-1,-1,-1
539,42,1765.44,402.47,165.74,650.25,0.8969,-1,-1,-1
539,66,717.21,448.54,28.51,92.41,0.7468,-1,-1,-1
539,97,1012.98,445.79,123.72,275.64,0.8497,-1,-1,-1
539,99,580.22,453.67,30.59,82.56,0.7554,-1,-1,-1
539,103,923.64,408.83,99.79,299.32,0.8204,-1,-1,-1
539,115,544.31,463.55,24.31,73.44,0.6837,-1,-1,-1
539,116,1464.35,406.04,223.53,662.07,0.7681,-1,-1,-1
539,121,381.97,466.74,47.06,109.20,0.6453,-1,-1,-1
539,123,806.51,431.22,122.76,256.64,0.8426,-1,-1,-1
539,126,1008.99,453.69,34.72,62.84,0.4602,-1,-1,-1
539,133,418.73,456.29,39.36,114.77,0.5937,-1,-1,-1
539,134,658.57,449.00,36.95,119.36,0.7504,-1,-1,-1
539,135,1624.51,408.81,178.21,626.98,0.6923,-1,-1,-1
539,141,1114.29,441.40,68.56,233.83,0.6955,-1,-1,-1
539,150,691.23,458.66,22.98,72.30,0.4296,-1,-1,-1
540,42,1773.22,398.79,157.98,659.30,0.8754,-1,-1,-1
540,66,715.59,448.78,28.84,92.76,0.7753,-1,-1,-1
540,97,1014.75,440.18,124.90,279.10,0.8382,-1,-1,-1
540,99,580.55,454.04,30.56,82.48,0.7664,-1,-1,-1
540,103,923.44,410.18,102.00,299.47,0.8555,-1,-1,-1
540,115,544.08,462.82,24.49,73.76,0.6649,-1,-1,-1
540,116,1467.54,404.95,225.96,662.37,0.6472,-1,-1,-1
540,123,808.65,431.05,122.04,256.75,0.8325,-1,-1,-1
540,126,1008.48,453.43,33.97,65.49,0.3744,-1,-1,-1
540,133,417.49,458.54,39.50,113.17,0.6049,-1,-1,-1
540,134,657.05,450.46,36.65,118.07,0.7530,-1,-1,-1
540,135,1632.06,406.31,179.77,624.47,0.7099,-1,-1,-1
540,141,1115.47,440.15,67.06,235.06,0.6642,-1,-1,-1
540,150,689.13,461.76,22.88,70.01,0.3764,-1,-1,-1
541,42,1781.92,400.29,149.56,663.30,0.8637,-1,-1,-1
541,66,714.96,449.28,29.04,93.17,0.7866,-1,-1,-1
541,97,1022.83,436.83,121.01,281.69,0.8364,-1,-1,-1
541,99,580.54,454.50,30.59,82.40,0.7821,-1,-1,-1
541,103,925.31,408.33,106.42,299.36,0.8534,-1,-1,-1
541,115,544.20,463.09,25.09,74.07,0.6905,-1,-1,-1
541,116,1472.03,405.42,229.43,662.24,0.5750,-1,-1,-1
541,123,813.52,431.36,119.60,256.30,0.8382,-1,-1,-1
541,133,417.09,459.20,39.67,111.96,0.5928,-1,-1,-1
541,134,656.11,451.33,36.42,116.67,0.7225,-1,-1,-1
541,135,1633.48,408.06,178.08,619.42,0.6034,-1,-1,-1
541,137,1173.83,444.00,31.36,105.50,0.4545,-1,-1,-1
541,141,1115.39,441.85,66.43,234.87,0.7085,-1,-1,-1
541,150,688.16,462.62,23.43,69.76,0.4054,-1,-1,-1
542,42,1789.46,399.56,141.67,666.77,0.8725,-1,-1,-1
542,66,715.33,450.01,29.07,93.12,0.7691,-1,-1,-1
542,97,1029.39,433.78,118.49,284.37,0.8075,-1,-1,-1
542,99,580.44,454.99,30.66,82.25,0.7862,-1,-1,-1
542,103,928.91,407.94,114.37,299.53,0.8715,-1,-1,-1
542,115,543.52,463.22,25.67,74.20,0.6522,-1,-1,-1
542,116,1494.53,406.31,260.38,661.00,0.5144,-1,-1,-1
542,123,818.14,432.00,117.27,255.92,0.7961,-1,-1,-1
542,133,416.99,459.78,39.75,110.99,0.5718,-1,-1,-1
542,134,656.31,451.67,36.58,116.12,0.6634,-1,-1,-1
542,135,1641.43,406.93,182.25,618.71,0.6664,-1,-1,-1
542,141,1117.01,440.09,65.33,236.44,0.6377,-1,-1,-1
542,150,687.37,460.90,23.51,70.31,0.3929,-1,-1,-1
543,42,1798.43,396.82,133.02,669.41,0.8610,-1,-1,-1
543,66,715.27,450.44,29.42,92.80,0.7530,-1,-1,-1
543,97,1032.97,432.58,117.81,286.30,0.7629,-1,-1,-1
543,99,580.40,454.58,30.47,82.40,0.7603,-1,-1,-1
543,103,925.73,408.85,115.81,298.00,0.8587,-1,-1,-1
543,110,1622.54,382.03,239.46,652.42,0.6550,-1,-1,-1
543,115,544.14,463.01,26.64,74.51,0.6919,-1,-1,-1
543,116,1488.69,404.69,253.34,659.49,0.4471,-1,-1,-1
543,121,381.26,466.42,47.78,108.42,0.4087,-1,-1,-1
543,123,823.13,431.54,114.72,255.30,0.8215,-1,-1,-1
543,133,418.02,459.29,39.56,110.60,0.5855,-1,-1,-1
543,134,655.93,452.44,37.08,115.23,0.7009,-1,-1,-1
543,135,1568.82,410.71,226.87,636.61,0.5629,-1,-1,-1
543,141,1118.61,439.33,64.53,236.85,0.6549,-1,-1,-1
544,42,1806.47,400.04,124.76,669.03,0.7782,-1,-1,-1
544,66,715.23,450.71,29.78,92.39,0.7524,-1,-1,-1
544,97,1040.77,435.21,111.15,286.30,0.7121,-1,-1,-1
544,99,581.23,455.03,30.15,82.35,0.7629,-1,-1,-1
544,103,926.48,414.74,118.77,295.04,0.7850,-1,-1,-1
544,110,1629.73,394.29,222.63,631.30,0.6568,-1,-1,-1
544,115,544.61,462.59,27.63,74.75,0.6177,-1,-1,-1
544,116,1495.34,408.66,250.48,658.94,0.5645,-1,-1,-1
544,121,380.85,466.35,48.17,108.39,0.4764,-1,-1,-1
544,123,828.92,431.36,110.97,254.48,0.8033,-1,-1,-1
544,133,417.62,458.87,39.26,110.47,0.5912,-1,-1,-1
544,134,655.55,452.71,37.29,114.62,0.7534,-1,-1,-1
544,141,1120.39,441.97,63.67,235.99,0.6693,-1,-1,-1
544,150,688.16,463.11,23.66,69.20,0.3643,-1,-1,-1
545,42,1811.80,421.92,117.98,657.17,0.7854,-1,-1,-1
545,66,715.61,451.73,29.75,91.89,0.7678,-1,-1,-1
545,97,1055.98,436.42,106.37,286.27,0.6197,-1,-1,-1
545,99,581.98,454.96,29.62,82.51,0.7324,-1,-1,-1
545,103,928.62,413.89,120.56,294.71,0.8516,-1,-1,-1
545,110,1636.59,400.29,212.52,622.20,0.6854,-1,-1,-1
545,115,545.13,460.60,28.55,75.86,0.5907,-1,-1,-1
545,116,1508.19,406.95,243.54,658.25,0.6139,-1,-1,-1
545,121,380.74,466.07,48.69,108.54,0.3924,-1,-1,-1
545,123,837.53,430.35,106.70,254.79,0.7870,-1,-1,-1
545,133,416.63,457.99,39.71,111.04,0.6063,-1,-1,-1
545,134,655.70,452.35,37.42,113.51,0.7370,-1,-1,-1
545,137,1185.09,446.09,39.20,103.34,0.4421,-1,-1,-1
545,141,1122.86,440.69,63.44,237.12,0.4834,-1,-1,-1
546,42,1817.20,442.29,111.80,643.08,0.7710,-1,-1,-1
546,66,715.14,451.15,30.03,92.93,0.7285,-1,-1,-1
546,97,1063.93,435.64,100.87,286.61,0.6059,-1,-1,-1
546,99,582.50,454.72,29.28,82.65,0.7328,-1,-1,-1
546,103,930.92,412.93,120.92,293.19,0.8438,-1,-1,-1
546,110,1647.54,403.76,205.17,613.64,0.6989,-1,-1,-1
546,115,545.34,458.98,29.27,76.96,0.4803,-1,-1,-1
546,116,1522.46,404.01,233.00,658.62,0.7699,-1,-1,-1
546,121,380.41,467.11,48.77,108.20,0.4704,-1,-1,-1
546,123,851.03,428.77,99.03,254.05,0.7638,-1,-1,-1
546,133,416.49,457.69,39.63,111.66,0.5371,-1,-1,-1
546,134,655.62,452.34,36.92,112.72,0.7613,-1,-1,-1
546,137,1184.24,446.83,44.54,102.99,0.4980,-1,-1,-1
546,141,1126.10,441.94,62.77,236.39,0.5061,-1,-1,-1
546,150,690.64,461.95,23.42,69.03,0.3648,-1,-1,-1
547,42,1822.41,443.28,105.93,637.54,0.7707,-1,-1,-1
547,66,714.79,450.83,30.04,93.53,0.7455,-1,-1,-1
547,97,1072.28,435.19,96.13,287.05,0.6163,-1,-1,-1
547,99,583.18,454.86,28.97,83.06,0.7445,-1,-1,-1
547,103,934.62,412.53,120.21,294.00,0.8447,-1,-1,-1
547,110,1654.73,408.82,199.93,613.02,0.7186,-1,-1,-1
547,115,545.73,456.93,29.76,78.70,0.5065,-1,-1,-1
547,116,1530.87,402.62,223.51,658.96,0.7897,-1,-1,-1
547,121,380.30,467.42,49.07,108.08,0.5199,-1,-1,-1
547,123,862.63,428.18,91.96,253.49,0.7580,-1,-1,-1
547,133,417.08,458.87,39.60,110.82,0.5024,-1,-1,-1
547,134,655.95,452.28,37.21,112.02,0.7717,-1,-1,-1
547,137,1183.43,445.55,48.47,104.12,0.4177,-1,-1,-1
547,141,1128.49,441.71,62.14,236.58,0.4858,-1,-1,-1
547,150,691.05,461.62,23.49,68.94,0.4394,-1,-1,-1
548,42,1825.99,438.11,101.24,637.10,0.6493,-1,-1,-1
548,66,715.65,453.28,29.68,92.16,0.7369,-1,-1,-1
548,97,1079.50,434.44,92.73,287.62,0.7206,-1,-1,-1
548,99,583.60,454.66,28.66,82.87,0.7322,-1,-1,-1
548,103,938.39,411.85,118.29,294.28,0.8419,-1,-1,-1
548,110,1665.24,410.66,195.28,612.43,0.7444,-1,-1,-1
548,115,546.40,454.71,30.70,80.82,0.5044,-1,-1,-1
548,116,1537.31,402.90,215.35,660.28,0.7901,-1,-1,-1
548,121,380.11,467.20,49.03,108.29,0.5197,-1,-1,-1
548,123,869.84,428.26,86.46,252.89,0.7647,-1,-1,-1
548,133,417.58,457.14,39.35,111.83,0.5821,-1,-1,-1
548,134,655.10,452.11,37.53,111.97,0.7837,-1,-1,-1
548,137,1185.84,444.95,48.05,104.98,0.4420,-1,-1,-1
548,141,1132.85,439.44,60.14,237.22,0.3883,-1,-1,-1
548,150,691.41,462.45,24.01,68.92,0.4153,-1,-1,-1
549,66,715.83,453.63,29.56,91.57,0.7369,-1,-1,-1
549,97,1084.89,434.91,90.81,287.36,0.7419,-1,-1,-1
549,99,583.84,453.92,28.77,83.04,0.7294,-1,-1,-1
549,103,942.23,411.27,115.06,293.02,0.8290,-1,-1,-1
549,110,1672.58,412.35,189.93,609.64,0.6203,-1,-1,-1
549,115,545.74,453.51,30.61,82.06,0.4840,-1,-1,-1
549,116,1542.75,402.93,208.54,659.81,0.4766,-1,-1,-1
549,121,380.08,466.75,49.24,108.88,0.5111,-1,-1,-1
549,123,876.31,430.60,81.47,252.58,0.7144,-1,-1,-1
549,133,418.13,458.08,39.12,111.59,0.6081,-1,-1,-1
549,134,653.65,452.05,37.11,111.77,0.7611,-1,-1,-1
549,135,1568.02,409.88,271.57,655.03,0.4319,-1,-1,-1
549,137,1189.07,445.23,48.12,105.68,0.4501,-1,-1,-1
549,141,1133.36,437.55,59.26,238.59,0.3669,-1,-1,-1
550,66,716.07,453.26,29.61,91.61,0.7478,-1,-1,-1
550,97,1089.21,435.69,92.09,287.24,0.7618,-1,-1,-1
550,99,583.97,454.37,28.51,82.97,0.7380,-1,-1,-1
550,103,950.92,410.03,109.84,292.05,0.8076,-1,-1,-1
550,110,1680.46,417.48,187.02,605.73,0.5769,-1,-1,-1
550,115,546.43,453.31,30.70,83.09,0.4526,-1,-1,-1
550,116,1550.34,401.58,207.26,655.65,0.5822,-1,-1,-1
550,121,380.03,466.59,49.28,109.22,0.5023,-1,-1,-1
550,123,876.64,431.32,80.61,251.48,0.7353,-1,-1,-1
550,133,418.44,458.08,38.87,111.79,0.5721,-1,-1,-1
550,134,652.72,451.52,36.95,111.66,0.7327,-1,-1,-1
550,135,1565.15,406.15,288.96,650.77,0.4368,-1,-1,-1
550,137,1192.76,444.27,46.74,106.71,0.4049,-1,-1,-1
551,66,716.38,452.06,29.41,92.48,0.7607,-1,-1,-1
551,97,1090.40,435.16,93.11,287.46,0.7495,-1,-1,-1
551,99,584.10,454.28,28.51,83.04,0.7389,-1,-1,-1
551,103,958.74,409.38,103.93,291.28,0.7839,-1,-1,-1
551,110,1679.92,420.34,185.07,607.42,0.4988,-1,-1,-1
551,115,546.23,452.10,31.00,84.06,0.5078,-1,-1,-1
551,116,1552.63,402.70,204.75,654.05,0.5322,-1,-1,-1
551,121,380.03,467.56,49.15,108.21,0.5081,-1,-1,-1
551,123,878.74,429.95,80.20,251.58,0.7384,-1,-1,-1
551,133,417.57,456.56,39.32,113.00,0.5753,-1,-1,-1
551,134,652.17,451.64,36.31,111.66,0.7049,-1,-1,-1
551,135,1562.64,406.43,297.73,653.39,0.3715,-1,-1,-1
551,137,1193.82,443.99,43.30,106.97,0.4606,-1,-1,-1
551,141,1129.02,439.78,61.21,238.99,0.3504,-1,-1,-1
552,66,716.79,450.79,30.03,93.49,0.7729,-1,-1,-1
552,97,1091.41,436.05,95.31,286.95,0.7464,-1,-1,-1
552,99,583.96,453.69,28.77,83.69,0.7920,-1,-1,-1
552,103,967.26,408.64,97.52,290.15,0.7396,-1,-1,-1
552,110,1688.57,418.18,182.57,606.02,0.5866,-1,-1,-1
552,115,547.26,451.70,31.45,84.98,0.5369,-1,-1,-1
552,116,1560.49,407.87,210.68,655.40,0.6015,-1,-1,-1
552,121,379.96,467.28,49.47,108.72,0.4472,-1,-1,-1
552,123,885.97,429.85,79.22,252.41,0.7184,-1,-1,-1
552,133,417.73,455.60,39.36,113.98,0.5907,-1,-1,-1
552,134,652.59,452.07,36.38,111.80,0.7024,-1,-1,-1
552,137,1195.32,445.27,40.76,106.22,0.5736,-1,-1,-1
552,150,696.19,462.67,23.88,71.22,0.4106,-1,-1,-1
553,66,717.05,450.23,30.28,93.85,0.7918,-1,-1,-1
553,97,1091.54,434.90,99.10,287.66,0.8056,-1,-1,-1
553,99,584.15,453.65,28.88,84.11,0.7990,-1,-1,-1
553,103,977.13,408.52,90.57,288.87,0.7421,-1,-1,-1
553,110,1699.15,413.09,185.40,608.34,0.6871,-1,-1,-1
553,115,546.81,450.74,31.47,86.15,0.5370,-1,-1,-1
553,116,1561.72,404.78,212.60,658.11,0.7353,-1,-1,-1
553,121,380.17,466.78,49.84,108.81,0.3741,-1,-1,-1
553,123,893.42,429.08,81.05,252.82,0.7478,-1,-1,-1
553,133,416.29,455.38,40.03,114.30,0.5624,-1,-1,-1
553,134,651.78,451.95,35.99,111.65,0.7353,-1,-1,-1
553,135,1562.05,406.73,309.08,659.99,0.5173,-1,-1,-1
553,137,1197.19,443.26,38.65,106.96,0.5870,-1,-1,-1
553,141,1150.95,439.93,56.82,235.34,0.3585,-1,-1,-1
553,150,696.93,461.21,23.97,73.46,0.3735,-1,-1,-1
554,66,717.17,449.66,30.52,94.17,0.7876,-1,-1,-1
554,97,1091.60,433.73,103.15,288.62,0.8153,-1,-1,-1
554,99,583.97,453.38,29.00,84.59,0.8123,-1,-1,-1
554,103,987.86,409.66,83.91,289.68,0.7219,-1,-1,-1
554,110,1702.50,412.83,188.94,615.57,0.5635,-1,-1,-1
554,115,546.26,450.88,30.81,85.61,0.5304,-1,-1,-1
554,121,380.08,466.57,49.80,108.92,0.4138,-1,-1,-1
554,123,896.58,429.81,83.55,252.62,0.7575,-1,-1,-1
554,133,417.35,455.72,39.95,114.43,0.6105,-1,-1,-1
554,134,650.75,452.22,35.76,111.22,0.6995,-1,-1,-1
554,135,1553.65,403.38,304.94,659.66,0.5655,-1,-1,-1
554,137,1199.32,441.54,38.55,108.58,0.5682,-1,-1,-1
554,152,1048.36,448.90,31.39,94.78,0.5208,-1,-1,-1
555,66,716.15,449.40,30.91,94.68,0.7942,-1,-1,-1
555,97,1091.73,432.46,105.29,289.61,0.7569,-1,-1,-1
555,99,584.09,453.29,28.80,85.03,0.8089,-1,-1,-1
555,103,994.39,410.04,79.68,290.25,0.7442,-1,-1,-1
555,110,1709.77,416.02,187.39,620.40,0.5171,-1,-1,-1
555,115,546.19,453.57,30.25,84.21,0.5309,-1,-1,-1
555,116,1563.08,403.30,220.07,657.46,0.6098,-1,-1,-1
555,123,895.51,431.18,84.63,252.39,0.7825,-1,-1,-1
555,133,416.43,456.85,40.24,113.85,0.5520,-1,-1,-1
555,134,650.39,454.69,34.91,109.59,0.6538,-1,-1,-1
555,137,1199.81,444.23,38.43,107.23,0.5147,-1,-1,-1
555,152,1048.66,448.76,30.65,92.29,0.5200,-1,-1,-1
556,66,716.10,449.20,31.24,95.14,0.7928,-1,-1,-1
556,97,1092.80,431.88,107.89,289.87,0.7981,-1,-1,-1
556,99,583.91,453.07,28.83,85.28,0.7990,-1,-1,-1
556,103,1003.41,409.49,83.16,291.38,0.7228,-1,-1,-1
556,110,1709.48,413.84,187.03,623.63,0.4830,-1,-1,-1
556,115,546.77,454.09,29.83,84.22,0.5317,-1,-1,-1
556,123,893.74,431.65,85.45,252.09,0.7912,-1,-1,-1
556,133,415.85,457.09,40.47,113.37,0.5550,-1,-1,-1
556,134,649.22,455.93,34.58,108.76,0.6770,-1,-1,-1
556,135,1550.05,402.17,296.23,660.83,0.5094,-1,-1,-1
556,137,1198.98,443.38,37.57,107.51,0.4935,-1,-1,-1
556,152,1049.36,450.14,29.45,89.71,0.4936,-1,-1,-1
557,66,716.08,449.35,31.41,95.52,0.7965,-1,-1,-1
557,97,1093.22,432.02,110.45,289.71,0.8002,-1,-1,-1
557,99,583.59,452.87,28.86,85.55,0.8029,-1,-1,-1
557,103,1003.45,409.17,86.60,290.72,0.7219,-1,-1,-1
557,115,547.25,450.48,30.35,86.12,0.5853,-1,-1,-1
557,123,894.87,432.43,88.61,251.42,0.7904,-1,-1,-1
557,133,415.83,456.16,40.73,113.90,0.5788,-1,-1,-1
557,134,649.58,456.24,34.14,108.44,0.6070,-1,-1,-1
557,135,1562.36,405.00,309.60,662.77,0.5849,-1,-1,-1
557,137,1202.73,444.02,35.07,107.26,0.6199,-1,-1,-1
557,141,1152.77,437.85,65.82,238.06,0.3830,-1,-1,-1
557,145,675.77,458.29,24.15,73.64,0.4406,-1,-1,-1
557,152,1049.59,450.10,29.53,89.52,0.5094,-1,-1,-1
558,66,716.28,448.97,31.59,96.12,0.7742,-1,-1,-1
558,97,1093.14,431.98,112.35,290.28,0.8276,-1,-1,-1
558,99,583.69,452.88,28.74,85.56,0.8061,-1,-1,-1
558,103,1003.61,408.91,92.57,289.27,0.7342,-1,-1,-1
558,115,547.79,448.87,30.42,87.69,0.6449,-1,-1,-1
558,123,895.98,432.76,93.93,250.59,0.8409,-1,-1,-1
558,133,415.89,455.26,40.75,114.37,0.5578,-1,-1,-1
558,134,648.95,455.62,34.43,108.57,0.6229,-1,-1,-1
558,135,1566.32,403.94,319.10,666.74,0.7285,-1,-1,-1
558,137,1206.22,444.41,33.65,106.71,0.5863,-1,-1,-1
558,145,674.25,457.74,25.18,76.17,0.4411,-1,-1,-1
559,66,716.38,449.03,31.73,96.39,0.7879,-1,-1,-1
559,97,1094.48,432.65,115.94,289.90,0.7976,-1,-1,-1
559,99,582.83,452.67,29.06,85.59,0.8001,-1,-1,-1
559,103,1004.14,409.69,93.32,287.38,0.7041,-1,-1,-1
559,110,1735.82,411.05,175.47,619.87,0.3707,-1,-1,-1
559,115,547.92,448.47,30.69,88.92,0.6477,-1,-1,-1
559,123,896.02,432.55,98.30,249.96,0.8284,-1,-1,-1
559,133,415.79,455.11,41.01,114.32,0.5684,-1,-1,-1
559,134,647.48,455.05,35.13,108.30,0.6688,-1,-1,-1
559,135,1563.88,402.56,322.21,667.53,0.5357,-1,-1,-1
559,137,1208.65,443.50,32.88,107.31,0.6946,-1,-1,-1
559,145,673.23,457.55,25.69,77.62,0.4901,-1,-1,-1
560,66,716.16,449.22,31.62,96.79,0.7953,-1,-1,-1
560,97,1099.12,433.44,117.44,288.77,0.8293,-1,-1,-1
560,99,582.75,452.57,29.30,85.74,0.7982,-1,-1,-1
560,103,1006.13,413.91,95.16,284.29,0.7387,-1,-1,-1
560,115,548.24,449.84,30.50,88.88,0.6264,-1,-1,-1
560,123,895.91,432.79,100.07,249.56,0.7943,-1,-1,-1
560,133,417.72,455.62,40.38,114.29,0.5789,-1,-1,-1
560,134,644.98,453.99,35.58,108.50,0.6714,-1,-1,-1
560,135,1567.50,401.06,330.23,670.05,0.7401,-1,-1,-1
560,137,1211.27,442.57,32.54,107.76,0.7407,-1,-1,-1
560,145,671.94,457.60,25.67,78.06,0.5313,-1,-1,-1
561,66,716.52,449.23,31.72,96.90,0.7870,-1,-1,-1
561,97,1103.79,433.55,117.09,286.57,0.8277,-1,-1,-1
561,99,583.59,452.97,29.14,85.91,0.7873,-1,-1,-1
561,103,1007.36,414.24,97.16,283.67,0.7924,-1,-1,-1
561,110,1746.77,405.92,173.51,613.32,0.3996,-1,-1,-1
561,115,548.04,450.29,30.25,88.73,0.6780,-1,-1,-1
561,123,897.78,432.30,99.87,248.00,0.8059,-1,-1,-1
561,133,418.06,456.02,40.36,114.32,0.5919,-1,-1,-1
561,134,642.38,452.93,35.68,108.79,0.7063,-1,-1,-1
561,135,1569.39,399.94,336.57,671.36,0.5256,-1,-1,-1
561,137,1214.94,443.73,32.50,108.55,0.6673,-1,-1,-1
561,145,671.17,457.48,26.14,78.59,0.4243,-1,-1,-1
562,66,717.11,449.10,32.09,96.61,0.7983,-1,-1,-1
562,97,1110.53,434.53,114.04,284.77,0.8189,-1,-1,-1
562,99,583.64,452.40,29.49,86.26,0.7767,-1,-1,-1
562,103,1010.67,416.03,99.49,282.10,0.8504,-1,-1,-1
562,110,1754.10,403.62,169.25,606.44,0.3752,-1,-1,-1
562,115,547.98,449.89,30.36,88.89,0.7151,-1,-1,-1
562,123,904.31,432.51,96.89,246.05,0.7470,-1,-1,-1
562,133,416.66,455.96,41.10,114.52,0.5419,-1,-1,-1
562,134,641.93,452.17,35.16,108.80,0.7118,-1,-1,-1
562,135,1560.34,399.19,323.62,673.22,0.6288,-1,-1,-1
562,137,1217.30,443.42,33.95,109.78,0.6319,-1,-1,-1
562,145,670.78,457.18,26.87,79.14,0.4021,-1,-1,-1
563,66,717.73,449.03,32.69,96.17,0.7749,-1,-1,-1
563,97,1117.43,433.75,111.20,283.71,0.8090,-1,-1,-1
563,99,584.05,452.26,29.33,86.30,0.7800,-1,-1,-1
563,103,1010.97,417.08,102.95,281.15,0.8291,-1,-1,-1
563,115,548.21,450.97,30.36,87.30,0.6947,-1,-1,-1
563,123,909.02,433.91,94.16,244.48,0.7432,-1,-1,-1
563,133,416.36,456.61,41.56,113.87,0.4999,-1,-1,-1
563,134,641.13,451.87,35.23,109.20,0.7001,-1,-1,-1
563,135,1571.14,396.56,332.02,671.13,0.7994,-1,-1,-1
563,137,1217.42,442.48,36.23,110.73,0.5769,-1,-1,-1
563,145,670.16,459.00,27.63,82.41,0.5025,-1,-1,-1
564,66,717.78,449.71,32.85,95.86,0.7668,-1,-1,-1
564,97,1117.84,433.44,111.51,281.58,0.8077,-1,-1,-1
564,99,584.48,452.39,29.20,85.82,0.7564,-1,-1,-1
564,103,1011.59,416.98,104.46,280.94,0.8016,-1,-1,-1
564,115,548.18,448.20,30.72,88.39,0.6567,-1,-1,-1
564,123,914.33,433.80,90.52,242.76,0.7439,-1,-1,-1
564,133,416.73,456.49,41.87,113.67,0.4472,-1,-1,-1
564,134,641.10,449.86,34.98,110.62,0.7129,-1,-1,-1
564,135,1578.59,395.82,335.10,672.36,0.8101,-1,-1,-1
564,137,1219.09,443.07,37.98,110.46,0.4932,-1,-1,-1
564,145,670.72,459.27,27.50,84.54,0.5359,-1,-1,-1
565,66,718.01,450.01,32.84,95.71,0.7723,-1,-1,-1
565,97,1130.38,435.20,106.29,280.91,0.8127,-1,-1,-1
565,99,584.94,452.38,29.06,86.05,0.7481,-1,-1,-1
565,103,1013.34,416.47,111.99,282.42,0.8155,-1,-1,-1
565,110,1774.06,407.51,156.16,611.51,0.5318,-1,-1,-1
565,115,548.64,447.47,31.24,89.22,0.6810,-1,-1,-1
565,123,922.31,433.33,85.62,241.81,0.7486,-1,-1,-1
565,133,416.65,456.35,42.14,113.76,0.4477,-1,-1,-1
565,134,641.26,450.17,34.86,110.52,0.6952,-1,-1,-1
565,135,1585.03,397.71,331.68,672.85,0.4985,-1,-1,-1
565,137,1221.44,443.24,38.52,110.25,0.5552,-1,-1,-1
565,145,670.53,459.72,27.60,87.34,0.5420,-1,-1,-1
566,66,718.31,450.27,33.03,95.97,0.7931,-1,-1,-1
566,97,1128.57,435.62,107.36,280.29,0.7669,-1,-1,-1
566,99,584.87,452.03,29.48,86.33,0.7546,-1,-1,-1
566,103,1011.36,413.20,112.03,284.58,0.8241,-1,-1,-1
566,115,548.46,447.24,31.20,89.85,0.6694,-1,-1,-1
566,123,930.71,431.32,83.51,242.23,0.7670,-1,-1,-1
566,133,416.32,456.84,42.26,113.71,0.4929,-1,-1,-1
566,134,640.55,450.50,34.83,110.65,0.6921,-1,-1,-1
566,135,1596.04,397.96,327.27,673.46,0.8106,-1,-1,-1
566,137,1223.53,444.21,38.92,109.60,0.5797,-1,-1,-1
566,145,669.57,459.03,27.52,89.34,0.4883,-1,-1,-1
567,66,718.43,450.16,33.51,96.29,0.7844,-1,-1,-1
567,97,1128.33,435.66,107.82,280.00,0.7826,-1,-1,-1
567,99,585.76,452.36,29.13,86.95,0.7735,-1,-1,-1
567,103,1011.03,411.69,112.81,285.69,0.7909,-1,-1,-1
567,110,1789.89,405.96,141.67,619.01,0.5095,-1,-1,-1
567,115,548.19,447.23,31.32,90.52,0.6558,-1,-1,-1
567,123,935.01,430.28,80.48,242.43,0.7283,-1,-1,-1
567,133,415.53,457.13,42.53,113.70,0.4978,-1,-1,-1
567,134,639.62,451.00,34.46,110.21,0.7472,-1,-1,-1
567,135,1608.62,397.76,312.12,675.30,0.8248,-1,-1,-1
567,137,1224.40,445.20,39.82,109.36,0.5380,-1,-1,-1
567,145,669.24,458.65,27.69,90.98,0.5151,-1,-1,-1
568,66,718.99,450.02,33.78,96.64,0.7898,-1,-1,-1
568,97,1133.73,435.32,106.57,280.13,0.7517,-1,-1,-1
568,99,586.28,452.53,28.60,87.07,0.7688,-1,-1,-1
568,103,1013.32,416.66,119.16,283.47,0.8371,-1,-1,-1
568,115,548.40,447.94,32.07,90.54,0.6262,-1,-1,-1
568,123,942.66,430.28,77.77,242.61,0.7401,-1,-1,-1
568,133,416.35,456.84,42.38,114.14,0.5496,-1,-1,-1
568,134,638.90,450.60,34.37,110.54,0.7600,-1,-1,-1
568,135,1623.31,397.14,294.04,676.84,0.8560,-1,-1,-1
568,137,1226.35,446.66,39.86,108.45,0.5418,-1,-1,-1
568,145,668.22,458.30,27.78,92.24,0.6350,-1,-1,-1
568,150,699.05,468.09,20.56,66.91,0.3713,-1,-1,-1
569,66,719.08,449.93,33.94,96.78,0.7903,-1,-1,-1
569,97,1137.17,435.29,108.64,280.01,0.8036,-1,-1,-1
569,99,586.00,452.51,28.99,87.43,0.7527,-1,-1,-1
569,103,1013.33,417.48,123.38,282.85,0.8366,-1,-1,-1
569,110,1794.62,412.83,133.96,625.00,0.5691,-1,-1,-1
569,115,549.17,450.87,31.94,89.47,0.6401,-1,-1,-1
569,123,945.77,430.92,77.07,243.11,0.7295,-1,-1,-1
569,133,416.52,457.78,42.47,113.89,0.4985,-1,-1,-1
569,134,637.61,451.20,34.76,110.05,0.7984,-1,-1,-1
569,135,1637.62,397.43,276.88,677.69,0.8828,-1,-1,-1
569,137,1229.79,444.00,38.39,109.14,0.6441,-1,-1,-1
569,139,1114.76,431.44,38.33,146.06,0.5643,-1,-1,-1
569,145,667.85,456.86,28.09,94.01,0.6286,-1,-1,-1
569,150,699.59,468.65,20.11,66.51,0.3879,-1,-1,-1
570,66,719.21,449.62,33.94,97.09,0.8091,-1,-1,-1
570,97,1143.38,434.42,113.18,281.10,0.8361,-1,-1,-1
570,99,585.38,452.08,29.63,88.05,0.7427,-1,-1,-1
570,103,1012.98,417.65,125.51,281.64,0.7685,-1,-1,-1
570,110,1801.24,404.19,126.63,623.08,0.5541,-1,-1,-1
570,115,549.24,450.96,32.14,89.38,0.6335,-1,-1,-1
570,123,948.41,430.71,77.41,243.73,0.7909,-1,-1,-1
570,126,1002.74,453.32,32.93,69.89,0.3554,-1,-1,-1
570,133,417.79,460.31,41.98,112.38,0.4310,-1,-1,-1
570,134,637.29,451.25,34.69,110.02,0.8026,-1,-1,-1
570,135,1647.35,396.48,263.92,678.59,0.8705,-1,-1,-1
570,137,1234.04,443.79,36.19,109.00,0.5708,-1,-1,-1
570,139,1115.83,430.49,37.74,145.52,0.6468,-1,-1,-1
570,145,667.25,456.51,28.36,95.05,0.6053,-1,-1,-1
570,150,698.80,469.32,20.45,65.50,0.3679,-1,-1,-1
571,66,719.00,449.25,34.23,97.46,0.8068,-1,-1,-1
571,97,1147.60,433.65,119.29,281.64,0.8469,-1,-1,-1
571,99,584.82,452.17,29.98,88.51,0.7233,-1,-1,-1
571,103,1013.30,415.76,127.01,281.85,0.8165,-1,-1,-1
571,110,1807.12,385.85,120.72,583.78,0.5182,-1,-1,-1
571,115,549.37,451.15,32.00,89.23,0.6407,-1,-1,-1
571,121,378.98,466.54,48.89,110.20,0.4427,-1,-1,-1
571,123,948.00,430.62,79.60,244.38,0.7645,-1,-1,-1
571,133,417.90,459.92,41.01,112.03,0.4844,-1,-1,-1
571,134,636.84,451.93,34.85,109.70,0.7852,-1,-1,-1
571,135,1657.18,396.51,257.23,678.96,0.8844,-1,-1,-1
571,137,1236.48,446.33,34.61,107.49,0.5568,-1,-1,-1
571,139,1115.06,429.86,38.99,145.49,0.6477,-1,-1,-1
571,145,666.92,455.57,28.75,96.23,0.6699,-1,-1,-1
571,150,696.34,469.25,21.05,64.16,0.3866,-1,-1,-1
572,66,719.01,448.89,34.47,98.27,0.8156,-1,-1,-1
572,97,1153.40,434.42,122.26,280.95,0.8494,-1,-1,-1
572,99,583.99,451.57,30.62,89.05,0.7349,-1,-1,-1
572,103,1013.89,417.13,127.33,281.22,0.7849,-1,-1,-1
572,110,1813.67,386.36,114.54,546.50,0.6685,-1,-1,-1
572,115,548.96,450.94,32.26,89.44,0.6587,-1,-1,-1
572,123,948.66,431.37,81.10,243.67,0.7538,-1,-1,-1
572,133,418.38,459.38,40.02,112.04,0.5004,-1,-1,-1
572,134,636.68,452.71,34.58,109.58,0.7941,-1,-1,-1
572,135,1663.42,396.10,251.09,679.55,0.8550,-1,-1,-1
572,137,1238.37,444.98,33.44,108.25,0.4604,-1,-1,-1
572,139,1114.14,429.64,39.61,145.92,0.6774,-1,-1,-1
572,145,666.72,455.00,29.07,97.21,0.6913,-1,-1,-1
573,66,719.29,448.95,35.00,98.85,0.7951,-1,-1,-1
573,97,1157.32,434.57,124.70,280.39,0.8351,-1,-1,-1
573,99,584.54,451.44,30.97,89.46,0.7418,-1,-1,-1
573,103,1016.22,418.26,126.52,281.23,0.8151,-1,-1,-1
573,110,1822.14,391.88,106.98,518.95,0.4865,-1,-1,-1
573,115,549.31,453.53,32.62,88.03,0.6644,-1,-1,-1
573,121,378.49,466.47,47.11,110.06,0.3799,-1,-1,-1
573,123,947.51,431.41,84.88,243.40,0.7114,-1,-1,-1
573,133,418.66,458.94,39.14,112.18,0.4976,-1,-1,-1
573,134,636.42,453.10,34.10,108.95,0.7740,-1,-1,-1
573,135,1670.12,396.25,249.49,680.51,0.8857,-1,-1,-1
573,137,1240.48,443.16,32.39,109.26,0.4416,-1,-1,-1
573,139,1114.49,429.31,39.24,146.23,0.6890,-1,-1,-1
573,141,1152.38,438.49,84.59,269.55,0.4893,-1,-1,-1
573,145,666.74,454.91,29.66,98.04,0.6864,-1,-1,-1
574,66,719.40,448.83,35.24,99.05,0.7801,-1,-1,-1
574,97,1159.80,434.04,126.61,280.60,0.8344,-1,-1,-1
574,99,583.67,452.44,31.56,89.28,0.7612,-1,-1,-1
574,103,1020.18,417.65,123.95,281.65,0.8566,-1,-1,-1
574,115,550.88,456.36,32.06,85.99,0.7046,-1,-1,-1
574,121,378.69,466.33,46.17,110.20,0.4947,-1,-1,-1
574,123,943.19,431.18,91.24,243.20,0.6578,-1,-1,-1
574,133,419.56,459.98,38.56,111.39,0.5046,-1,-1,-1
574,134,636.51,452.96,33.76,108.24,0.7904,-1,-1,-1
574,135,1672.75,396.41,248.84,681.60,0.8817,-1,-1,-1
574,137,1242.39,441.77,31.56,109.08,0.4514,-1,-1,-1
574,139,1115.91,429.32,38.51,146.31,0.6531,-1,-1,-1
574,145,666.78,454.70,30.14,98.79,0.6906,-1,-1,-1
575,66,719.53,449.09,35.58,99.47,0.7970,-1,-1,-1
575,97,1161.66,436.58,127.71,279.13,0.8162,-1,-1,-1
575,99,583.85,453.13,31.74,88.46,0.7239,-1,-1,-1
575,103,1026.01,418.16,119.97,281.10,0.8043,-1,-1,-1
575,115,552.11,456.68,31.66,85.16,0.6686,-1,-1,-1
575,121,377.64,467.35,46.75,108.94,0.3591,-1,-1,-1
575,123,950.50,431.82,92.94,243.39,0.7137,-1,-1,-1
575,133,418.07,460.94,39.19,110.96,0.4583,-1,-1,-1
575,134,636.83,453.02,33.43,107.48,0.8161,-1,-1,-1
575,135,1673.40,397.03,248.71,680.92,0.8823,-1,-1,-1
575,139,1116.25,427.58,38.08,147.54,0.6019,-1,-1,-1
575,145,667.01,455.26,30.57,99.23,0.6970,-1,-1,-1
575,150,697.02,468.63,22.20,65.88,0.3796,-1,-1,-1
576,66,720.57,449.24,35.66,99.81,0.7896,-1,-1,-1
576,97,1162.62,437.96,130.29,277.96,0.8339,-1,-1,-1
576,99,584.77,453.66,31.75,88.02,0.7371,-1,-1,-1
576,103,1032.30,416.75,115.82,281.34,0.7891,-1,-1,-1
576,115,552.83,458.78,30.78,83.75,0.6217,-1,-1,-1
576,123,956.77,432.39,95.82,243.86,0.7821,-1,-1,-1
576,133,417.93,459.41,39.48,112.04,0.5057,-1,-1,-1
576,134,636.88,453.20,33.42,106.91,0.7931,-1,-1,-1
576,135,1674.96,395.97,248.25,682.83,0.9066,-1,-1,-1
576,139,1117.30,425.04,37.44,149.37,0.5424,-1,-1,-1
576,145,666.92,455.25,30.92,98.90,0.6797,-1,-1,-1
576,150,697.58,468.53,22.48,66.58,0.4117,-1,-1,-1
577,66,720.90,449.49,35.87,99.92,0.7721,-1,-1,-1
577,97,1162.78,437.43,131.38,277.65,0.5363,-1,-1,-1
577,99,585.19,454.09,31.80,87.53,0.7271,-1,-1,-1
577,103,1038.80,416.04,109.44,281.56,0.7126,-1,-1,-1
577,115,553.62,459.75,30.25,82.55,0.6368,-1,-1,-1
577,121,379.15,466.89,45.21,109.30,0.3648,-1,-1,-1
577,123,961.70,434.42,101.99,248.12,0.8040,-1,-1,-1
577,133,417.35,459.66,40.09,112.21,0.4243,-1,-1,-1
577,134,636.47,452.65,32.94,106.99,0.7498,-1,-1,-1
577,135,1674.91,397.06,247.89,681.45,0.8940,-1,-1,-1
577,139,1116.41,430.33,37.41,147.56,0.3923,-1,-1,-1
577,141,1157.77,436.77,94.85,274.28,0.5515,-1,-1,-1
577,145,666.42,455.45,31.08,98.54,0.7010,-1,-1,-1
577,150,697.40,468.01,22.77,67.36,0.4166,-1,-1,-1
578,66,720.94,449.43,36.15,100.32,0.8068,-1,-1,-1
578,97,1162.01,438.41,131.39,276.69,0.3708,-1,-1,-1
578,99,585.96,454.05,31.87,87.47,0.7119,-1,-1,-1
578,103,1049.39,418.03,101.57,280.44,0.6840,-1,-1,-1
578,115,554.28,460.58,29.59,81.34,0.6709,-1,-1,-1
578,121,379.37,467.30,43.87,109.00,0.4669,-1,-1,-1
578,123,960.41,433.85,100.52,245.56,0.8254,-1,-1,-1
578,133,417.09,460.41,40.36,111.51,0.4282,-1,-1,-1
578,134,635.84,452.50,32.48,106.83,0.7284,-1,-1,-1
578,135,1673.66,397.38,248.22,680.06,0.8691,-1,-1,-1
578,139,1116.69,429.93,37.28,147.32,0.5248,-1,-1,-1
578,145,665.81,456.14,31.22,98.29,0.7177,-1,-1,-1
579,66,721.35,449.59,36.39,100.38,0.7937,-1,-1,-1
579,97,1166.72,439.57,128.95,275.60,0.5159,-1,-1,-1
579,99,586.06,454.10,31.92,87.31,0.7109,-1,-1,-1
579,103,1054.57,417.94,96.62,280.80,0.6952,-1,-1,-1
579,115,554.51,460.95,29.54,80.54,0.6652,-1,-1,-1
579,121,378.90,466.30,42.52,109.58,0.5180,-1,-1,-1
579,123,961.78,433.80,101.65,243.50,0.8358,-1,-1,-1
579,133,416.01,459.27,40.93,111.96,0.4917,-1,-1,-1
579,134,635.52,451.91,32.09,106.84,0.7540,-1,-1,-1
579,135,1673.72,398.68,248.40,678.97,0.8659,-1,-1,-1
579,139,1114.59,423.86,39.40,150.39,0.5298,-1,-1,-1
579,141,1157.81,439.41,99.97,271.23,0.5463,-1,-1,-1
579,145,665.31,456.14,31.50,98.39,0.7388,-1,-1,-1
579,150,698.99,467.03,23.91,68.03,0.3647,-1,-1,-1
580,66,721.68,449.71,36.49,100.54,0.7751,-1,-1,-1
580,97,1166.02,439.82,128.71,274.85,0.6427,-1,-1,-1
580,99,585.98,453.86,32.01,87.27,0.7055,-1,-1,-1
580,103,1063.38,418.24,89.83,280.69,0.7019,-1,-1,-1
580,115,555.11,460.21,29.61,80.67,0.7062,-1,-1,-1
580,123,963.57,433.54,103.90,241.97,0.8595,-1,-1,-1
580,133,414.42,459.68,41.93,111.76,0.3837,-1,-1,-1
580,134,635.16,451.44,31.58,107.07,0.7019,-1,-1,-1
580,135,1673.95,399.08,248.24,678.21,0.8953,-1,-1,-1
580,139,1111.82,419.29,42.17,152.49,0.4727,-1,-1,-1
580,141,1157.10,440.42,97.45,267.89,0.3817,-1,-1,-1
580,145,665.04,456.06,32.25,98.41,0.7717,-1,-1,-1
580,150,695.97,467.35,22.70,66.36,0.4183,-1,-1,-1
581,66,722.45,449.33,35.96,100.84,0.7560,-1,-1,-1
581,97,1171.97,436.73,125.59,276.10,0.8419,-1,-1,-1
581,99,586.55,453.00,32.04,87.33,0.7258,-1,-1,-1
581,103,1073.71,416.87,85.02,281.42,0.7754,-1,-1,-1
581,115,555.48,460.55,29.65,80.30,0.6607,-1,-1,-1
581,121,378.51,466.17,41.81,109.55,0.3831,-1,-1,-1
581,123,963.85,435.33,106.28,239.37,0.8692,-1,-1,-1
581,133,415.45,458.31,41.67,112.05,0.4360,-1,-1,-1
581,134,634.47,451.75,31.20,106.72,0.7322,-1,-1,-1
581,135,1673.78,400.22,248.38,676.70,0.8944,-1,-1,-1
581,141,1151.27,430.99,91.17,263.30,0.5620,-1,-1,-1
581,145,664.84,456.24,32.78,98.61,0.7706,-1,-1,-1
581,150,699.98,468.04,23.72,66.67,0.3772,-1,-1,-1
582,66,723.24,448.98,35.78,101.27,0.7440,-1,-1,-1
582,97,1178.31,435.04,122.42,277.02,0.8092,-1,-1,-1
582,99,586.62,452.34,32.17,87.44,0.7485,-1,-1,-1
582,103,1080.40,415.64,80.10,282.01,0.7254,-1,-1,-1
582,115,555.07,460.31,29.65,80.03,0.6767,-1,-1,-1
582,121,378.71,465.60,42.95,108.98,0.4959,-1,-1,-1
582,123,964.21,434.61,107.90,238.89,0.8617,-1,-1,-1
582,133,414.74,457.01,42.22,112.98,0.4131,-1,-1,-1
582,134,633.78,451.43,31.68,106.39,0.7539,-1,-1,-1
582,135,1673.65,401.96,248.45,674.86,0.9029,-1,-1,-1
582,141,1150.27,429.51,88.45,261.99,0.5544,-1,-1,-1
582,145,664.84,455.74,33.25,98.54,0.7561,-1,-1,-1
583,66,723.14,449.16,35.71,101.20,0.7277,-1,-1,-1
583,97,1186.82,435.99,118.42,276.63,0.8200,-1,-1,-1
583,99,586.40,451.89,32.22,87.87,0.7619,-1,-1,-1
583,103,1083.69,414.74,76.91,282.96,0.7311,-1,-1,-1
583,115,554.50,457.88,30.13,81.19,0.5675,-1,-1,-1
583,123,965.60,432.02,108.61,239.84,0.8489,-1,-1,-1
583,133,414.62,456.77,42.29,113.80,0.4374,-1,-1,-1
583,134,632.61,451.21,31.68,106.50,0.7360,-1,-1,-1
583,135,1673.88,403.15,248.07,673.71,0.8939,-1,-1,-1
583,141,1154.11,428.23,84.54,259.60,0.5287,-1,-1,-1
583,145,664.29,455.60,33.55,99.57,0.7524,-1,-1,-1
584,66,723.34,448.94,35.82,101.30,0.7169,-1,-1,-1
584,97,1193.47,436.41,114.30,276.45,0.7925,-1,-1,-1
584,99,586.97,451.39,32.34,88.18,0.7615,-1,-1,-1
584,103,1086.07,414.10,75.81,283.46,0.7663,-1,-1,-1
584,115,554.56,458.20,30.45,81.23,0.5728,-1,-1,-1
584,123,967.63,433.59,108.16,239.30,0.8604,-1,-1,-1
584,133,413.97,455.80,42.63,114.93,0.4430,-1,-1,-1
584,134,632.06,451.81,31.84,106.32,0.7397,-1,-1,-1
584,135,1675.59,403.06,246.83,674.04,0.8904,-1,-1,-1
584,141,1156.46,427.42,83.80,256.08,0.6707,-1,-1,-1
584,145,663.96,454.95,33.74,100.70,0.7295,-1,-1,-1
585,66,723.47,448.20,36.21,101.75,0.6950,-1,-1,-1
585,97,1200.61,437.82,110.92,276.69,0.8108,-1,-1,-1
585,99,587.04,451.06,32.63,88.78,0.7844,-1,-1,-1
585,103,1088.50,413.56,73.84,284.36,0.7516,-1,-1,-1
585,115,552.52,455.27,31.31,83.12,0.5802,-1,-1,-1
585,123,969.57,430.76,107.43,240.69,0.8439,-1,-1,-1
585,133,414.53,454.15,42.55,116.11,0.3930,-1,-1,-1
585,134,631.55,452.51,31.88,105.83,0.7430,-1,-1,-1
585,135,1678.46,399.31,244.72,676.34,0.8744,-1,-1,-1
585,141,1158.77,428.62,82.01,252.98,0.6037,-1,-1,-1
585,145,663.88,455.29,34.29,100.98,0.7631,-1,-1,-1
586,66,724.40,447.53,36.07,102.81,0.7111,-1,-1,-1
586,97,1205.00,437.31,109.41,277.24,0.7995,-1,-1,-1
586,99,587.15,451.14,32.82,88.81,0.7768,-1,-1,-1
586,103,1090.75,413.75,72.25,284.84,0.7769,-1,-1,-1
586,115,553.83,457.55,30.78,82.18,0.5551,-1,-1,-1
586,123,974.60,432.18,104.46,239.37,0.8417,-1,-1,-1
586,133,414.13,452.20,43.12,117.70,0.3865,-1,-1,-1
586,134,629.77,452.64,32.11,105.68,0.7256,-1,-1,-1
586,135,1682.09,399.15,241.87,676.98,0.8700,-1,-1,-1
586,141,1163.78,432.17,78.70,248.41,0.7017,-1,-1,-1
586,145,663.87,455.97,34.87,101.06,0.7614,-1,-1,-1
587,66,725.39,447.62,35.90,103.60,0.7564,-1,-1,-1
587,97,1215.17,437.50,104.65,277.38,0.7520,-1,-1,-1
587,99,587.09,451.13,33.03,89.00,0.7826,-1,-1,-1
587,103,1092.48,413.30,72.45,285.40,0.7874,-1,-1,-1
587,115,554.84,459.75,30.37,80.80,0.5193,-1,-1,-1
587,123,979.82,432.15,100.84,238.70,0.8741,-1,-1,-1
587,134,628.89,452.28,32.50,105.90,0.7402,-1,-1,-1
587,135,1684.57,393.48,239.63,680.74,0.8488,-1,-1,-1
587,141,1168.76,432.64,75.59,246.25,0.7173,-1,-1,-1
587,145,664.02,455.90,35.17,101.46,0.7785,-1,-1,-1
587,160,1162.70,438.98,29.68,101.55,0.4450,-1,-1,-1
588,66,725.70,447.77,35.61,104.12,0.7543,-1,-1,-1
588,97,1217.05,436.44,104.33,277.31,0.7599,-1,-1,-1
588,99,586.92,452.07,33.15,89.23,0.7704,-1,-1,-1
588,103,1097.81,412.02,78.48,287.01,0.7907,-1,-1,-1
588,115,554.90,461.30,29.99,79.64,0.5869,-1,-1,-1
588,123,985.79,433.82,97.16,236.90,0.8145,-1,-1,-1
588,134,626.28,452.43,33.88,105.16,0.7591,-1,-1,-1
588,135,1687.58,387.41,236.96,685.09,0.8324,-1,-1,-1
588,141,1174.01,431.15,72.03,245.41,0.7207,-1,-1,-1
588,145,663.93,455.35,35.73,102.31,0.7828,-1,-1,-1
589,66,725.75,447.49,35.57,105.06,0.7620,-1,-1,-1
589,97,1220.89,436.44,103.71,277.11,0.7573,-1,-1,-1
589,99,586.58,453.38,33.28,89.10,0.7679,-1,-1,-1
589,103,1098.83,410.68,82.02,288.26,0.8100,-1,-1,-1
589,115,554.77,462.17,29.64,78.71,0.6187,-1,-1,-1
589,123,992.33,433.62,92.90,236.22,0.8221,-1,-1,-1
589,134,625.22,452.54,34.81,104.13,0.7982,-1,-1,-1
589,135,1702.25,390.81,227.20,684.18,0.6425,-1,-1,-1
589,141,1180.44,430.66,68.27,245.40,0.6627,-1,-1,-1
589,145,663.98,455.47,36.10,103.05,0.7794,-1,-1,-1
589,150,702.99,472.41,25.16,64.05,0.3701,-1,-1,-1
590,66,726.12,447.63,35.97,105.71,0.7756,-1,-1,-1
590,97,1227.93,437.44,99.75,276.08,0.7629,-1,-1,-1
590,99,585.84,453.81,33.68,89.45,0.7326,-1,-1,-1
590,103,1098.50,412.33,86.97,287.20,0.8355,-1,-1,-1
590,115,554.67,462.83,29.11,77.99,0.6311,-1,-1,-1
590,123,999.28,434.65,88.98,235.09,0.7301,-1,-1,-1
590,133,409.98,452.32,45.47,119.63,0.3873,-1,-1,-1
590,134,624.77,452.39,35.51,104.15,0.8030,-1,-1,-1
590,135,1708.01,436.39,221.19,657.79,0.4480,-1,-1,-1
590,141,1183.40,435.05,65.88,243.73,0.6842,-1,-1,-1
590,145,663.35,455.51,36.57,103.36,0.7919,-1,-1,-1
590,150,702.68,472.65,26.03,63.58,0.4738,-1,-1,-1
591,66,726.07,447.99,36.18,105.60,0.7395,-1,-1,-1
591,97,1229.33,440.57,100.27,273.69,0.7845,-1,-1,-1
591,99,585.16,453.10,32.95,89.75,0.7206,-1,-1,-1
591,103,1098.19,412.70,93.01,286.77,0.8676,-1,-1,-1
591,115,554.47,463.52,28.19,77.53,0.6331,-1,-1,-1
591,123,1003.96,434.37,86.60,234.73,0.7478,-1,-1,-1
591,134,625.19,452.41,35.80,104.19,0.7964,-1,-1,-1
591,141,1185.68,443.09,65.10,238.45,0.6095,-1,-1,-1
591,145,662.54,455.43,37.17,103.72,0.7936,-1,-1,-1
591,150,702.74,473.06,26.11,63.10,0.5356,-1,-1,-1
592,66,725.70,448.50,36.13,105.53,0.7619,-1,-1,-1
592,97,1232.74,442.61,101.08,271.79,0.7813,-1,-1,-1
592,99,585.66,453.39,32.45,89.61,0.7154,-1,-1,-1
592,103,1097.52,413.81,96.91,286.11,0.8636,-1,-1,-1
592,115,554.92,463.47,27.67,77.13,0.5989,-1,-1,-1
592,123,1010.09,434.95,84.19,233.80,0.7832,-1,-1,-1
592,134,625.38,452.64,36.27,104.30,0.7771,-1,-1,-1
592,135,1735.00,431.84,201.99,654.12,0.4236,-1,-1,-1
592,141,1188.08,440.11,64.56,238.54,0.6002,-1,-1,-1
592,145,661.99,454.63,37.87,104.33,0.8016,-1,-1,-1
592,150,702.75,472.68,26.03,63.26,0.5118,-1,-1,-1
593,66,725.91,449.16,35.92,105.13,0.7354,-1,-1,-1
593,97,1242.72,442.48,100.31,271.21,0.7708,-1,-1,-1
593,99,585.82,452.43,31.89,90.01,0.6873,-1,-1,-1
593,103,1096.93,413.88,98.05,285.78,0.8488,-1,-1,-1
593,115,554.80,463.24,27.55,77.19,0.6686,-1,-1,-1
593,121,381.52,468.06,43.20,108.68,0.5286,-1,-1,-1
593,123,1018.83,434.85,80.90,233.28,0.7223,-1,-1,-1
593,134,625.31,452.46,36.74,104.32,0.7877,-1,-1,-1
593,141,1192.04,438.55,64.15,238.70,0.6295,-1,-1,-1
593,145,661.62,454.67,38.21,104.33,0.8266,-1,-1,-1
593,150,702.70,472.40,26.13,63.49,0.5530,-1,-1,-1
594,66,725.78,449.32,35.59,104.69,0.7395,-1,-1,-1
594,97,1247.05,440.40,100.91,271.85,0.8242,-1,-1,-1
594,99,585.11,451.17,32.07,90.98,0.7174,-1,-1,-1
594,103,1097.88,414.29,99.51,285.48,0.8447,-1,-1,-1
594,115,554.83,461.56,27.78,78.25,0.7000,-1,-1,-1
594,121,381.27,467.40,43.51,109.13,0.4626,-1,-1,-1
594,123,1018.22,435.20,80.69,232.07,0.6312,-1,-1,-1
594,134,625.16,452.20,37.11,104.11,0.7475,-1,-1,-1
594,141,1194.04,435.88,64.50,240.01,0.7344,-1,-1,-1
594,145,661.05,454.66,38.37,104.51,0.8423,-1,-1,-1
594,150,702.15,472.90,26.25,63.27,0.5718,-1,-1,-1
595,66,725.95,449.41,35.66,105.17,0.7309,-1,-1,-1
595,97,1249.91,438.67,100.78,272.98,0.8619,-1,-1,-1
595,99,585.07,450.61,31.84,91.39,0.6979,-1,-1,-1
595,103,1098.68,414.96,100.32,285.24,0.8653,-1,-1,-1
595,115,554.78,460.79,28.39,79.22,0.6906,-1,-1,-1
595,121,380.56,465.36,44.01,111.10,0.4178,-1,-1,-1
595,123,1019.41,435.44,80.62,230.99,0.6956,-1,-1,-1
595,134,625.11,452.27,36.93,103.73,0.7588,-1,-1,-1
595,141,1195.57,436.41,65.06,240.09,0.7099,-1,-1,-1
595,145,660.73,454.36,38.28,104.69,0.8214,-1,-1,-1
595,150,701.42,472.95,26.64,63.32,0.5916,-1,-1,-1
596,66,726.22,449.33,35.80,105.81,0.7311,-1,-1,-1
596,97,1252.18,436.29,101.56,274.51,0.8701,-1,-1,-1
596,99,584.75,449.99,31.88,91.83,0.7286,-1,-1,-1
596,103,1098.96,415.34,100.63,284.08,0.8722,-1,-1,-1
596,115,554.57,461.35,28.38,79.37,0.7206,-1,-1,-1
596,121,380.85,464.78,44.13,111.85,0.4601,-1,-1,-1
596,123,1022.42,435.96,81.14,230.35,0.7255,-1,-1,-1
596,134,624.75,453.01,36.84,103.26,0.7699,-1,-1,-1
596,141,1197.34,438.27,66.87,238.97,0.8118,-1,-1,-1
596,145,660.69,454.23,38.21,104.84,0.8242,-1,-1,-1
596,150,700.89,471.82,27.24,64.08,0.5804,-1,-1,-1
597,66,726.11,449.05,35.85,106.32,0.7594,-1,-1,-1
597,97,1253.00,435.39,102.84,275.58,0.8752,-1,-1,-1
597,99,583.87,450.22,32.14,91.95,0.7126,-1,-1,-1
597,103,1099.38,415.27,100.65,283.53,0.8638,-1,-1,-1
597,115,554.36,462.00,27.81,79.38,0.7144,-1,-1,-1
597,121,381.36,464.93,43.81,111.93,0.5706,-1,-1,-1
597,123,1029.81,434.24,79.64,231.17,0.7770,-1,-1,-1
597,133,415.43,450.96,41.60,118.93,0.4455,-1,-1,-1
597,134,625.39,453.57,36.66,102.80,0.7761,-1,-1,-1
597,141,1198.06,439.26,68.50,238.45,0.8086,-1,-1,-1
597,145,660.89,453.83,37.93,105.13,0.8150,-1,-1,-1
597,150,700.92,470.96,27.32,64.58,0.5037,-1,-1,-1
598,66,725.61,449.07,35.85,106.90,0.7284,-1,-1,-1
598,97,1253.32,434.05,104.14,276.97,0.8670,-1,-1,-1
598,99,583.43,449.87,32.56,92.34,0.7086,-1,-1,-1
598,103,1101.03,415.29,100.70,283.47,0.8629,-1,-1,-1
598,115,553.58,458.87,27.85,81.19,0.6198,-1,-1,-1
598,121,381.69,465.00,43.48,111.84,0.5653,-1,-1,-1
598,123,1032.18,434.50,81.47,231.98,0.7367,-1,-1,-1
598,133,416.05,450.39,40.44,118.33,0.3778,-1,-1,-1
598,134,624.87,453.74,36.86,102.40,0.7889,-1,-1,-1
598,141,1199.04,436.80,70.45,240.78,0.8228,-1,-1,-1
598,145,660.79,453.37,37.75,105.59,0.7933,-1,-1,-1
598,150,701.33,471.99,27.19,64.17,0.5154,-1,-1,-1
599,66,725.58,448.89,36.22,106.99,0.7491,-1,-1,-1
599,97,1253.16,435.42,105.15,276.54,0.8647,-1,-1,-1
599,99,584.21,448.78,32.44,93.05,0.6933,-1,-1,-1
599,103,1103.92,415.58,99.70,282.95,0.8575,-1,-1,-1
599,115,554.08,458.52,28.07,81.66,0.5984,-1,-1,-1
599,121,380.92,464.45,43.64,112.45,0.5063,-1,-1,-1
599,123,1031.97,435.47,83.92,231.94,0.7693,-1,-1,-1
599,133,416.08,450.67,40.02,117.93,0.3770,-1,-1,-1
599,134,624.82,454.24,36.49,101.83,0.7711,-1,-1,-1
599,141,1198.91,435.88,72.32,242.73,0.8204,-1,-1,-1
599,145,661.03,452.97,37.47,106.07,0.7967,-1,-1,-1
599,150,700.89,472.90,27.22,63.56,0.5192,-1,-1,-1
599,153,1849.09,510.95,55.19,145.95,0.3553,-1,-1,-1
600,66,725.05,448.87,36.16,106.95,0.7655,-1,-1,-1
600,97,1256.87,434.14,104.74,277.29,0.8420,-1,-1,-1
600,99,584.35,448.65,32.22,93.31,0.6818,-1,-1,-1
600,103,1110.42,415.07,97.03,281.42,0.8246,-1,-1,-1
600,115,554.63,460.98,27.73,80.52,0.6065,-1,-1,-1
600,121,380.64,465.71,43.08,111.83,0.6540,-1,-1,-1
600,123,1030.31,435.32,89.92,232.93,0.7684,-1,-1,-1
600,133,415.63,451.98,39.98,117.44,0.3787,-1,-1,-1
600,134,624.92,454.56,36.23,101.42,0.7917,-1,-1,-1
600,141,1199.00,435.45,74.26,244.17,0.8086,-1,-1,-1
600,145,660.94,452.65,36.92,106.47,0.7903,-1,-1,-1
600,150,699.87,472.32,27.72,63.64,0.4787,-1,-1,-1
